-2.2951e-18,2.39619e-35,-1.59947e-17,1.49999,2,4.01177,0.419334,-3.9898,0.0534944,-0.508978,0,0,0.419334,-3.9898,0.794391,-4.08685,2.01177,0,-0.66667
0.00427399,-0.000174383,-0.0613336,1.49999,2,4.0106,0.387676,-3.99241,0.053087,-0.508448,0,0,0.387676,-3.99241,0.759635,-4.08142,2.0106,0,-0.66667
0.0184523,-0.00157642,-0.128001,1.49999,2,4.00798,0.414154,-3.98998,0.0686056,-0.507087,0,0,0.414154,-3.98998,0.787511,-4.085,2.00798,0,-0.66667
0.042374,-0.00552593,-0.194668,1.49999,2,4.00307,0.51956,-3.98005,0.102344,-0.505018,0,0,0.51956,-3.98005,0.909676,-4.1404,2.00307,0,-0.66667
0.0757189,-0.0133202,-0.261335,1.49999,2,3.99053,0.494676,-3.98179,0.127219,-0.501142,0,0,0.494676,-3.98179,0.865845,-4.06816,1.99053,0,-0.66667
0.118038,-0.0262221,-0.328002,1.49999,2,3.97313,0.547598,-3.97606,0.169191,-0.496585,0,0,0.547598,-3.97606,0.925104,-4.09969,1.97313,0,-0.66667
0.168756,-0.0454492,-0.394669,1.49999,2,3.94995,0.539586,-3.97795,0.210998,-0.493417,0,0,0.539586,-3.97795,0.907247,-4.07432,1.94995,0,-0.66667
0.227176,-0.072162,-0.461336,1.49999,2,3.91668,0.607149,-3.97036,0.2676,-0.48688,0,0,0.607149,-3.97036,0.97311,-4.07066,1.91668,0,-0.66667
0.292487,-0.107454,-0.528003,1.49999,2,3.8765,0.613326,-3.97066,0.323649,-0.482672,0,0,0.613326,-3.97066,0.971821,-4.06197,1.8765,0,-0.66667
0.363766,-0.15234,-0.59467,1.49999,2,3.82394,0.692243,-3.96215,0.391593,-0.475092,0,0,0.692243,-3.96215,1.05364,-4.09386,1.82394,0,-0.66667
0.439986,-0.20775,-0.661337,1.49999,2,3.76243,0.709518,-3.96052,0.458787,-0.469516,0,0,0.709518,-3.96052,1.06271,-4.09205,1.76243,0,-0.66667
0.516776,-0.271734,-0.728004,1.49999,2,3.69571,0.728764,-3.96136,0.528003,-0.467133,0,0,0.728764,-3.96136,1.07142,-4.0791,1.69571,0,-0.66667
0.589154,-0.34071,-0.794671,1.49999,2,3.62193,0.745156,-3.95928,0.594406,-0.462532,0,0,0.745156,-3.95928,1.07525,-4.04867,1.62193,0,-0.66667
0.656777,-0.414355,-0.861338,1.49999,2,3.5476,0.820727,-3.95817,0.658977,-0.461914,0,0,0.820727,-3.95817,0.440042,-4.1157,1.5476,0,-0.66667
0.719342,-0.492341,-0.928005,1.49999,2,3.46679,0.829997,-3.95736,0.718283,-0.459151,0,0,0.829997,-3.95736,1.146,-4.05503,1.46679,1,-0.66667
0.776574,-0.574321,-0.994672,1.49999,2,3.38386,0.836184,-3.95766,0.774528,-0.458209,0,0,0.836184,-3.95766,1.14347,-4.05958,1.38386,1,-0.66667
0.828217,-0.659932,-1.06134,1.49999,2,3.29834,0.839133,-3.95826,0.82755,-0.458285,0,0,0.839133,-3.95826,1.13462,-4.03352,1.29834,1,-0.66667
0.874043,-0.748794,-1.12801,1.49999,2,3.21011,0.894766,-3.95884,0.872171,-0.458916,0,0,0.894766,-3.95884,1.18389,-4.04511,1.21011,1,-0.66667
0.913847,-0.84051,-1.19467,1.49999,2,3.11926,0.943797,-3.95962,0.910191,-0.459793,0,0,0.943797,-3.95962,1.22681,-4.06124,1.11926,1,-0.66667
0.947452,-0.934675,-1.26134,1.49999,2,3.02555,0.986021,-3.95997,0.941404,-0.460267,0,0,0.986021,-3.95997,1.25927,-4.04203,1.02555,1,-0.66667
0.97471,-1.03087,-1.32801,1.49999,2,2.92986,1.02128,-3.96036,0.965648,-0.460814,0,0,1.02128,-3.96036,0.705967,-4.04842,0.929865,1,-0.66667
0.995499,-1.12867,-1.39467,1.49999,2,2.83304,0.999995,-3.9617,0.99444,-0.46171,0,0,0.999995,-3.9617,1.25231,-4.01133,0.833036,1,-0.66667
1.00973,-1.22763,-1.46134,1.49999,2,2.73455,1.07039,-3.9615,0.992745,-0.462372,0,0,1.07039,-3.9615,0.77883,-4.01889,0.734546,1,-0.66667
1.01733,-1.32732,-1.52801,1.49999,2,2.63629,1.0381,-3.96353,1.01052,-0.463649,0,0,1.0381,-3.96353,1.2729,-4.00533,0.636293,1,-0.66667
1.01828,-1.4273,-1.59467,1.49999,2,2.53716,1.09052,-3.96343,0.990858,-0.464855,0,0,1.09052,-3.96343,0.819963,-4.02339,0.537158,1,-0.66667
1.01256,-1.52712,-1.66134,1.49999,2,2.43868,1.08967,-3.96458,0.979,-0.466336,0,0,1.08967,-3.96458,1.3107,-4.02296,0.438682,1,-0.66667
1.0002,-1.62633,-1.72801,1.49999,2,2.34136,1.0816,-3.96628,0.959925,-0.468398,0,0,1.0816,-3.96628,1.29242,-4.00891,0.341359,1,-0.66667
0.981268,-1.7245,-1.79468,1.49999,2,2.24551,1.10554,-3.96658,0.911842,-0.471949,0,0,1.10554,-3.96658,1.30861,-4.00388,0.245515,1,-0.66667
0.955834,-1.8212,-1.86134,1.49999,2,2.15212,1.11917,-3.96711,0.853535,-0.477212,0.853535,-0.477212,1.11917,-3.96711,1.31295,-3.98946,0.15212,2,-0.66667
0.924016,-1.91598,-1.92801,1.49999,2,2.06107,1.08691,-3.97061,0.810292,-0.481562,0.853535,-0.477212,1.08691,-3.97061,1.26965,-3.97414,0.061074,1,-0.66667
0.885953,-2.00843,-1.99468,1.49999,2,1.97446,1.11677,-3.96935,0.707616,-0.493355,0.707616,-0.493355,1.11677,-3.96935,1.29448,-3.97885,-0.025544,2,-0.66667
0.841816,-2.09814,-2.06134,1.49999,2,1.89025,1.10141,-3.97049,0.620746,-0.503658,0.707616,-0.493355,1.10141,-3.97049,1.26995,-3.96842,-0.109746,1,-0.66667
0.791801,-2.18472,-2.12801,1.49999,2,1.81332,1.10898,-3.97008,0.496773,-0.524045,0.496773,-0.524045,1.10898,-3.97008,1.27149,-3.96575,-0.186682,2,-0.66667
0.73613,-2.26776,-2.19468,1.49999,2,1.74341,1.10616,-3.97146,0.363301,-0.551207,0.496773,-0.524045,1.10616,-3.97146,1.26123,-3.95844,-0.256587,1,-0.66667
0.67505,-2.34692,-2.26134,1.49999,2,1.68062,1.12232,-3.96693,0.190853,-0.593161,0.190853,-0.593161,1.12232,-3.96693,0.956128,-4.03848,-0.319381,2,-0.66667
0.608832,-2.42183,-2.32801,1.49999,2,1.62849,1.10163,-3.97397,0.0424915,-0.638075,0.190853,-0.593161,1.10163,-3.97397,1.24633,-3.95222,-0.375838,2,-0.66667
0.537772,-2.49216,-2.39468,1.49999,2,1.58424,1.07428,-3.98279,-0.111006,-0.689607,0.190853,-0.593161,1.07428,-3.98279,1.21317,-3.95421,-0.415763,1,-0.66667
0.462183,-2.5576,-2.46135,1.49999,2,1.55053,1.06741,-3.98514,-0.298752,-0.762788,-0.298752,-0.762788,1.06741,-3.98514,1.2021,-3.95064,-0.449466,2,-0.66667
0.382403,-2.61787,-2.52801,1.49999,2,1.52987,1.08064,-3.9791,-0.516772,-0.864906,-0.298752,-0.762788,1.08064,-3.9791,0.945675,-4.07343,-0.470131,1,-0.66667
0.298786,-2.67268,-2.59468,1.49999,2,1.52279,1.06789,-3.98697,-0.699829,-0.966193,-0.699829,-0.966193,1.06789,-3.98697,0.937713,-4.0854,-0.47721,2,-0.66667
0.211703,-2.7218,-2.66135,1.49999,2,1.5255,1.00913,-4.02228,-0.820437,-1.03855,-0.699829,-0.966193,1.00913,-4.02228,1.12692,-3.95793,-0.474505,1,-0.66667
0.121541,-2.76501,-2.72801,1.49999,2,1.54027,1.02027,-4.0159,-1.02193,-1.17348,-1.02193,-1.17348,1.02027,-4.0159,1.14348,-3.95329,-0.459725,2,-0.66667
0.0287009,-2.80212,-2.79468,1.49999,2,1.5683,1.01303,-4.02304,-1.18371,-1.29829,-1.02193,-1.17348,1.01303,-4.02304,1.13536,-3.95305,-0.431698,1,0.66667
-0.064379,-2.83862,-2.73468,1.49999,2,1.60271,1.01456,-4.02377,-1.34162,-1.43565,-1.34162,-1.43565,1.01456,-4.02377,1.13686,-3.94654,-0.397293,2,0.66667
-0.154827,-2.88123,-2.66801,1.49999,2,1.63387,0.962258,-4.07356,-1.43071,-1.51941,-1.34162,-1.43565,0.962258,-4.07356,1.07564,-3.98395,-0.366133,1,0.66667
-0.242235,-2.92977,-2.60135,1.49999,2,1.66214,0.952473,-4.08535,-1.56324,-1.65202,-1.56324,-1.65202,0.952473,-4.08535,1.07087,-3.99486,-0.337862,2,0.66667
-0.326216,-2.98402,-2.53468,1.49999,2,1.68658,0.942279,-4.09555,-1.6901,-1.78892,-1.56324,-1.65202,0.942279,-4.09555,1.06049,-3.99993,-0.313416,1,-0.66667
-0.409913,-3.03872,-2.59601,1.49999,2,1.71628,0.928763,-4.11276,-1.80118,-1.92248,-1.80118,-1.92248,0.928763,-4.11276,0.833267,-4.2707,-0.283718,2,0.66667
-0.493957,-3.09287,-2.53601,1.49999,2,1.75062,0.916866,-4.12934,-1.90377,-2.05715,-1.80118,-1.92248,0.916866,-4.12934,1.03398,-4.02198,-0.249377,1,0.66667
-0.574217,-3.15249,-2.46935,1.49999,2,1.78091,0.875952,-4.18625,-1.97404,-2.15463,-1.97404,-2.15463,0.875952,-4.18625,0.981089,-4.06803,-0.21909,2,0.66667
-0.650326,-3.21733,-2.40268,1.49999,2,1.80974,0.873214,-4.19406,-2.07327,-2.30509,-1.97404,-2.15463,0.873214,-4.19406,0.985243,-4.07469,-0.190257,1,0.66667
-0.721947,-3.28709,-2.33601,1.49999,2,1.83421,0.869024,-4.19986,-2.16682,-2.45814,-2.16682,-2.45814,0.869024,-4.19986,0.796797,-4.38421,-0.165786,2,-0.66667
-0.793114,-3.35732,-2.39601,1.49999,2,1.86169,0.846349,-4.2394,-2.23585,-2.58108,-2.16682,-2.45814,0.846349,-4.2394,0.782148,-4.43114,-0.138307,1,-0.66667
-0.868789,-3.42266,-2.46268,1.49999,2,1.89918,0.836709,-4.25822,-2.30635,-2.71837,-2.30635,-2.71837,0.836709,-4.25822,0.943886,-4.12216,-0.100819,2,0.66667
-0.944888,-3.48751,-2.40268,1.49999,2,1.94074,0.818806,-4.29736,-2.3619,-2.83685,-2.30635,-2.71837,0.818806,-4.29736,0.909226,-4.15004,-0.0592605,1,0.66667
-1.01651,-3.55727,-2.33601,1.49999,2,1.98006,0.821388,-4.294,-2.42731,-2.99174,-2.42731,-2.99174,0.821388,-4.294,0.9166,-4.14252,-0.0199382,2,0.66667
-1.08332,-3.63165,-2.26934,1.49999,2,2.01726,0.811986,-4.32238,-2.47643,-3.12394,-2.42731,-2.99174,0.811986,-4.32238,0.904475,-4.16517,0.0172551,1,0.66667
-1.14504,-3.71031,-2.20268,1.49999,2,2.05249,0.815616,-4.3174,-2.52777,-3.28217,-2.52777,-3.28217,0.815616,-4.3174,0.778205,-4.53478,0.0524876,2,0.66667
-1.20137,-3.79291,-2.13601,1.49999,2,2.08435,0.798335,-4.38087,-2.55952,-3.39358,-2.52777,-3.28217,0.798335,-4.38087,0.890567,-4.21413,0.0843499,1,0.66667
-1.25208,-3.87908,-2.06934,1.49999,2,2.11117,0.781673,-4.44557,-2.58997,-3.50642,-2.58997,-3.50642,0.781673,-4.44557,0.852549,-4.27161,0.11117,2,0.66667
-1.29693,-3.96844,-2.00268,1.49999,2,2.1341,0.776058,-4.4755,-2.6237,-3.6439,-2.58997,-3.50642,0.776058,-4.4755,0.850852,-4.29882,0.134103,1,0.66667
-1.33573,-4.06058,-1.93601,1.49999,2,2.15741,0.78258,-4.46948,-2.65397,-3.80612,-2.65397,-3.80612,0.78258,-4.46948,0.777327,-4.7036,0.157413,2,0.66667
-1.36831,-4.15511,-1.86934,1.49999,2,2.17202,0.776347,-4.49884,-2.67954,-3.94495,-2.65397,-3.80612,0.776347,-4.49884,0.775383,-4.73374,0.172024,1,0.66667
-1.39451,-4.25159,-1.80268,1.49999,2,2.18616,0.774001,-4.52884,-2.69773,-4.08497,-2.65397,-3.80612,0.774001,-4.52884,0.793098,-4.76815,0.186165,1,0.66667
-1.41423,-4.34961,-1.73601,1.49999,2,2.19562,0.76277,-4.63491,-2.70755,-4.18012,-2.70755,-4.18012,0.76277,-4.63491,0.802792,-4.4451,0.195618,2,0.66667
-1.42738,-4.44872,-1.66934,1.49999,2,2.2,0.765386,-4.62694,-2.7231,-4.34342,-2.70755,-4.18012,0.765386,-4.62694,0.818186,-4.43487,0.199996,1,0.66667
-1.4339,-4.54849,-1.60267,1.49999,2,2.20194,0.765361,-4.65708,-2.73037,-4.48448,-2.73037,-4.48448,0.765361,-4.65708,0.818448,-4.46302,0.201936,2,0.66667
-1.43375,-4.64847,-1.53601,1.49999,2,2.2006,0.76651,-4.68715,-2.73294,-4.62564,-2.73037,-4.48448,0.76651,-4.68715,0.819436,-4.49119,0.2006,1,0.66667
-1.42694,-4.74822,-1.46934,1.49999,2,2.19574,0.768572,-4.71708,-2.73107,-4.76673,-2.73107,-4.76673,0.768572,-4.71708,0.803055,-4.5212,0.195738,2,0.66667
-1.41351,-4.8473,-1.40267,1.49999,2,2.18709,0.771269,-4.74684,-2.72503,-4.9076,-2.73107,-4.76673,0.771269,-4.74684,0.804926,-4.55001,0.187086,1,0.66667
-1.3935,-4.94526,-1.33601,1.49999,2,2.17278,0.775331,-4.81442,-2.71831,-5.02518,-2.71831,-5.02518,0.775331,-4.81442,0.794243,-4.62016,0.172777,2,0.66667
-1.36702,-5.04167,-1.26934,1.49999,2,2.15593,0.77979,-4.84357,-2.7054,-5.16517,-2.71831,-5.02518,0.77979,-4.84357,-0.676882,-7.96752,0.155926,1,0.66667
-1.33416,-5.1361,-1.20267,1.49999,2,2.13823,0.782781,-4.83512,-2.68237,-5.32778,-2.68237,-5.32778,0.782781,-4.83512,-0.815681,-8.04927,0.138234,2,0.66667
-1.2951,-5.22813,-1.13601,1.49999,2,2.11295,0.786317,-4.86443,-2.66144,-5.46688,-2.68237,-5.32778,0.786317,-4.86443,-0.803975,-8.03879,0.109148,2,0.66667
-1.24998,-5.31736,-1.06934,1.49999,2,2.08693,0.79336,-4.89304,-2.63353,-5.60466,-2.68237,-5.32778,0.79336,-4.89304,-0.830745,-8.04713,0.0675719,2,-0.66667
-1.20418,-5.40623,-1.12801,1.49999,2,2.06081,0.80879,-4.96476,-2.60995,-5.71453,-2.68237,-5.32778,0.80879,-4.96476,-0.776263,-7.99952,0.0197252,2,-0.66667
-1.16437,-5.49795,-1.19467,1.49999,2,2.04581,0.806555,-4.9495,-2.56532,-5.88778,-2.68237,-5.32778,0.806555,-4.9495,-0.82612,-8.04998,-0.0275064,2,-0.66667
-1.13077,-5.59211,-1.26134,1.49999,2,1.99637,0.223868,-7.05855,-2.15105,-4.48762,-2.68237,-5.32778,0.223868,-7.05855,0.789652,-4.74789,-0.0739585,2,-0.66667
-1.10351,-5.6883,-1.32801,1.49999,2,1.90986,0.221048,-7.06421,-2.20632,-4.54274,-2.68237,-5.32778,0.221048,-7.06421,0.784484,-4.73003,-0.119501,2,-0.66667
-1.08272,-5.7861,-1.39467,1.49999,2,1.82697,0.233502,-7.05313,-2.28804,-4.62583,-2.68237,-5.32778,0.233502,-7.05313,0.77118,-4.75462,-0.164014,2,-0.66667
-1.06849,-5.88506,-1.46134,1.49999,2,1.7501,0.217082,-7.07256,-2.35392,-4.69771,-2.68237,-5.32778,0.217082,-7.07256,0.767868,-4.7698,-0.207387,2,-0.66667
-1.06089,-5.98476,-1.52801,1.49999,2,1.67844,0.195242,-7.09799,-2.42413,-4.7766,-2.68237,-5.32778,0.195242,-7.09799,0.765947,-4.77782,-0.249521,2,-0.66667
-1.05995,-6.08473,-1.59467,1.49999,2,1.61487,0.206169,-7.0871,-2.53796,-4.91461,-2.68237,-5.32778,0.206169,-7.0871,0.760311,-4.78003,-0.290322,2,-0.66667
-1.06566,-6.18455,-1.66134,1.49999,2,1.56094,0.210043,-7.08406,-2.65038,-5.06715,-2.68237,-5.32778,0.210043,-7.08406,0.755965,-4.77094,-0.329703,2,-0.66667
-1.07802,-6.28377,-1.72801,1.49999,2,1.51785,0.209086,-7.08828,-2.75882,-5.23316,-2.68237,-5.32778,0.209086,-7.08828,-0.70639,-8.0333,-0.367585,2,-0.66667
-1.09695,-6.38194,-1.79468,1.49999,2,1.48543,0.178607,-7.14315,-2.82689,-5.34957,-2.68237,-5.32778,0.178607,-7.14315,-0.682229,-8.02422,-0.403895,2,-0.66667
-1.12239,-6.47863,-1.86134,1.49999,2,1.46209,0.172767,-7.15708,-2.9276,-5.53299,-2.68237,-5.32778,0.172767,-7.15708,-0.669542,-8.02196,-0.438562,2,-0.66667
-1.15421,-6.57341,-1.92801,1.49999,2,1.45169,0.17741,-7.1515,-3.0331,-5.75774,-2.68237,-5.32778,0.17741,-7.1515,-0.690302,-8.04178,-0.471525,2,-0.66667
-1.19227,-6.66587,-1.99468,1.49999,2,1.43756,-0.546046,-7.94999,-2.11938,-4.82357,-2.68237,-5.32778,-0.546046,-7.94999,0.700591,-4.72528,-0.502724,2,-0.66667
-1.2364,-6.75558,-2.06134,1.49999,2,1.37916,-0.570018,-7.96306,-2.26116,-4.89875,-2.68237,-5.32778,-0.570018,-7.96306,0.68429,-4.70354,-0.532104,2,-0.66667
-1.28642,-6.84215,-2.12801,1.49999,2,1.3287,-0.580868,-7.96804,-2.4394,-5.00227,-2.68237,-5.32778,-0.580868,-7.96804,0.672617,-4.66077,-0.559617,2,-0.66667
-1.34209,-6.9252,-2.19468,1.49999,2,1.29217,-0.577947,-7.9672,-2.64773,-5.1448,-2.68237,-5.32778,-0.577947,-7.9672,0.674621,-4.66534,-0.585215,2,-0.66667
-1.40317,-7.00435,-2.26134,1.49999,2,1.26742,-0.598113,-7.98325,-2.82129,-5.28002,-2.68237,-5.32778,-0.598113,-7.98325,-0.693136,-8.07978,-0.608857,2,-0.66667
-1.46939,-7.07926,-2.32801,1.49999,2,1.25343,-0.636964,-8.01637,-2.96137,-5.39967,-2.68237,-5.32778,-0.636964,-8.01637,-0.552111,-7.94625,-0.630504,2,-0.66667
-1.54045,-7.1496,-2.39468,1.49999,2,1.25245,-0.642635,-8.02284,-3.1516,-5.58254,-2.68237,-5.32778,-0.642635,-8.02284,-0.560562,-7.94892,-0.747552,1,-0.66667
-1.61604,-7.21504,-2.46135,1.49999,2,1.26595,-0.63256,-8.01215,-3.35161,-5.80835,-3.35161,-5.80835,-0.63256,-8.01215,-0.708231,-8.12363,-0.734055,2,-0.66667
-1.69582,-7.2753,-2.52801,1.49999,2,1.29239,-0.661564,-8.05028,-3.46249,-5.95152,-3.35161,-5.80835,-0.661564,-8.05028,-0.581919,-7.96715,-0.707611,1,-0.66667
-1.77944,-7.33011,-2.59468,1.49999,2,1.32798,-0.674161,-8.06625,-3.5872,-6.12611,-3.5872,-6.12611,-0.674161,-8.06625,-0.595807,-7.97717,-0.672022,2,0.66667
-1.86361,-7.38407,-2.53868,1.49999,2,1.37332,-0.667814,-8.0594,-3.71538,-6.33827,-3.5872,-6.12611,-0.667814,-8.0594,-1.46549,-9.03674,-0.626683,1,0.66667
-1.94403,-7.44348,-2.47201,1.49999,2,1.41523,-0.678997,-8.07795,-3.80754,-6.50883,-3.80754,-6.50883,-0.678997,-8.07795,-1.55052,-9.09986,-0.584773,2,0.66667
-2.02031,-7.50811,-2.40535,1.49999,2,1.45618,-0.709466,-8.14225,-3.86014,-6.61805,-3.80754,-6.50883,-0.709466,-8.14225,-1.53387,-9.08113,-0.54763,2,0.66667
-2.09212,-7.57768,-2.33868,1.49999,2,1.4923,-0.728796,-8.18457,-3.92628,-6.76119,-3.80754,-6.50883,-0.728796,-8.18457,-1.56505,-9.10809,-0.521176,2,-0.66667
-2.16304,-7.64815,-2.39201,1.49999,2,1.53092,-0.734302,-8.19809,-4.00068,-6.94082,-3.80754,-6.50883,-0.734302,-8.19809,-1.57391,-9.11014,-0.500621,2,-0.66667
-2.23845,-7.7138,-2.45868,1.49999,2,1.53092,-1.47004,-9.0379,-3.2268,-6.01073,-3.80754,-6.50883,-1.47004,-9.0379,-0.685529,-8.0973,-0.478389,2,-0.66667
-2.31807,-7.77427,-2.52535,1.49999,2,1.52011,-1.50561,-9.05905,-3.37626,-6.10091,-3.80754,-6.50883,-1.50561,-9.05905,-0.661021,-8.05727,-0.454456,2,-0.66667
-2.40154,-7.82931,-2.59201,1.49999,2,1.52253,-1.49615,-9.05339,-3.57746,-6.23947,-3.80754,-6.50883,-1.49615,-9.05339,-0.687498,-8.08583,-0.428867,2,-0.66667
-2.48849,-7.87866,-2.65868,1.49999,2,1.53854,-1.48585,-9.04563,-3.76674,-6.39092,-3.80754,-6.50883,-1.48585,-9.04563,-0.668182,-8.04853,-0.401671,2,-0.66667
-2.57854,-7.92211,-2.72535,1.49999,2,1.56672,-1.51306,-9.07075,-3.8933,-6.50474,-3.80754,-6.50883,-1.51306,-9.07075,-1.39716,-8.99148,-0.433278,1,-0.66667
-2.67128,-7.95947,-2.79201,1.49999,2,1.60358,-1.5368,-9.09279,-4.01293,-6.61918,-4.01293,-6.61918,-1.5368,-9.09279,-1.4221,-9.00656,-0.396419,2,0.66667
-2.76445,-7.99576,-2.73735,1.49999,2,1.64813,-1.53655,-9.09512,-4.14413,-6.7605,-4.01293,-6.61918,-1.53655,-9.09512,-1.42208,-9.00139,-0.351871,1,0.66667
-2.85501,-8.03812,-2.67068,1.49999,2,1.6893,-1.54253,-9.10167,-4.26181,-6.89815,-4.26181,-6.89815,-1.54253,-9.10167,-1.6335,-9.26043,-0.310702,2,0.66667
-2.94254,-8.08643,-2.60401,1.49999,2,1.73023,-1.56435,-9.1325,-4.35223,-7.01645,-4.26181,-6.89815,-1.56435,-9.1325,-1.44963,-9.02654,-0.26977,1,0.66667
-3.02667,-8.14046,-2.53735,1.49999,2,1.7666,-1.60437,-9.18828,-4.42223,-7.11234,-4.42223,-7.11234,-1.60437,-9.18828,-1.50002,-9.07157,-0.233398,2,0.66667
-3.10701,-8.19997,-2.47068,1.49999,2,1.79907,-1.60782,-9.19451,-4.52441,-7.2597,-4.42223,-7.11234,-1.60782,-9.19451,-1.49514,-9.07732,-0.20093,1,0.66667
-3.1832,-8.26471,-2.40401,1.49999,2,1.82831,-1.62832,-9.22652,-4.60488,-7.3853,-4.60488,-7.3853,-1.62832,-9.22652,-1.51983,-9.10275,-0.171686,2,-0.66667
-3.25898,-8.32994,-2.46401,1.49999,2,1.86044,-1.63461,-9.23693,-4.6905,-7.53062,-4.60488,-7.3853,-1.63461,-9.23693,-1.70731,-9.42361,-0.139565,1,0.66667
-3.33525,-8.39459,-2.40535,1.49999,2,1.89893,-1.62583,-9.22155,-4.77651,-7.69735,-4.77651,-7.69735,-1.62583,-9.22155,-1.69774,-9.41053,-0.101066,2,0.66667
-3.40705,-8.46416,-2.33868,1.49999,2,1.93402,-1.66871,-9.31187,-4.81458,-7.77777,-4.77651,-7.69735,-1.66871,-9.31187,-1.57418,-9.16761,-0.0659759,1,0.66667
-3.47407,-8.53836,-2.27201,1.49999,2,1.96452,-1.68186,-9.34294,-4.87485,-7.9095,-4.87485,-7.9095,-1.68186,-9.34294,-1.59132,-9.19314,-0.0354766,2,0.66667
-3.53599,-8.61686,-2.20534,1.49999,2,1.99533,-1.67768,-9.34351,-4.93732,-8.06889,-4.87485,-7.9095,-1.67768,-9.34351,-1.57668,-9.19192,-0.00467288,1,0.66667
-3.59254,-8.69931,-2.13868,1.49999,2,2.02015,-1.6887,-9.37489,-4.98717,-8.20442,-4.98717,-8.20442,-1.6887,-9.37489,-1.59528,-9.21722,0.020154,2,0.66667
-3.64348,-8.78534,-2.07201,1.49999,2,2.04371,-1.6967,-9.40729,-5.03068,-8.34216,-4.98717,-8.20442,-1.6967,-9.40729,-1.60079,-9.24634,0.0437145,1,0.66667
-3.68857,-8.87458,-2.00534,1.49999,2,2.06345,-1.70404,-9.4398,-5.07016,-8.48107,-5.07016,-8.48107,-1.70404,-9.4398,-1.62157,-9.27254,0.0634539,2,0.66667
-3.72761,-8.96662,-1.93868,1.49999,2,2.07881,-1.72037,-9.50739,-5.09987,-8.59692,-5.07016,-8.48107,-1.72037,-9.50739,-1.64969,-9.33593,0.0788102,1,0.66667
-3.76044,-9.06106,-1.87201,1.49999,2,2.09067,-1.71744,-9.50495,-5.13763,-8.76183,-5.07016,-8.48107,-1.71744,-9.50495,-1.63209,-9.33213,0.0906713,1,0.66667
-3.78691,-9.15747,-1.80534,1.49999,2,2.09887,-1.72277,-9.53775,-5.16483,-8.90361,-5.16483,-8.90361,-1.72277,-9.53775,-1.65399,-9.36054,0.0988743,2,0.66667
-3.80689,-9.25544,-1.73868,1.49999,2,2.10567,-1.725,-9.571,-5.18547,-9.04648,-5.16483,-8.90361,-1.725,-9.571,-1.65803,-9.39134,0.105668,1,0.66667
-3.8203,-9.35451,-1.67201,1.49999,2,2.10729,-1.72783,-9.604,-5.20321,-9.18963,-5.20321,-9.18963,-1.72783,-9.604,-1.66137,-9.42233,0.107291,2,0.66667
-3.82708,-9.45427,-1.60534,1.49999,2,2.10391,-1.73461,-9.67343,-5.21556,-9.30883,-5.20321,-9.18963,-1.73461,-9.67343,-1.69718,-9.49068,0.103912,1,0.66667
-3.8272,-9.55425,-1.53867,1.49999,2,2.09812,-1.73461,-9.70644,-5.22538,-9.45256,-5.22538,-9.45256,-1.73461,-9.70644,-1.69937,-9.52304,0.0981228,2,0.66667
-3.82066,-9.65401,-1.47201,1.49999,2,2.0894,-1.73183,-9.70287,-5.23087,-9.62103,-5.22538,-9.45256,-1.73183,-9.70287,-1.68885,-9.51765,0.0894027,1,0.66667
-3.80749,-9.75312,-1.40534,1.49999,2,2.07704,-1.73053,-9.73573,-5.2304,-9.76504,-5.2304,-9.76504,-1.73053,-9.73573,-1.68912,-9.5499,0.0770376,2,0.66667
-3.78775,-9.85114,-1.33867,1.49999,2,2.06121,-1.72819,-9.76843,-5.22537,-9.90887,-5.2304,-9.76504,-1.72819,-9.76843,-1.67672,-9.98767,0.0612116,1,0.66667
-3.76152,-9.94762,-1.27201,1.49999,2,2.04147,-1.72307,-9.83653,-5.21788,-10.027,-5.21788,-10.027,-1.72307,-9.83653,-1.71414,-9.65553,0.0414696,2,-0.66667
-3.73442,-10.0439,-1.32934,1.49999,2,2.02174,-1.72315,-9.83834,-5.20501,-10.1941,-5.21788,-10.027,-1.72315,-9.83834,-1.79384,-10.9556,0.0217409,1,-0.66667
-3.71376,-10.1417,-1.39601,1.49999,2,2.01385,-1.71958,-9.8609,-5.18539,-10.3489,-5.18539,-10.3489,-1.71958,-9.8609,-1.78905,-10.9581,0.01385,2,-0.66667
-3.69966,-10.2407,-1.46267,1.49999,2,2.01735,-1.7207,-9.849,-5.1541,-10.5285,-5.18539,-10.3489,-1.7207,-9.849,-1.78714,-10.9674,0.0103334,2,-0.66667
-3.69219,-10.3404,-1.52934,1.49999,2,2.00307,-1.77286,-10.9135,-5.12655,-9.91209,-5.18539,-10.3489,-1.77286,-10.9135,-1.72947,-9.76363,0.00677486,2,-0.66667
-3.69138,-10.4403,-1.59601,1.49999,2,1.97745,-1.76812,-10.9001,-5.1722,-10.0863,-5.18539,-10.3489,-1.76812,-10.9001,-1.72708,-9.81891,0.00319035,2,-0.66667
-3.69723,-10.5402,-1.66267,1.49999,2,1.96374,-1.77132,-10.9237,-5.20389,-10.2401,-5.18539,-10.3489,-1.77132,-10.9237,-1.73392,-9.75744,-0.000404054,2,-0.66667
-3.70972,-10.6394,-1.72934,1.49999,2,1.96141,-1.7678,-10.9152,-5.23301,-10.423,-5.18539,-10.3489,-1.7678,-10.9152,-1.70838,-10.7472,-0.0385936,1,-0.66667
-3.72878,-10.7375,-1.79601,1.49999,2,1.96883,-1.7704,-10.94,-5.25183,-10.58,-5.25183,-10.58,-1.7704,-10.94,-1.72489,-10.7691,-0.0311725,2,-0.66667
-3.75435,-10.8342,-1.86268,1.49999,2,1.98749,-1.7691,-10.9286,-5.26514,-10.7623,-5.25183,-10.58,-1.7691,-10.9286,-1.72976,-10.7537,-0.0125064,1,0.66667
-3.7809,-10.9305,-1.80668,1.49999,2,2.01291,-1.76807,-10.9486,-5.26792,-10.9172,-5.26792,-10.9172,-1.76807,-10.9486,-1.73647,-10.7702,0.0129135,2,0.66667
-3.80101,-11.0285,-1.74001,1.49999,2,2.03624,-1.7653,-10.9821,-5.26438,-11.0618,-5.26792,-10.9172,-1.7653,-10.9821,-1.73262,-10.8,0.0362391,1,0.66667
-3.81455,-11.1275,-1.67334,1.49999,2,2.05632,-1.76356,-10.9797,-5.25449,-11.2314,-5.25449,-11.2314,-1.76356,-10.9797,-1.71865,-11.1962,0.0563209,2,0.66667
-3.82147,-11.2273,-1.60667,1.49999,2,2.07155,-1.75763,-11.0488,-5.2446,-11.3504,-5.25449,-11.2314,-1.75763,-11.0488,-1.73926,-10.8622,0.0715451,1,0.66667
-3.82172,-11.3273,-1.54001,1.49999,2,2.08299,-1.75323,-11.0819,-5.22886,-11.4942,-5.22886,-11.4942,-1.75323,-11.0819,-1.73468,-10.8926,0.0829926,2,0.66667
-3.81532,-11.427,-1.47334,1.49999,2,2.09078,-1.74796,-11.115,-5.20875,-11.6374,-5.22886,-11.4942,-1.74796,-11.115,-1.74522,-10.9269,0.0907774,1,0.66667
-3.80228,-11.5262,-1.40667,1.49999,2,2.0978,-1.73896,-11.1474,-5.18141,-11.7794,-5.18141,-11.7794,-1.73896,-11.1474,-1.73956,-10.9579,0.0978043,2,0.66667
-3.78266,-11.6242,-1.34001,1.49999,2,2.09866,-1.73964,-11.1442,-5.14684,-11.9448,-5.18141,-11.7794,-1.73964,-11.1442,-1.66227,-11.3555,0.0986614,1,0.66667
-3.75656,-11.7207,-1.27334,1.49999,2,2.09631,-1.71433,-11.2476,-5.12403,-12.0375,-5.12403,-12.0375,-1.71433,-11.2476,-1.74264,-11.0647,0.0963135,2,0.66667
-3.72409,-11.8153,-1.20667,1.49999,2,2.09033,-1.70369,-11.2791,-5.08659,-12.1769,-5.12403,-12.0375,-1.70369,-11.2791,-1.73427,-11.0965,0.0903285,1,0.66667
-3.68539,-11.9075,-1.14001,1.49999,2,2.0817,-1.70203,-11.2752,-5.03667,-12.3383,-5.03667,-12.3383,-1.70203,-11.2752,-1.72693,-11.0889,0.0817029,2,0.66667
-3.64063,-11.9969,-1.07334,1.49999,2,2.0688,-1.70287,-11.2723,-4.98117,-12.4981,-5.03667,-12.3383,-1.70287,-11.2723,-1.58793,-11.4659,0.0688043,1,0.66667
-3.59002,-12.0831,-1.00667,1.49999,2,2.05359,-1.69032,-11.3031,-4.92804,-12.6325,-4.92804,-12.6325,-1.69032,-11.3031,-1.577,-11.4936,0.0535867,2,-0.66667
-3.53874,-12.1689,-1.06534,1.49999,2,2.03958,-1.66075,-11.3733,-4.88345,-12.7386,-4.92804,-12.6325,-1.66075,-11.3733,-1.70624,-11.1962,0.0395818,1,-0.66667
-3.49327,-12.258,-1.13201,1.49999,2,2.03474,-1.66665,-11.3615,-4.80865,-12.9035,-4.80865,-12.9035,-1.66665,-11.3615,-1.53781,-11.5408,0.0347426,2,0.66667
-3.44827,-12.3473,-1.07067,1.49999,2,2.03543,-1.66213,-11.3712,-4.73345,-13.0496,-4.80865,-12.9035,-1.66213,-11.3712,-1.71456,-11.193,0.0354321,1,0.66667
-3.39743,-12.4333,-1.00401,1.49999,2,2.03581,-1.64286,-11.4009,-4.65934,-13.1759,-4.65934,-13.1759,-1.64286,-11.4009,-1.69847,-11.2226,0.0358069,2,0.66667
-3.34096,-12.5159,-0.937338,1.49999,2,2.03252,-1.62284,-11.4299,-4.58144,-13.2999,-4.65934,-13.1759,-1.62284,-11.4299,-1.69405,-11.2615,0.0325215,1,0.66667
-3.27913,-12.5944,-0.870671,1.49999,2,2.02568,-1.60202,-11.4583,-4.49974,-13.4213,-4.49974,-13.4213,-1.60202,-11.4583,-1.67712,-11.2919,0.025681,2,0.66667
-3.21219,-12.6687,-0.804004,1.49999,2,2.0137,-1.58171,-11.487,-4.41563,-13.5409,-4.49974,-13.4213,-1.58171,-11.487,-1.65937,-11.322,0.0137043,1,-0.66667
-3.1445,-12.7423,-0.860004,1.49999,2,2.00313,-1.56012,-11.5166,-4.32845,-13.6582,-4.32845,-13.6582,-1.56012,-11.5166,-1.63828,-11.3511,0.00313377,2,-0.66667
-3.08183,-12.8202,-0.926671,1.49999,2,2.00488,-1.56656,-11.5074,-4.21183,-13.7992,-4.32845,-13.6582,-1.56656,-11.5074,-1.65683,-11.3494,0.00488043,1,0.66667
-3.01967,-12.8985,-0.866671,1.49999,2,2.01307,-1.55566,-11.5168,-4.10104,-13.9191,-4.10104,-13.9191,-1.55566,-11.5168,-1.65422,-11.3636,0.0130675,2,0.66667
-2.95244,-12.9725,-0.800004,1.49999,2,2.01821,-1.50466,-11.5664,-4.01542,-14.0049,-4.10104,-13.9191,-1.50466,-11.5664,-1.61484,-11.4249,0.0182085,1,0.66667
-2.88043,-13.0419,-0.733337,1.49999,2,2.01975,-1.50253,-11.5651,-3.89029,-14.1241,-3.89029,-14.1241,-1.50253,-11.5651,-1.60782,-11.414,0.0197456,2,0.66667
-2.80396,-13.1063,-0.66667,1.49999,2,2.01736,-1.47522,-11.5883,-3.78051,-14.2219,-3.89029,-14.1241,-1.47522,-11.5883,-1.58363,-11.4388,0.0173583,1,0.66667
-2.72337,-13.1654,-0.600003,1.49999,2,2.01375,-1.44579,-11.6089,-3.66629,-14.3143,-3.66629,-14.3143,-1.44579,-11.6089,-1.56571,-11.4733,0.0137529,2,0.66667
-2.63902,-13.2191,-0.533336,1.49999,2,2.00728,-1.44341,-11.6068,-3.52813,-14.4181,-3.66629,-14.3143,-1.44341,-11.6068,-1.25514,-11.7119,0.00728416,1,-0.66667
-2.55412,-13.2719,-0.589336,1.49999,2,1.9997,-1.38532,-11.6494,-3.43102,-14.4893,-3.43102,-14.4893,-1.38532,-11.6494,-1.50978,-11.5177,-0.00029707,2,-0.66667
-2.4729,-13.3302,-0.656003,1.49999,2,2.00102,-1.36595,-11.6633,-3.30212,-14.579,-3.43102,-14.4893,-1.36595,-11.6633,-1.50311,-11.5505,0.00102401,1,0.66667
-2.39221,-13.3893,-0.59867,1.49999,2,2.01091,-1.37761,-11.6531,-3.14353,-14.6749,-3.14353,-14.6749,-1.37761,-11.6531,-1.51794,-11.5399,0.0109091,2,0.66667
-2.30779,-13.4428,-0.532003,1.49999,2,2.01946,-1.34475,-11.6678,-3.01382,-14.7442,-3.14353,-14.6749,-1.34475,-11.6678,-1.48829,-11.5565,0.0194609,1,0.66667
-2.21998,-13.4906,-0.465336,1.49999,2,2.02485,-1.3431,-11.6655,-2.85881,-14.8203,-2.85881,-14.8203,-1.3431,-11.6655,-1.13558,-11.7322,0.0248508,2,0.66667
-2.12919,-13.5325,-0.398669,1.49999,2,2.02575,-1.27813,-11.6942,-2.74855,-14.8703,-2.85881,-14.8203,-1.27813,-11.6942,-1.42754,-11.5881,0.0257471,1,0.66667
-2.0358,-13.5682,-0.332002,1.49999,2,2.02222,-1.24493,-11.7071,-2.61375,-14.9283,-2.61375,-14.9283,-1.24493,-11.7071,-1.40085,-11.6166,0.0222204,2,0.66667
-1.94025,-13.5976,-0.265335,1.49999,2,2.01546,-1.21132,-11.7186,-2.47715,-14.9817,-2.61375,-14.9283,-1.21132,-11.7186,-1.36853,-11.6301,0.0154631,1,-0.66667
-1.84454,-13.6266,-0.326668,1.49999,2,2.01225,-1.19882,-11.7207,-2.32194,-15.0356,-2.32194,-15.0356,-1.19882,-11.7207,-0.983164,-11.7553,0.0122547,2,0.66667
-1.74927,-13.6569,-0.276001,1.49999,2,2.0149,-1.2341,-11.709,-2.12898,-15.0926,-2.32194,-15.0356,-1.2341,-11.709,-1.02322,-11.747,0.0148964,1,0.66667
-1.65222,-13.6809,-0.209334,1.49999,2,2.01436,-1.13106,-11.7352,-2.03658,-15.116,-2.03658,-15.116,-1.13106,-11.7352,-1.29636,-11.6615,0.014364,2,0.66667
-1.55378,-13.6984,-0.142667,1.49999,2,2.00898,-1.0959,-11.7423,-1.89361,-15.1502,-2.03658,-15.116,-1.0959,-11.7423,-1.26427,-11.683,0.00898385,1,-0.66667
-1.45515,-13.7148,-0.197334,1.49999,2,2.00564,-1.09631,-11.7415,-1.72251,-15.1851,-1.72251,-15.1851,-1.09631,-11.7415,0.0365633,-12.1866,0.0056386,2,-0.66667
-1.35782,-13.7377,-0.264001,1.49999,2,2.0145,-1.1079,-11.7387,-1.5421,-15.2117,-1.72251,-15.1851,-1.1079,-11.7387,0.976331,-12.9397,0.00737021,2,0.66667
-1.2606,-13.761,-0.202668,1.49999,2,2.02886,-1.09746,-11.7388,-1.3789,-15.2274,-1.72251,-15.1851,-1.09746,-11.7388,0.953886,-12.8937,0.00293477,2,-0.66667
-1.16327,-13.7839,-0.264001,1.49999,2,1.99708,-0.0428745,-12.1307,-2.00644,-15.028,-1.72251,-15.1851,-0.0428745,-12.1307,-1.12291,-11.7311,-0.00863698,2,-0.66667
-1.06768,-13.8132,-0.330668,1.49999,2,1.97007,-0.0252722,-12.1415,-1.87719,-15.1114,-1.72251,-15.1851,-0.0252722,-12.1415,-1.17946,-11.718,-0.0201375,2,-0.66667
-0.974248,-13.8488,-0.397335,1.49999,2,1.95535,-0.0332729,-12.1348,-1.71758,-15.2028,-1.72251,-15.1851,-0.0332729,-12.1348,-1.13085,-11.7335,-0.0315074,2,-0.66667
-0.883396,-13.8905,-0.464002,1.49999,2,1.95162,-0.0405719,-12.1303,-1.55207,-15.2871,-1.72251,-15.1851,-0.0405719,-12.1303,0.962883,-12.8917,-0.0483769,1,-0.66667
-0.795526,-13.9382,-0.530669,1.49999,2,1.95751,0.0132948,-12.1556,-1.43286,-15.3429,-1.43286,-15.3429,0.0132948,-12.1556,0.974291,-12.8918,-0.0424867,2,-0.66667
-0.71103,-13.9917,-0.597336,1.49999,2,1.97447,0.00379008,-12.1512,-1.26332,-15.4137,-1.43286,-15.3429,0.00379008,-12.1512,0.934634,-12.849,-0.0319322,2,0.66667
-0.627017,-14.0459,-0.540003,1.49999,2,1.96668,0.878225,-12.7802,-1.80057,-15.0327,-1.43286,-15.3429,0.878225,-12.7802,-1.16122,-11.743,-0.0269608,2,-0.66667
-0.542604,-14.0995,-0.59867,1.49999,2,1.93903,0.90518,-12.8096,-1.7081,-15.1379,-1.43286,-15.3429,0.90518,-12.8096,-0.0721932,-12.1097,-0.0292694,2,-0.66667
-0.461935,-14.1585,-0.665337,1.49999,2,1.91909,0.944366,-12.8527,-1.62041,-15.2343,-1.43286,-15.3429,0.944366,-12.8527,-0.0611793,-12.1199,-0.0314728,2,-0.66667
-0.385379,-14.2229,-0.732004,1.49999,2,1.90936,0.939559,-12.848,-1.48914,-15.3682,-1.43286,-15.3429,0.939559,-12.848,0.837455,-12.7096,-0.0335378,2,-0.66667
-0.313278,-14.2921,-0.798671,1.49999,2,1.91207,0.935114,-12.8438,-1.35003,-15.4949,-1.43286,-15.3429,0.935114,-12.8438,0.830158,-12.7044,-0.0879284,1,-0.66667
-0.24595,-14.366,-0.865338,1.49999,2,1.92743,0.929537,-12.8385,-1.20502,-15.6123,-1.20502,-15.6123,0.929537,-12.8385,1.11554,-12.9353,-0.0725715,2,-0.66667
-0.183697,-14.4443,-0.932005,1.49999,2,1.95423,0.920382,-12.8318,-1.057,-15.7197,-1.20502,-15.6123,0.920382,-12.8318,1.10825,-12.9262,-0.0457689,1,0.66667
-0.121953,-14.5229,-0.872004,1.49999,2,1.98527,0.987113,-12.8763,-0.968149,-15.7792,-0.968149,-15.7792,0.987113,-12.8763,0.851088,-12.7648,-0.0147303,2,0.66667
-0.0551202,-14.5973,-0.805337,1.49999,2,2.01528,0.987123,-12.8724,-0.822967,-15.868,-0.968149,-15.7792,0.987123,-12.8724,0.851511,-12.7501,0.0152826,1,0.66667
0.016518,-14.667,-0.73867,1.49999,2,2.04078,1.01595,-12.8877,-0.698102,-15.9393,-0.698102,-15.9393,1.01595,-12.8877,0.873129,-12.7718,0.0407808,2,0.66667
0.0926432,-14.7318,-0.672003,1.49999,2,2.0646,1.04607,-12.9006,-0.570216,-16.005,-0.698102,-15.9393,1.04607,-12.9006,0.900552,-12.7817,0.0646002,1,0.66667
0.172917,-14.7914,-0.605336,1.49999,2,2.08556,1.07679,-12.9119,-0.440093,-16.0661,-0.440093,-16.0661,1.07679,-12.9119,0.922869,-12.805,0.0855622,2,0.66667
0.256984,-14.8456,-0.538669,1.49999,2,2.10129,1.10708,-12.9239,-0.308878,-16.1247,-0.440093,-16.0661,1.10708,-12.9239,0.950808,-12.8149,0.101288,1,0.66667
0.344469,-14.894,-0.472002,1.49999,2,2.1135,1.1377,-12.935,-0.175905,-16.1791,-0.175905,-16.1791,1.1377,-12.935,0.979083,-12.8239,0.113501,2,0.66667
0.434984,-14.9364,-0.405335,1.49999,2,2.12214,1.16859,-12.9451,-0.041331,-16.2293,-0.175905,-16.1791,1.16859,-12.9451,1.00282,-12.8499,0.122142,1,0.66667
0.528126,-14.9728,-0.338668,1.49999,2,2.12897,1.20029,-12.9527,0.0952654,-16.2737,0.0952654,-16.2737,1.20029,-12.9527,1.03203,-12.8583,0.128974,2,0.66667
0.623483,-15.0028,-0.272001,1.49999,2,2.13039,1.19584,-12.9508,0.255523,-16.3221,0.0952654,-16.2737,1.19584,-12.9508,1.42107,-12.9868,0.130391,1,0.66667
0.720631,-15.0265,-0.205334,1.49999,2,2.12891,1.29904,-12.9776,0.348121,-16.346,0.348121,-16.346,1.29904,-12.9776,1.12262,-12.9121,0.128914,2,0.66667
0.819137,-15.0436,-0.138667,1.49999,2,2.12221,1.33058,-12.9839,0.487101,-16.3807,0.348121,-16.346,1.33058,-12.9839,1.15355,-12.919,0.122213,1,0.66667
0.918564,-15.0541,-0.0720004,1.49999,2,2.11314,1.32631,-12.9806,0.650961,-16.4149,0.650961,-16.4149,1.32631,-12.9806,1.14897,-12.9072,0.113145,2,0.66667
1.01847,-15.0579,-0.00533336,1.49999,2,2.10105,1.35822,-12.9845,0.792259,-16.4385,0.650961,-16.4149,1.35822,-12.9845,1.17999,-12.9127,0.101053,1,0.66667
1.11841,-15.0551,0.0613336,1.49999,2,2.08547,1.39012,-12.9875,0.934124,-16.4576,0.650961,-16.4149,1.39012,-12.9875,1.21125,-12.9167,0.0854671,1,0.66667
1.21795,-15.0457,0.128001,1.49999,2,2.06636,1.45782,-12.9933,1.05152,-16.4696,1.05152,-16.4696,1.45782,-12.9933,1.27877,-12.9548,0.0663579,2,0.66667
1.31663,-15.0296,0.194668,1.49999,2,2.04166,1.48912,-12.9953,1.19342,-16.4828,1.05152,-16.4696,1.48912,-12.9953,1.31108,-12.9564,0.0416605,1,-0.66667
1.41514,-15.0126,0.138667,1.49999,2,2.01998,1.5228,-12.9955,1.33627,-16.4905,1.33627,-16.4905,1.5228,-12.9955,1.34531,-12.956,0.0199757,2,-0.66667
1.51457,-15.0021,0.0720004,1.49999,2,2.00797,1.51019,-12.9941,1.51783,-16.4941,1.33627,-16.4905,1.51019,-12.9941,2.72991,-13.1917,0.00796771,1,-0.66667
1.61448,-14.9982,0.00533336,1.49999,2,2.00838,1.49868,-12.9931,1.70048,-16.4873,1.70048,-16.4873,1.49868,-12.9931,2.6974,-13.1739,0.0083797,2,0.66667
1.71442,-14.9953,0.0613336,1.49999,2,2.01591,1.52071,-12.9888,1.85703,-16.4726,1.70048,-16.4873,1.52071,-12.9888,2.67042,-13.1578,0.00795431,2,0.66667
1.81396,-14.9859,0.128001,1.49999,2,2.01187,2.62154,-13.1432,1.21661,-16.3489,1.70048,-16.4873,2.62154,-13.1432,1.48561,-12.9882,-0.0057132,2,-0.66667
1.91343,-14.9758,0.0680003,1.49999,2,1.96622,2.65329,-13.1541,1.33628,-16.3968,1.70048,-16.4873,2.65329,-13.1541,1.45803,-12.9868,-0.026455,2,-0.66667
2.01335,-14.9723,0.00133334,1.49999,2,1.92898,2.63893,-13.1476,1.50385,-16.4584,1.70048,-16.4873,2.63893,-13.1476,1.51566,-12.9875,-0.0469623,2,-0.66667
2.11328,-14.9755,-0.0653337,1.49999,2,1.90298,2.69322,-13.1631,1.62658,-16.4966,1.70048,-16.4873,2.69322,-13.1631,1.45928,-12.993,-0.0671393,2,-0.66667
2.21277,-14.9854,-0.132001,1.49999,2,1.88545,2.68687,-13.1605,1.8068,-16.548,1.70048,-16.4873,2.68687,-13.1605,2.53114,-13.0957,-0.11455,1,-0.66667
2.31139,-15.0018,-0.198668,1.49999,2,1.87996,2.68243,-13.1589,1.99165,-16.59,1.99165,-16.59,2.68243,-13.1589,2.52486,-13.0936,-0.120042,2,-0.66667
2.40869,-15.0248,-0.265335,1.49999,2,1.88703,2.67793,-13.1571,2.17856,-16.6213,1.99165,-16.59,2.67793,-13.1571,2.51676,-13.0936,-0.112969,1,-0.66667
2.50425,-15.0542,-0.332002,1.49999,2,1.90616,2.67113,-13.1554,2.36472,-16.642,2.36472,-16.642,2.67113,-13.1554,2.87653,-13.143,-0.0938383,2,-0.66667
2.59763,-15.09,-0.398669,1.49999,2,1.93536,2.72732,-13.1589,2.49279,-16.6511,2.36472,-16.642,2.72732,-13.1589,2.5579,-13.1242,-0.0646354,1,0.66667
2.69078,-15.1263,-0.338668,1.49999,2,1.96868,2.73903,-13.1582,2.65325,-16.6571,2.65325,-16.6571,2.73903,-13.1582,2.56516,-13.1272,-0.0313202,2,0.66667
2.78614,-15.1563,-0.272001,1.49999,2,2.00037,2.77164,-13.156,2.79701,-16.6559,2.65325,-16.6571,2.77164,-13.156,2.59421,-13.1317,0.000367165,1,0.66667
2.88329,-15.18,-0.205334,1.49999,2,2.0306,2.76869,-13.1526,2.96621,-16.647,2.96621,-16.647,2.76869,-13.1526,2.58482,-13.1177,0.0306029,2,0.66667
2.98179,-15.1971,-0.138667,1.49999,2,2.05442,2.80078,-13.1507,3.10916,-16.637,2.96621,-16.647,2.80078,-13.1507,2.61441,-13.1251,0.0544243,1,0.66667
3.08122,-15.2076,-0.0720004,1.49999,2,2.07628,2.86871,-13.1422,3.22694,-16.6238,3.22694,-16.6238,2.86871,-13.1422,2.68148,-13.1268,0.0762823,2,0.66667
3.18113,-15.2115,-0.00533336,1.49999,2,2.09251,2.90097,-13.1378,3.36957,-16.6063,3.22694,-16.6238,2.90097,-13.1378,2.71389,-13.1372,0.0925107,1,0.66667
3.28107,-15.2087,0.0613336,1.49999,2,2.10651,2.93289,-13.1311,3.5114,-16.583,3.5114,-16.583,2.93289,-13.1311,2.74305,-13.1304,0.106509,2,0.66667
3.3806,-15.1992,0.128001,1.49999,2,2.11748,2.96447,-13.123,3.6523,-16.5548,3.5114,-16.583,2.96447,-13.123,2.77586,-13.1357,0.117481,1,0.66667
3.47929,-15.1832,0.194668,1.49999,2,2.12502,2.99571,-13.1139,3.79217,-16.5221,3.79217,-16.5221,2.99571,-13.1139,2.80561,-13.1285,0.125025,2,0.66667
3.57668,-15.1606,0.261335,1.49999,2,2.12909,2.99078,-13.1137,3.95393,-16.4785,3.79217,-16.5221,2.99078,-13.1137,3.19987,-13.0177,0.129093,1,0.66667
3.67235,-15.1315,0.328002,1.49999,2,2.12844,3.05741,-13.0938,4.06861,-16.4446,4.06861,-16.4446,3.05741,-13.0938,2.86476,-13.1117,0.128443,2,0.66667
3.76588,-15.0962,0.394669,1.49999,2,2.12413,3.08792,-13.0831,4.20501,-16.4001,4.06861,-16.4446,3.08792,-13.0831,2.90109,-13.118,0.124132,1,0.66667
3.85684,-15.0547,0.461336,1.49999,2,2.11635,3.11802,-13.0715,4.33987,-16.3513,4.33987,-16.3513,3.11802,-13.0715,2.93075,-13.1072,0.116352,2,0.66667
3.94484,-15.0072,0.528003,1.49999,2,2.10697,3.11305,-13.0714,4.49477,-16.2871,4.33987,-16.3513,3.11305,-13.0714,3.30778,-12.9558,0.106972,1,0.66667
4.02947,-14.954,0.59467,1.49999,2,2.09439,3.14197,-13.0569,4.62511,-16.2272,4.62511,-16.2272,3.14197,-13.0569,3.32847,-12.9264,0.0943902,2,0.66667
4.11038,-14.8952,0.661337,1.49999,2,2.07702,3.23616,-13.0112,4.70932,-16.186,4.62511,-16.2272,3.23616,-13.0112,3.06439,-13.0756,0.0770171,1,0.66667
4.18719,-14.8312,0.728004,1.49999,2,2.05589,3.23116,-13.0112,4.85872,-16.1097,4.85872,-16.1097,3.23116,-13.0112,3.05601,-13.07,0.0558934,2,-0.66667
4.26319,-14.7663,0.67467,1.49999,2,2.03638,3.25562,-12.9966,4.98736,-16.0382,4.85872,-16.1097,3.25562,-12.9966,3.0796,-13.0541,0.0363765,1,-0.66667
4.3433,-14.7065,0.608003,1.49999,2,2.02648,3.24448,-13.0038,5.14229,-15.9445,4.85872,-16.1097,3.24448,-13.0038,3.40285,-12.8476,0.0264757,1,-0.66667
4.42723,-14.6521,0.541336,1.49999,2,2.02919,3.26286,-12.9902,5.27118,-15.8567,5.27118,-15.8567,3.26286,-12.9902,3.09853,-13.0695,0.0291862,2,0.66667
4.51157,-14.5984,0.600003,1.49999,2,2.03689,3.30348,-12.9585,5.37934,-15.7764,5.27118,-15.8567,3.30348,-12.9585,3.1503,-13.0531,0.0368919,1,0.66667
4.59216,-14.5392,0.66667,1.49999,2,2.042,3.30163,-12.9567,5.5136,-15.6692,5.5136,-15.6692,3.30163,-12.9567,5.78633,-12.2746,0.0420017,2,0.66667
4.66863,-14.4748,0.733337,1.49999,2,2.04535,3.29957,-12.9553,5.6423,-15.5556,5.5136,-15.6692,3.29957,-12.9553,6.02635,-12.3006,0.0369943,2,0.66667
4.74064,-14.4055,0.800004,1.49999,2,2.04398,3.32497,-12.9311,5.74908,-15.4557,5.5136,-15.6692,3.32497,-12.9311,6.10861,-12.3121,0.0186594,2,-0.66667
4.81202,-14.3355,0.74267,1.49999,2,2.04544,3.35181,-12.9031,5.8504,-15.354,5.5136,-15.6692,3.35181,-12.9031,6.04787,-12.3147,-0.00696724,2,-0.66667
4.88788,-14.2703,0.676003,1.49999,2,2.05529,3.36695,-12.888,5.95697,-15.2421,5.5136,-15.6692,3.36695,-12.888,6.26343,-12.3253,-0.0323831,2,-0.66667
4.96792,-14.2104,0.609336,1.49999,2,2.01774,5.45905,-12.2534,4.60713,-15.6481,5.5136,-15.6692,5.45905,-12.2534,3.16322,-13.0345,-0.0574584,2,-0.66667
5.05177,-14.156,0.542669,1.49999,2,1.94621,5.45333,-12.2516,4.73117,-15.6763,5.5136,-15.6692,5.45333,-12.2516,3.21873,-13.0147,-0.0821005,2,-0.66667
5.13906,-14.1072,0.476002,1.49999,2,1.88077,5.42443,-12.2482,4.89337,-15.7077,5.5136,-15.6692,5.42443,-12.2482,3.22992,-13.0171,-0.106222,2,-0.66667
5.2294,-14.0644,0.409335,1.49999,2,1.82679,5.40598,-12.2462,5.06767,-15.7298,5.5136,-15.6692,5.40598,-12.2462,3.22725,-13.02,-0.129742,2,-0.66667
5.3224,-14.0277,0.342668,1.49999,2,1.7844,5.39609,-12.2448,5.25155,-15.7418,5.5136,-15.6692,5.39609,-12.2448,3.22603,-13.0337,-0.152583,2,-0.66667
5.41764,-13.9972,0.276001,1.49999,2,1.75076,5.48443,-12.2478,5.3509,-15.7452,5.5136,-15.6692,5.48443,-12.2478,3.25152,-13.0244,-0.174674,2,-0.66667
5.51469,-13.9732,0.209334,1.49999,2,1.72417,5.57505,-12.2501,5.45252,-15.748,5.5136,-15.6692,5.57505,-12.2501,3.26601,-13.0184,-0.195948,2,-0.66667
5.61313,-13.9557,0.142667,1.49999,2,1.70473,5.66744,-12.2518,5.55592,-15.7501,5.5136,-15.6692,5.66744,-12.2518,5.51838,-12.2473,-0.216342,2,-0.66667
5.71251,-13.9448,0.0760004,1.49999,2,1.69259,5.76112,-12.2529,5.6606,-15.7515,5.5136,-15.6692,5.76112,-12.2529,5.61319,-12.2503,-0.30741,1,-0.66667
5.8124,-13.9405,0.00933338,1.49999,2,1.68784,5.82611,-12.2528,5.79768,-15.7526,5.79768,-15.7526,5.82611,-12.2528,5.67834,-12.2502,-0.312162,2,-0.66667
5.91235,-13.9429,-0.0573336,1.49999,2,1.69046,5.92077,-12.2525,5.90335,-15.7524,5.79768,-15.7526,5.92077,-12.2525,5.77291,-12.2522,-0.309544,1,-0.66667
6.01192,-13.952,-0.124001,1.49999,2,1.70022,6.01504,-12.2518,6.00863,-15.7518,6.00863,-15.7518,6.01504,-12.2518,5.86629,-12.2516,-0.299784,2,-0.66667
6.11067,-13.9677,-0.190668,1.49999,2,1.71717,6.10841,-12.2505,6.11302,-15.7505,6.00863,-15.7518,6.10841,-12.2505,5.95819,-12.2508,-0.282832,1,-0.66667
6.20815,-13.9899,-0.257335,1.49999,2,1.74119,6.20038,-12.2487,6.216,-15.7486,6.216,-15.7486,6.20038,-12.2487,6.04811,-12.25,-0.258809,2,-0.66667
6.30394,-14.0185,-0.324002,1.49999,2,1.77224,6.25953,-12.2468,6.34724,-15.7457,6.216,-15.7486,6.25953,-12.2468,6.1045,-12.2505,-0.227759,1,-0.66667
6.39761,-14.0535,-0.390669,1.49999,2,1.81143,6.28336,-12.2457,6.50411,-15.7387,6.50411,-15.7387,6.28336,-12.2457,6.12435,-12.2501,-0.188569,2,0.66667
6.49082,-14.0896,-0.337335,1.49999,2,1.85738,6.27502,-12.2448,6.68167,-15.7211,6.50411,-15.7387,6.27502,-12.2448,6.63293,-12.2119,-0.142619,1,0.66667
6.58622,-14.1196,-0.270668,1.49999,2,1.90199,6.27257,-12.2436,6.84974,-15.6957,6.84974,-15.6957,6.27257,-12.2436,6.77061,-12.2075,-0.0980052,2,0.66667
6.6834,-14.1431,-0.204001,1.49999,2,1.93503,6.63911,-12.2086,6.71922,-15.7076,6.84974,-15.6957,6.63911,-12.2086,6.30206,-12.2366,-0.0615057,2,0.66667
6.78193,-14.1601,-0.137334,1.49999,2,1.95523,6.74333,-12.2052,6.81243,-15.7045,6.84974,-15.6957,6.74333,-12.2052,6.94861,-12.2033,-0.0371364,2,0.66667
6.88137,-14.1704,-0.070667,1.49999,2,1.96814,6.88306,-12.2023,6.88006,-15.7023,6.84974,-15.6957,6.88306,-12.2023,6.71108,-12.2046,-0.0318608,1,-0.66667
6.98088,-14.1802,-0.130667,1.49999,2,1.97864,6.96316,-12.2016,6.9945,-15.7015,6.9945,-15.7015,6.96316,-12.2016,7.17076,-12.2034,-0.0213574,2,0.66667
7.08027,-14.191,-0.0760004,1.49999,2,1.99147,7.05784,-12.1997,7.09726,-15.6995,6.9945,-15.7015,7.05784,-12.1997,7.26712,-12.1975,-0.00853145,1,0.66667
7.18016,-14.1953,-0.00933338,1.49999,2,1.99749,7.16395,-12.1979,7.19236,-15.6977,7.19236,-15.6977,7.16395,-12.1979,7.37366,-12.1985,-0.00251234,2,0.66667
7.28011,-14.1929,0.0573336,1.49999,2,1.9962,7.30503,-12.1968,7.26134,-15.6966,7.19236,-15.6977,7.30503,-12.1968,7.13056,-12.1969,-0.00380003,1,-0.66667
7.38005,-14.1898,-0.00266668,1.49999,2,1.99276,7.38537,-12.1971,7.37602,-15.6971,7.37602,-15.6971,7.38537,-12.1971,7.59442,-12.2013,-0.00723743,2,-0.66667
7.47996,-14.1934,-0.0693337,1.49999,2,1.99642,7.51386,-12.1973,7.45444,-15.6968,7.37602,-15.6971,7.51386,-12.1973,7.33937,-12.1965,-0.00358093,1,0.66667
7.57986,-14.1976,-0.00800004,1.49999,2,2.00192,7.56094,-12.1957,7.59402,-15.6956,7.59402,-15.6956,7.56094,-12.1957,7.77109,-12.1964,0.00191808,2,0.66667
7.67981,-14.195,0.058667,1.49999,2,2.00044,7.70211,-12.1947,7.66309,-15.6945,7.59402,-15.6956,7.70211,-12.1947,7.52726,-12.1947,0.000442028,1,-0.66667
7.77974,-14.1918,-0.00133334,1.49999,2,1.99679,7.81726,-12.1954,7.7515,-15.6948,7.7515,-15.6948,7.81726,-12.1954,7.64258,-12.1919,-0.00321424,2,-0.66667
7.87966,-14.1953,-0.0680003,1.49999,2,2.00003,7.91095,-12.1955,7.8562,-15.6951,7.7515,-15.6948,7.91095,-12.1955,7.73611,-12.1944,2.93255e-05,1,0.66667
7.97954,-14.1999,-0.0133334,1.49999,2,2.00596,7.97128,-12.194,7.98569,-15.6939,7.98569,-15.6939,7.97128,-12.194,8.18195,-12.1947,0.00595951,2,0.66667
8.0795,-14.1979,0.0533336,1.49999,2,2.00508,8.07755,-12.1928,8.08095,-15.6928,7.98569,-15.6939,8.07755,-12.1928,8.28821,-12.1935,0.00507951,1,0.66667
8.17911,-14.1893,0.120001,1.49999,2,1.99689,8.18345,-12.1924,8.17584,-15.6924,8.17584,-15.6924,8.18345,-12.1924,8.39299,-12.196,-0.00311422,2,-0.66667
8.27863,-14.1797,0.062667,1.49999,2,1.98631,8.3275,-12.194,8.2414,-15.6929,8.17584,-15.6924,8.3275,-12.194,8.15384,-12.1909,-0.0136858,1,-0.66667
8.37857,-14.1768,-0.00400002,1.49999,2,1.98268,8.38651,-12.1941,8.3725,-15.6941,8.3725,-15.6941,8.38651,-12.1941,8.21284,-12.191,-0.0173191,2,-0.66667
8.47848,-14.1805,-0.070667,1.49999,2,1.98809,8.4108,-12.1936,8.52995,-15.6915,8.3725,-15.6941,8.4108,-12.1936,8.61983,-12.1838,-0.0119078,1,0.66667
8.57835,-14.1854,-0.0160001,1.49999,2,1.99997,8.40115,-12.1933,8.71125,-15.6795,8.71125,-15.6795,8.40115,-12.1933,8.75071,-12.1818,-2.96831e-05,2,0.66667
8.67831,-14.1837,0.0506669,1.49999,2,2.00315,8.68171,-12.1805,8.67578,-15.6805,8.71125,-15.6795,8.68171,-12.1805,8.40157,-12.19,0.00377407,2,0.66667
8.77794,-14.1753,0.117334,1.49999,2,1.99533,8.7876,-12.18,8.77066,-15.6799,8.71125,-15.6795,8.7876,-12.18,8.99704,-12.1835,-0.00466502,1,-0.66667
8.87749,-14.166,0.0600003,1.49999,2,1.98512,8.93162,-12.1816,8.83619,-15.6803,8.83619,-15.6803,8.93162,-12.1816,8.75811,-12.1786,-0.0148757,2,-0.66667
8.97744,-14.1633,-0.0066667,1.49999,2,1.98182,8.99066,-12.1815,8.96731,-15.6815,8.83619,-15.6803,8.99066,-12.1815,9.19863,-12.1858,-0.0181804,1,-0.66667
9.07734,-14.1673,-0.0733337,1.49999,2,1.98583,9.11899,-12.1819,9.04558,-15.6811,9.04558,-15.6811,9.11899,-12.1819,8.94547,-12.181,-0.0141666,2,0.66667
9.17722,-14.1718,-0.0120001,1.49999,2,1.99184,9.16636,-12.18,9.18544,-15.68,9.04558,-15.6811,9.16636,-12.18,9.37555,-12.1805,-0.00816047,1,0.66667
9.27718,-14.1697,0.0546669,1.49999,2,1.99095,9.27259,-12.1788,9.28066,-15.6787,9.28066,-15.6787,9.27259,-12.1788,9.48075,-12.1889,-0.00905013,2,-0.66667
9.37711,-14.1666,-0.00133334,1.49999,2,1.98034,9.51789,-12.1912,9.26908,-15.6824,9.28066,-15.6787,9.51789,-12.1912,9.34507,-12.1788,-0.0196635,1,-0.66667
9.47703,-14.17,-0.0680003,1.49999,2,1.98098,9.50802,-12.1893,9.45327,-15.6888,9.45327,-15.6888,9.50802,-12.1893,9.71634,-12.1914,-0.0190203,2,-0.66667
9.5765,-14.1801,-0.134667,1.49999,2,1.99156,9.56663,-12.1886,9.58398,-15.6885,9.45327,-15.6888,9.56663,-12.1886,9.77565,-12.1905,-0.00843573,1,0.66667
9.67589,-14.191,-0.0760004,1.49999,2,2.00447,9.65331,-12.1867,9.69273,-15.6864,9.69273,-15.6864,9.65331,-12.1867,9.86395,-12.1846,0.00447154,2,0.66667
9.77578,-14.1953,-0.00933338,1.49999,2,2.01044,9.75946,-12.1849,9.78787,-15.6848,9.69273,-15.6864,9.75946,-12.1849,9.97053,-12.1856,0.0104358,1,0.66667
9.87573,-14.1929,0.0573336,1.49999,2,2.00909,9.90081,-12.1839,9.85712,-15.6837,9.85712,-15.6837,9.90081,-12.1839,9.72521,-12.1839,0.00909495,2,0.66667
9.9753,-14.1838,0.124001,1.49999,2,2.00055,9.97165,-12.1833,9.97804,-15.6833,9.85712,-15.6837,9.97165,-12.1833,10.1815,-12.1869,0.000545263,1,-0.66667
10.0748,-14.1739,0.066667,1.49999,2,1.98954,10.1158,-12.1848,10.0437,-15.684,10.0437,-15.684,10.1158,-12.1848,9.94178,-12.1817,-0.0104618,2,-0.66667
10.1747,-14.1705,1.6002e-11,1.49999,2,1.98539,10.2094,-12.1855,10.1483,-15.6849,10.0437,-15.684,10.2094,-12.1855,10.0357,-12.182,-0.0146052,1,-0.66667
10.2746,-14.1739,-0.066667,1.49999,2,1.98858,10.3031,-12.1855,10.253,-15.6851,10.253,-15.6851,10.3031,-12.1855,10.1292,-12.1845,-0.0114179,2,-0.66667
10.3741,-14.1839,-0.133334,1.49999,2,1.99902,10.3616,-12.1849,10.3836,-15.6848,10.253,-15.6851,10.3616,-12.1849,10.1865,-12.1846,-0.000981808,1,0.66667
10.4735,-14.195,-0.0786671,1.49999,2,2.01207,10.4562,-12.183,10.4863,-15.6829,10.4863,-15.6829,10.4562,-12.183,10.28,-12.1832,0.0120652,2,0.66667
10.5734,-14.1995,-0.0120001,1.49999,2,2.02038,10.4919,-12.1808,10.6331,-15.6779,10.4863,-15.6829,10.4919,-12.1808,10.7042,-12.1703,0.0203803,1,0.66667
10.6733,-14.1974,0.0546669,1.49999,2,2.02791,10.4919,-12.1776,10.805,-15.6636,10.805,-15.6636,10.4919,-12.1776,10.7749,-12.1703,0.0279121,2,0.66667
10.7729,-14.1886,0.121334,1.49999,2,2.01989,10.7746,-12.1687,10.7717,-15.6687,10.805,-15.6636,10.7746,-12.1687,10.4921,-12.178,0.0246774,2,0.66667
10.8717,-14.1732,0.188001,1.49999,2,2.00438,10.9147,-12.1693,10.8396,-15.6685,10.805,-15.6636,10.9147,-12.1693,10.7395,-12.1671,0.00437808,1,-0.66667
10.9704,-14.1571,0.128001,1.49999,2,1.98669,11.0282,-12.1713,10.9264,-15.6698,10.9264,-15.6698,11.0282,-12.1713,10.8544,-12.166,-0.0133147,2,-0.66667
11.0699,-14.1477,0.0613336,1.49999,2,1.97584,11.1212,-12.1725,11.0304,-15.6713,10.9264,-15.6698,11.1212,-12.1725,10.9484,-12.1695,-0.0241616,1,-0.66667
11.1699,-14.1449,-0.00533336,1.49999,2,1.9724,11.1804,-12.1725,11.1617,-15.6725,11.1617,-15.6725,11.1804,-12.1725,11.3873,-12.1768,-0.0276039,2,-0.66667
11.2698,-14.1488,-0.0720004,1.49999,2,1.97624,11.3086,-12.1729,11.2398,-15.6722,11.1617,-15.6725,11.3086,-12.1729,11.1359,-12.172,-0.0237622,1,-0.66667
11.3692,-14.1593,-0.138667,1.49999,2,1.98726,11.3673,-12.172,11.3706,-15.672,11.3706,-15.672,11.3673,-12.172,11.5759,-12.1739,-0.0127404,2,0.66667
11.4685,-14.1708,-0.0826671,1.49999,2,2.00084,11.4593,-12.17,11.4754,-15.6699,11.3706,-15.672,11.4593,-12.17,11.2842,-12.1704,0.000844955,1,0.66667
11.5684,-14.1757,-0.0160001,1.49999,2,2.0076,11.5655,-12.1681,11.5705,-15.6681,11.5705,-15.6681,11.5655,-12.1681,11.3898,-12.1685,0.00760055,2,0.66667
11.6683,-14.174,0.0506669,1.49999,2,2.00698,11.6717,-12.167,11.6658,-15.667,11.5705,-15.6681,11.6717,-12.167,11.8827,-12.1675,0.00697923,1,0.66667
11.768,-14.1656,0.117334,1.49999,2,1.99913,11.7777,-12.1665,11.7607,-15.6665,11.7607,-15.6665,11.7777,-12.1665,11.9875,-12.1701,-0.000871658,2,-0.66667
11.8675,-14.1565,0.058667,1.49999,2,1.989,11.9244,-12.1683,11.8243,-15.6668,11.7607,-15.6665,11.9244,-12.1683,11.7506,-12.1652,-0.0109977,1,-0.66667
11.9675,-14.1539,-0.00800004,1.49999,2,1.98579,11.9834,-12.1682,11.9554,-15.6681,11.9554,-15.6681,11.9834,-12.1682,12.1918,-12.1726,-0.0142051,2,-0.66667
12.0674,-14.1581,-0.074667,1.49999,2,1.98993,12.077,-12.1681,12.06,-15.6681,11.9554,-15.6681,12.077,-12.1681,11.903,-12.1679,-0.0100662,1,0.66667
12.1672,-14.1632,-0.0186668,1.49999,2,1.9966,12.1697,-12.1666,12.1654,-15.6666,12.1654,-15.6666,12.1697,-12.1666,11.995,-12.1672,-0.00339878,2,0.66667
12.2672,-14.1617,0.0480002,1.49999,2,1.99625,12.2759,-12.1655,12.2606,-15.6655,12.1654,-15.6666,12.2759,-12.1655,12.1012,-12.1635,-0.00374544,1,-0.66667
12.3671,-14.1591,-0.0066667,1.49999,2,1.99335,12.3804,-12.1658,12.3571,-15.6657,12.3571,-15.6657,12.3804,-12.1658,12.5896,-12.1703,-0.00665307,2,-0.66667
12.4671,-14.1631,-0.0733337,1.49999,2,1.99726,12.5089,-12.1663,12.4355,-15.6655,12.3571,-15.6657,12.5089,-12.1663,12.3344,-12.1652,-0.0027442,1,0.66667
12.5669,-14.168,-0.0160001,1.49999,2,2.00413,12.529,-12.1643,12.5952,-15.6636,12.5952,-15.6636,12.529,-12.1643,12.3535,-12.1654,0.00412774,2,0.66667
12.6669,-14.1663,0.0506669,1.49999,2,2.00737,12.5302,-12.1636,12.7685,-15.6555,12.5952,-15.6636,12.5302,-12.1636,12.3529,-12.162,0.00736904,1,0.66667
12.7665,-14.1579,0.117334,1.49999,2,2.00688,12.5664,-12.161,12.9154,-15.6436,12.9154,-15.6436,12.5664,-12.161,12.3876,-12.157,0.00687838,2,0.66667
12.8654,-14.1429,0.184001,1.49999,2,2.00679,12.6019,-12.1535,13.0614,-15.6232,12.9154,-15.6436,12.6019,-12.1535,12.4222,-12.1511,0.00678825,1,0.66667
12.963,-14.1213,0.250668,1.49999,2,2.00103,12.6031,-12.1529,13.2326,-15.5958,13.2326,-15.5958,12.6031,-12.1529,12.4223,-12.1535,0.00103211,2,-0.66667
13.0605,-14.0991,0.190668,1.49999,2,2.00401,12.6123,-12.1459,13.3951,-15.5572,13.2326,-15.5958,12.6123,-12.1459,12.4285,-12.1454,0.00400925,1,0.66667
13.1581,-14.0776,0.250668,1.49999,2,2.01121,12.5915,-12.1478,13.5775,-15.5061,13.2326,-15.5958,12.5915,-12.1478,12.4041,-12.1499,0.011209,1,0.66667
13.2541,-14.0496,0.317335,1.49999,2,2.01001,12.5937,-12.1511,13.7436,-15.4568,13.2326,-15.5958,12.5937,-12.1511,12.3971,-12.1411,0.0100129,1,0.66667
13.348,-14.0152,0.384002,1.49999,2,2.00487,12.6294,-12.1435,13.8838,-15.411,13.2326,-15.5958,12.6294,-12.1435,12.4287,-12.1305,0.00486612,1,-0.66667
13.4413,-13.9795,0.333335,1.49999,2,2.00904,12.6532,-12.1315,14.0263,-15.3509,13.2326,-15.5958,12.6532,-12.1315,12.4555,-12.1329,0.00904489,1,0.66667
13.535,-13.9444,0.390669,1.49999,2,2.01854,12.638,-12.1362,14.1933,-15.2716,13.2326,-15.5958,12.638,-12.1362,12.4343,-12.14,0.0185418,1,0.66667
13.6261,-13.9033,0.457336,1.49999,2,2.02753,12.6679,-12.1165,14.322,-15.201,13.2326,-15.5958,12.6679,-12.1165,12.4636,-12.127,0.0275323,1,0.66667
13.7143,-13.8562,0.524003,1.49999,2,2.05256,12.6565,-12.0972,14.4603,-15.0966,13.2326,-15.5958,12.6565,-12.0972,12.4472,-12.1137,0.0525641,1,0.66667
13.7992,-13.8033,0.59067,1.49999,2,2.02863,12.6694,-12.1184,14.6186,-15.0254,13.2326,-15.5958,12.6694,-12.1184,12.4267,-12.0989,0.0286345,1,-0.66667
13.8835,-13.7497,0.533336,1.49999,2,2.04685,12.6644,-12.1055,14.7491,-14.9169,13.2326,-15.5958,12.6644,-12.1055,12.4059,-12.0829,0.0468535,1,0.66667
13.9685,-13.697,0.588003,1.49999,2,2.05793,12.6542,-12.1134,14.8895,-14.8067,13.2326,-15.5958,12.6542,-12.1134,12.3803,-12.0915,0.0579298,1,0.66667
14.0498,-13.6388,0.65467,1.49999,2,2.05671,12.6867,-12.0986,15.0063,-14.7196,13.2326,-15.5958,12.6867,-12.0986,12.427,-12.0993,0.0567133,1,0.66667
14.127,-13.5753,0.721337,1.49999,2,2.07086,12.706,-12.0689,15.1077,-14.6149,13.2326,-15.5958,12.706,-12.0689,12.4475,-12.0804,0.0708647,1,0.66667
14.1999,-13.5068,0.788004,1.49999,2,2.08697,12.6949,-12.061,15.2189,-14.4857,13.2326,-15.5958,12.6949,-12.061,12.7331,-11.768,0.0869727,1,0.66667
14.268,-13.4336,0.854671,1.49999,2,2.07393,12.7035,-12.0721,15.3437,-14.3698,13.2326,-15.5958,12.7035,-12.0721,12.7418,-11.7952,0.0739262,1,0.66667
14.3311,-13.356,0.921338,1.49999,2,2.08317,12.717,-12.0391,15.4289,-14.2517,13.2326,-15.5958,12.717,-12.0391,12.7366,-11.7497,0.0831673,1,0.66667
14.3888,-13.2744,0.988005,1.49999,2,2.07438,12.719,-12.0437,15.5364,-14.1203,13.2326,-15.5958,12.719,-12.0437,12.7452,-11.774,0.0743783,1,0.66667
14.4411,-13.1892,1.05467,1.49999,2,2.07091,12.7358,-12.014,15.6178,-14.0001,13.2326,-15.5958,12.7358,-12.014,12.7603,-11.75,0.0709121,1,0.66667
14.4875,-13.1006,1.12134,1.49999,2,2.07985,12.7189,-12.0061,15.6951,-13.848,13.2326,-15.5958,12.7189,-12.0061,12.767,-11.7684,0.0798516,1,0.66667
14.5279,-13.0092,1.18801,1.49999,2,2.05,12.7337,-12.0174,15.7969,-13.7106,13.2326,-15.5958,12.7337,-12.0174,12.7727,-11.7833,0.0500033,1,-0.66667
14.5671,-12.9172,1.13467,1.49999,2,2.04137,12.7481,-11.9908,15.8669,-13.5791,13.2326,-15.5958,12.7481,-11.9908,12.7736,-11.753,0.0413749,1,0.66667
14.6069,-12.8255,1.19467,1.49999,2,2.04815,12.7439,-11.9745,15.9275,-13.4287,13.2326,-15.5958,12.7439,-11.9745,12.7681,-11.7401,0.048151,1,0.66667
14.6405,-12.7313,1.26134,1.49999,2,2.03862,12.7468,-11.9765,15.9981,-13.2724,13.2326,-15.5958,12.7468,-11.9765,12.7727,-11.7494,0.0386233,1,0.66667
14.6678,-12.6351,1.32801,1.49999,2,2.0352,12.7543,-11.942,16.045,-13.134,13.2326,-15.5958,12.7543,-11.942,12.7828,-11.7194,0.0351994,1,0.66667
14.6886,-12.5373,1.39467,1.49999,2,2.0279,12.7502,-11.9413,16.0957,-12.97,16.0957,-12.97,12.7502,-11.9413,12.7853,-11.7259,0.0279038,2,0.66667
14.7028,-12.4384,1.46134,1.49999,2,2.01307,12.7519,-11.9421,16.1438,-12.8049,16.0957,-12.97,12.7519,-11.9421,12.7807,-11.7285,0.0130701,1,-0.66667
14.7161,-12.3393,1.40401,1.49999,2,2.00382,12.7603,-11.9036,16.1765,-12.6645,16.1765,-12.6645,12.7603,-11.9036,12.7916,-11.6932,0.0038197,2,-0.66667
14.736,-12.2413,1.33734,1.49999,2,2.00591,12.7569,-11.9145,16.2101,-12.4847,16.1765,-12.6645,12.7569,-11.9145,12.7874,-11.7054,0.00591111,1,0.66667
14.7569,-12.1435,1.39334,1.49999,2,2.01444,12.7629,-11.8573,16.2274,-12.3546,16.2274,-12.3546,12.7629,-11.8573,12.7921,-11.6475,0.014436,2,0.66667
14.7713,-12.0446,1.46001,1.49999,2,2.0163,12.7763,-11.7518,16.2392,-12.26,16.2274,-12.3546,12.7763,-11.7518,12.7504,-11.9264,0.0163028,1,0.66667
14.779,-11.9449,1.52667,1.49999,2,2.0109,12.7903,-11.6467,16.2516,-12.1657,16.2516,-12.1657,12.7903,-11.6467,12.7648,-11.8207,0.010895,2,-0.66667
14.7858,-11.8451,1.46934,1.49999,2,2.00306,12.8064,-11.5382,16.2651,-12.0745,16.2516,-12.1657,12.8064,-11.5382,12.8393,-11.3304,0.00305533,1,-0.66667
14.7993,-11.7461,1.40267,1.49999,2,2.00209,12.8199,-11.4455,16.2802,-11.9709,16.2802,-11.9709,12.8199,-11.4455,12.7933,-11.6187,0.00209117,2,-0.66667
14.8193,-11.6481,1.33601,1.49999,2,2.00839,12.8327,-11.3529,16.2947,-11.8674,16.2802,-11.9709,12.8327,-11.3529,12.806,-11.5266,0.00838876,1,0.66667
14.8402,-11.5503,1.39334,1.49999,2,2.01712,12.8435,-11.2638,16.308,-11.761,16.308,-11.761,12.8435,-11.2638,12.82,-11.4385,0.0171223,2,0.66667
14.8545,-11.4514,1.46001,1.49999,2,2.01898,12.8569,-11.1583,16.3198,-11.6664,16.308,-11.761,12.8569,-11.1583,12.831,-11.333,0.0189762,1,0.66667
14.8623,-11.3517,1.52667,1.49999,2,2.01356,12.871,-11.0531,16.3323,-11.5721,16.3323,-11.5721,12.871,-11.0531,12.8454,-11.2274,0.0135553,2,-0.66667
14.869,-11.2519,1.47067,1.49999,2,2.0056,12.8923,-10.9128,16.3418,-11.5047,16.3323,-11.5721,12.8923,-10.9128,12.8653,-11.0859,0.00560379,1,-0.66667
14.8823,-11.1529,1.40401,1.49999,2,2.00639,12.889,-10.9238,16.3661,-11.3234,16.3661,-11.3234,12.889,-10.9238,12.8638,-11.098,0.00639009,2,0.66667
14.8966,-11.0539,1.46001,1.49999,2,2.01374,12.8863,-10.9363,16.3803,-11.1407,16.3661,-11.3234,12.8863,-10.9363,12.8638,-11.1125,0.0137386,1,0.66667
14.9043,-10.9542,1.52667,1.49999,2,2.02199,12.8824,-10.9356,16.3823,-10.9678,16.3823,-10.9678,12.8824,-10.9356,12.8592,-11.1142,0.021992,2,0.66667
14.9054,-10.8542,1.59334,1.49999,2,2.02354,12.8835,-10.9352,16.3807,-10.7952,16.3823,-10.9678,12.8835,-10.9352,12.8531,-11.1168,0.0235355,1,0.66667
14.8998,-10.7544,1.66001,1.49999,2,2.02897,12.8789,-10.9352,16.365,-10.6234,16.3823,-10.9678,12.8789,-10.9352,12.8455,-11.1208,0.0289726,1,0.66667
14.8876,-10.6552,1.72668,1.49999,2,2.02442,12.878,-10.8995,16.3524,-10.4771,16.3823,-10.9678,12.878,-10.8995,12.8415,-11.0875,0.0244241,1,0.66667
14.8688,-10.557,1.79334,1.49999,2,2.01853,12.8738,-10.8641,16.333,-10.3316,16.3823,-10.9678,12.8738,-10.8641,12.8506,-11.0509,0.0185325,1,0.66667
14.8435,-10.4603,1.86001,1.49999,2,2.01643,12.868,-10.8647,16.2969,-10.1627,16.3823,-10.9678,12.868,-10.8647,12.8412,-11.056,0.0164337,1,0.66667
14.8118,-10.3654,1.92668,1.49999,2,2.01652,12.8585,-10.8666,16.2487,-9.99676,16.3823,-10.9678,12.8585,-10.8666,12.8303,-11.0629,0.0165229,1,0.66667
14.7739,-10.2729,1.99334,1.49999,2,1.99971,12.8637,-10.8646,16.207,-9.82904,16.3823,-10.9678,12.8637,-10.8646,12.8178,-11.0716,-0.000285983,1,-0.66667
14.7346,-10.181,1.94134,1.49999,2,1.9904,12.8553,-10.8365,16.16,-9.68374,16.3823,-10.9678,12.8553,-10.8365,12.8042,-11.0498,-0.00960112,1,-0.66667
14.7016,-10.0866,1.87468,1.49999,2,1.99538,12.8569,-10.8473,16.0925,-9.51298,16.3823,-10.9678,12.8569,-10.8473,12.807,-11.0691,-0.00461638,1,0.66667
14.6692,-9.99201,1.93334,1.49999,2,2.0034,12.8502,-10.8315,16.0281,-9.36491,16.3823,-10.9678,12.8502,-10.8315,12.8388,-11.0391,0.00339794,1,0.66667
14.6307,-9.89976,2.00001,1.49999,2,2.00657,12.8523,-10.8291,15.9542,-9.20805,16.3823,-10.9678,12.8523,-10.8291,12.822,-11.0561,0.00657058,1,0.66667
14.5861,-9.81028,2.06668,1.49999,2,2.02766,12.8374,-10.8367,15.8558,-9.06497,16.3823,-10.9678,12.8374,-10.8367,12.8029,-11.0781,0.0276573,1,0.66667
14.5356,-9.72398,2.13334,1.49999,2,2.01835,12.8473,-10.8301,15.7749,-8.912,16.3823,-10.9678,12.8473,-10.8301,12.5587,-10.7413,0.018353,1,-0.66667
14.4841,-9.63826,2.07868,1.49999,2,2.01689,12.834,-10.798,15.6975,-8.78548,16.3823,-10.9678,12.834,-10.798,12.7645,-11.0863,0.0168927,1,0.66667
14.4331,-9.55229,2.14001,1.49999,2,2.04339,12.8364,-10.8275,15.5712,-8.64328,16.3823,-10.9678,12.8364,-10.8275,12.5528,-10.7554,0.0433912,1,0.66667
14.3764,-9.46992,2.20668,1.49999,2,2.04064,12.8231,-10.7934,15.4872,-8.52344,16.3823,-10.9678,12.8231,-10.7934,12.5298,-10.7359,0.0406406,1,0.66667
14.3144,-9.3915,2.27334,1.49999,2,2.05844,12.7907,-10.7756,15.3814,-8.4222,16.3823,-10.9678,12.7907,-10.7756,12.5068,-10.717,0.0584378,1,0.66667
14.2473,-9.31739,2.34001,1.49999,2,2.07195,12.784,-10.7843,15.2557,-8.30634,16.3823,-10.9678,12.784,-10.7843,12.5294,-10.7121,0.07195,1,0.66667
14.1754,-9.24792,2.40668,1.49999,2,2.06298,12.7921,-10.7784,15.1389,-8.18182,16.3823,-10.9678,12.7921,-10.7784,12.5481,-10.7076,0.0629761,1,0.66667
14.099,-9.18339,2.47335,1.49999,2,2.06992,12.7605,-10.7623,15.0237,-8.09252,16.3823,-10.9678,12.7605,-10.7623,12.5067,-10.7056,0.0699239,1,0.66667
14.0185,-9.12409,2.54001,1.49999,2,2.05857,12.7662,-10.758,14.8953,-7.98004,16.3823,-10.9678,12.7662,-10.758,12.5237,-10.701,0.0585668,1,0.66667
13.9342,-9.07028,2.60668,1.49999,2,2.05902,12.7342,-10.7435,14.774,-7.89934,16.3823,-10.9678,12.7342,-10.7435,12.4985,-10.6846,0.0590227,1,0.66667
13.8466,-9.02221,2.67335,1.49999,2,2.0545,12.7327,-10.7486,14.6302,-7.80757,16.3823,-10.9678,12.7327,-10.7486,12.5112,-10.6814,0.0544984,1,0.66667
13.7559,-8.98009,2.74001,1.49999,2,2.03916,12.736,-10.7459,14.4865,-7.71508,16.3823,-10.9678,12.736,-10.7459,12.5212,-10.6789,0.0391583,1,-0.66667
13.6649,-8.93855,2.68001,1.49999,2,2.03403,12.696,-10.727,14.3632,-7.64959,16.3823,-10.9678,12.696,-10.727,12.4782,-10.6686,0.034035,1,0.66667
13.5746,-8.89577,2.73201,1.49999,2,2.03027,12.7337,-10.7437,14.1833,-7.55803,14.1833,-7.55803,12.7337,-10.7437,12.5198,-10.6888,0.0302691,2,0.66667
13.4816,-8.85904,2.79868,1.49999,2,2.03027,12.6998,-10.7328,14.0475,-7.50265,14.1833,-7.55803,12.6998,-10.7328,12.4891,-10.6758,0.0302739,1,0.66667
13.3863,-8.82858,2.86535,1.49999,2,2.02641,12.6658,-10.7226,13.9103,-7.45129,13.9103,-7.45129,12.6658,-10.7226,12.4583,-10.6636,0.0264139,2,0.66667
13.2893,-8.80453,2.93201,1.49999,2,2.01781,12.6655,-10.7235,13.7475,-7.39495,13.9103,-7.45129,12.6655,-10.7235,12.4615,-10.6632,0.0178077,1,-0.66667
13.1921,-8.78111,2.87201,1.49999,2,2.01261,12.6223,-10.7114,13.6132,-7.35458,13.6132,-7.35458,12.6223,-10.7114,12.4195,-10.6513,0.0126102,2,-0.66667
13.0967,-8.75129,2.80535,1.49999,2,2.01492,12.4986,-10.6754,13.5374,-7.33313,13.6132,-7.35458,12.4986,-10.6754,12.6675,-10.7253,0.0149167,1,0.66667
13.0017,-8.71992,2.85468,1.49999,2,2.02028,12.4639,-10.6673,13.3956,-7.2936,13.3956,-7.2936,12.4639,-10.6673,12.2601,-10.6086,0.020278,2,0.66667
12.9049,-8.69484,2.92135,1.49999,2,2.019,12.3275,-10.6295,13.3285,-7.27571,13.3956,-7.2936,12.3275,-10.6295,12.4972,-10.6778,0.0189974,1,0.66667
12.8067,-8.67626,2.98801,1.49999,2,2.0105,12.2593,-10.6108,13.2123,-7.24304,13.2123,-7.24304,12.2593,-10.6108,12.0574,-10.5496,0.0105002,2,-0.66667
12.7084,-8.65819,2.92668,1.49999,2,1.99986,12.1132,-10.5674,13.1548,-7.22603,13.2123,-7.24304,12.1132,-10.5674,12.2805,-10.6183,-0.000138164,1,-0.66667
12.6115,-8.63363,2.86001,1.49999,2,1.99629,12.0567,-10.5513,13.0293,-7.18914,13.0293,-7.18914,12.0567,-10.5513,11.8565,-10.4898,-0.00371349,2,-0.66667
12.5164,-8.60266,2.79335,1.49999,2,1.99995,11.9332,-10.5157,12.9538,-7.1678,13.0293,-7.18914,11.9332,-10.5157,12.1011,-10.5645,-5.16176e-05,1,0.66667
12.4216,-8.57095,2.85201,1.49999,2,2.00593,11.8824,-10.5031,12.8231,-7.13187,12.8231,-7.13187,11.8824,-10.5031,11.6799,-10.4448,0.00593066,2,0.66667
12.3248,-8.54561,2.91868,1.49999,2,2.00504,11.7799,-10.4752,12.7312,-7.10694,12.8231,-7.13187,11.7799,-10.4752,11.5774,-10.417,0.0050385,1,0.66667
12.2267,-8.52677,2.98535,1.49999,2,1.99678,11.6779,-10.4467,12.6398,-7.08145,12.6398,-7.08145,11.6779,-10.4467,11.4773,-10.386,-0.00321651,2,-0.66667
12.1283,-8.50869,2.92668,1.49999,2,1.9863,11.5372,-10.405,12.5788,-7.06359,12.6398,-7.08145,11.5372,-10.405,11.7034,-10.4554,-0.0136952,1,-0.66667
12.0314,-8.48413,2.86001,1.49999,2,1.98279,11.4804,-10.3888,12.453,-7.02668,12.453,-7.02668,11.4804,-10.3888,11.2815,-10.3278,-0.0172112,2,-0.66667
11.9363,-8.45316,2.79335,1.49999,2,1.98654,11.3571,-10.3534,12.3777,-7.00547,12.453,-7.02668,11.3571,-10.3534,11.5238,-10.4017,-0.0134648,1,-0.66667
11.8436,-8.41593,2.72668,1.49999,2,1.99748,11.3006,-10.3382,12.252,-6.96999,12.252,-6.96999,11.3006,-10.3382,11.0994,-10.279,-0.00252211,2,0.66667
11.7511,-8.37786,2.78401,1.49999,2,2.01087,11.2141,-10.3157,12.1487,-6.94281,12.252,-6.96999,11.2141,-10.3157,11.3835,-10.3635,0.0108664,1,0.66667
11.6563,-8.34601,2.85068,1.49999,2,2.01742,11.1115,-10.2885,12.0567,-6.91853,12.0567,-6.91853,11.1115,-10.2885,11.2814,-10.3364,0.0174243,2,0.66667
11.5596,-8.32054,2.91735,1.49999,2,2.01663,11.0089,-10.2605,11.9647,-6.89356,12.0567,-6.91853,11.0089,-10.2605,10.8052,-10.2021,0.0166264,1,0.66667
11.4615,-8.30157,2.98401,1.49999,2,2.00853,10.9069,-10.232,11.8733,-6.86809,11.8733,-6.86809,10.9069,-10.232,10.7051,-10.1709,0.00852895,2,-0.66667
11.3632,-8.28311,2.92268,1.49999,2,1.99842,10.7609,-10.1886,11.8158,-6.85137,11.8733,-6.86809,10.7609,-10.1886,10.928,-10.2393,-0.00158,1,-0.66667
11.2664,-8.25816,2.85601,1.49999,2,1.99558,10.7377,-10.1824,11.665,-6.8075,11.665,-6.8075,10.7377,-10.1824,10.9053,-10.233,-0.00441706,2,-0.66667
11.1715,-8.22681,2.78935,1.49999,2,2.00412,10.7485,-10.1858,11.4871,-6.76462,11.665,-6.8075,10.7485,-10.1858,10.544,-10.1374,0.00411534,1,0.66667
11.0768,-8.19461,2.84668,1.49999,2,2.01704,10.5243,-10.1345,11.483,-6.76837,11.483,-6.76837,10.5243,-10.1345,10.7645,-10.1896,0.0170367,2,0.66667
10.9802,-8.16875,2.91335,1.49999,2,2.01663,10.4217,-10.1065,11.391,-6.7434,11.483,-6.76837,10.4217,-10.1065,10.73,-10.1839,0.0166283,1,0.66667
10.8821,-8.14939,2.98001,1.49999,2,2.00907,10.3197,-10.0781,11.2995,-6.71808,11.2995,-6.71808,10.3197,-10.0781,10.1178,-10.0171,0.00907063,2,-0.66667
10.7839,-8.13078,2.92135,1.49999,2,1.99922,10.1788,-10.0362,11.2382,-6.70041,11.2995,-6.71808,10.1788,-10.0362,10.346,-10.0869,-0.00078094,1,-0.66667
10.6871,-8.1057,2.85468,1.49999,2,1.99626,10.1222,-10.0204,11.1127,-6.66344,11.1127,-6.66344,10.1222,-10.0204,7.78251,-5.63028,-0.0037421,2,-0.66667
10.5922,-8.07423,2.78801,1.49999,2,2.00064,10.0321,-9.99485,11.012,-6.63483,11.1127,-6.66344,10.0321,-9.99485,7.78023,-5.60742,-0.00373407,2,-0.66667
10.4996,-8.0365,2.72135,1.49999,2,2.01222,9.94234,-9.97001,10.9117,-6.60692,11.1127,-6.66344,9.94234,-9.97001,7.73516,-5.71038,-0.0037095,2,-0.66667
10.4098,-7.99269,2.65468,1.49999,2,2.02753,9.71969,-9.89917,10.9109,-6.60814,11.1127,-6.66344,9.71969,-9.89917,7.69982,-5.80619,-0.00366848,2,-0.66667
10.323,-7.94299,2.58801,1.49999,2,2.04917,9.69938,-9.89496,10.7645,-6.56099,11.1127,-6.66344,9.69938,-9.89496,7.75373,-5.57065,-0.0036112,2,-0.66667
10.2398,-7.88762,2.52135,1.49999,2,2.07952,9.71776,-9.90057,10.5963,-6.51263,11.1127,-6.66344,9.71776,-9.90057,7.6869,-5.78039,-0.00353792,2,-0.66667
10.1604,-7.82683,2.45468,1.49999,2,2.11887,9.63496,-9.87952,10.5029,-6.48884,11.1127,-6.66344,9.63496,-9.87952,7.70136,-5.66217,-0.00344895,2,-0.66667
10.0852,-7.76088,2.38801,1.49999,2,2.16475,9.55503,-9.85971,10.4123,-6.46631,11.1127,-6.66344,9.55503,-9.85971,7.66454,-5.78823,-0.0033447,2,-0.66667
10.0146,-7.69008,2.32134,1.49999,2,2.21697,9.47842,-9.84122,10.325,-6.44515,11.1127,-6.66344,9.47842,-9.84122,7.6149,-5.94677,-0.00322561,2,-0.66667
9.94892,-7.61473,2.25468,1.49999,2,2.27515,9.40558,-9.82405,10.2414,-6.42533,11.1127,-6.66344,9.40558,-9.82405,7.66374,-5.70967,-0.00309221,2,-0.66667
9.88837,-7.53517,2.18801,1.49999,2,2.33902,9.33692,-9.80825,10.1621,-6.40692,11.1127,-6.66344,9.33692,-9.80825,7.64758,-5.74404,-0.0029451,2,-0.66667
9.83325,-7.45175,2.12134,1.49999,2,2.40819,9.31382,-9.80326,10.0687,-6.38565,11.1127,-6.66344,9.31382,-9.80326,7.59621,-5.9168,-0.00278493,2,-0.66667
9.78381,-7.36485,2.05468,1.49999,2,2.45756,7.38244,-6.84233,10.8024,-7.58649,11.1127,-6.66344,7.38244,-6.84233,10.3886,-10.0432,-0.00261239,2,-0.66667
9.74028,-7.27484,1.98801,1.49999,2,2.39649,7.39699,-6.77268,10.8193,-7.50608,11.1127,-6.66344,7.39699,-6.77268,10.1655,-9.98883,-0.00242826,2,-0.66667
9.70283,-7.18214,1.92134,1.49999,2,2.34148,7.40371,-6.73876,10.8404,-7.40151,11.1127,-6.66344,7.40371,-6.73876,10.2549,-10.0001,-0.00223334,2,-0.66667
9.67164,-7.08715,1.85468,1.49999,2,2.29273,7.41904,-6.66008,10.8578,-7.31202,11.1127,-6.66344,7.41904,-6.66008,10.419,-10.0265,-0.0020285,2,-0.66667
9.64686,-6.99029,1.78801,1.49999,2,2.25053,7.43441,-6.57804,10.8752,-7.21916,11.1127,-6.66344,7.43441,-6.57804,10.483,-10.0167,-0.00181465,2,-0.66667
9.62857,-6.89199,1.72134,1.49999,2,2.21386,7.47475,-6.37989,10.8798,-7.18949,11.1127,-6.66344,7.47475,-6.37989,10.4974,-9.99834,-0.00159273,2,-0.66667
9.61688,-6.7927,1.65467,1.49999,2,2.18215,7.47625,-6.36906,10.9097,-7.04854,11.1127,-6.66344,7.47625,-6.36906,10.2775,-9.95331,-0.00136372,2,-0.66667
9.61183,-6.69284,1.58801,1.49999,2,2.1606,7.48415,-6.31714,10.9308,-6.92575,11.1127,-6.66344,7.48415,-6.31714,10.4279,-9.96933,-0.00112865,2,-0.66667
9.61344,-6.59287,1.52134,1.49999,2,2.14697,7.49194,-6.26317,10.9504,-6.80065,11.1127,-6.66344,7.49194,-6.26317,10.5301,-9.9746,-0.000888541,2,-0.66667
9.62171,-6.49323,1.45467,1.49999,2,2.14025,7.50583,-6.17122,10.966,-6.69782,11.1127,-6.66344,7.50583,-6.17122,10.5099,-9.96606,-0.00064447,2,0.66667
9.63063,-6.39365,1.51467,1.49999,2,2.13612,7.51643,-6.0884,10.9805,-6.58855,11.1127,-6.66344,7.51643,-6.0884,10.5698,-9.95209,-0.00640111,2,-0.66667
9.63904,-6.29402,1.45334,1.49999,2,2.13021,7.53351,-5.97071,10.993,-6.50192,11.1127,-6.66344,7.53351,-5.97071,10.3651,-9.93769,-0.0192318,2,-0.66667
9.65406,-6.19518,1.38667,1.49999,2,2.13134,7.5464,-5.87832,11.0075,-6.39865,11.1127,-6.66344,7.5464,-5.87832,7.51933,-6.06275,0.13134,1,0.66667
9.66997,-6.09647,1.44401,1.49999,2,2.13486,7.55225,-5.82651,11.0241,-6.26909,11.0241,-6.26909,7.55225,-5.82651,7.58404,-5.60473,0.134856,2,0.66667
9.6793,-5.99692,1.51067,1.49999,2,2.13146,7.57094,-5.6839,11.033,-6.1979,11.0241,-6.26909,7.57094,-5.6839,7.54508,-5.86845,0.131461,1,0.66667
9.68197,-5.89698,1.57734,1.49999,2,2.1209,7.58506,-5.57891,11.0455,-6.1038,11.0455,-6.1038,7.58506,-5.57891,7.55684,-5.76234,0.120904,2,0.66667
9.67799,-5.79707,1.64401,1.49999,2,2.10325,7.59952,-5.47511,11.0583,-6.01089,11.0455,-6.1038,7.59952,-5.47511,7.57184,-5.65698,0.103252,1,0.66667
9.66736,-5.69766,1.71068,1.49999,2,2.07738,7.62145,-5.33744,11.0684,-5.94434,11.0684,-5.94434,7.62145,-5.33744,7.5898,-5.51642,0.0773759,2,-0.66667
9.65558,-5.59837,1.65601,1.49999,2,2.04991,7.63157,-5.27353,11.0873,-5.82816,11.0684,-5.94434,7.63157,-5.27353,7.66799,-5.06141,0.0499144,1,-0.66667
9.6504,-5.49853,1.58934,1.49999,2,2.02899,7.65185,-5.14837,11.0993,-5.75238,11.0993,-5.75238,7.65185,-5.14837,7.62153,-5.32325,0.0289891,2,-0.66667
9.65188,-5.39855,1.52267,1.49999,2,2.01548,7.6599,-5.0917,11.1191,-5.62457,11.0993,-5.75238,7.6599,-5.0917,7.6943,-4.8829,0.0154779,1,-0.66667
9.66001,-5.2989,1.45601,1.49999,2,2.00905,7.67343,-4.99928,11.1343,-5.52126,11.1343,-5.52126,7.67343,-4.99928,7.64572,-5.17298,0.0090487,2,-0.66667
9.67477,-5.20002,1.38934,1.49999,2,2.01017,7.68615,-4.90648,11.1486,-5.41757,11.1343,-5.52126,7.68615,-4.90648,7.66106,-5.08049,0.0101659,1,0.66667
9.69029,-5.10125,1.44801,1.49999,2,2.01357,7.69188,-4.85462,11.1655,-5.28331,11.1655,-5.28331,7.69188,-4.85462,7.72133,-4.64539,0.0135682,2,0.66667
9.69922,-5.00167,1.51467,1.49999,2,2.01,7.70985,-4.71444,11.1739,-5.21459,11.1655,-5.28331,7.70985,-4.71444,7.6859,-4.88855,0.010004,1,-0.66667
9.70701,-4.90199,1.46001,1.49999,2,2.00387,7.72437,-4.61106,11.1873,-5.1192,11.1873,-5.1192,7.72437,-4.61106,7.69666,-4.78439,0.00387025,2,-0.66667
9.72137,-4.80304,1.39334,1.49999,2,2.00463,7.73708,-4.51825,11.2016,-5.01549,11.1873,-5.1192,7.73708,-4.51825,7.71212,-4.69185,0.00462532,1,0.66667
9.73687,-4.70427,1.44801,1.49999,2,2.00836,7.73964,-4.4931,11.2202,-4.8611,11.2202,-4.8611,7.73964,-4.4931,7.7667,-4.28422,0.00835967,2,0.66667
9.7458,-4.60469,1.51467,1.49999,2,2.00587,7.76052,-4.31805,11.2246,-4.8182,11.2202,-4.8611,7.76052,-4.31805,7.73817,-4.49189,0.0058651,1,-0.66667
9.75396,-4.50504,1.45601,1.49999,2,2.00008,7.77624,-4.20674,11.2371,-4.72873,11.2371,-4.72873,7.77624,-4.20674,7.74879,-4.37969,8.41618e-05,2,-0.66667
9.76871,-4.40615,1.38934,1.49999,2,2.00126,7.7889,-4.11391,11.2514,-4.62501,11.2371,-4.72873,7.7889,-4.11391,7.76403,-4.28716,0.0012629,1,0.66667
9.78411,-4.30736,1.44934,1.49999,2,2.00463,7.79879,-4.02979,11.2651,-4.51442,11.2651,-4.51442,7.79879,-4.02979,7.77481,-4.2035,0.00463367,2,0.66667
9.79291,-4.20777,1.51601,1.49999,2,2.00099,7.81207,-3.92447,11.2768,-4.42,11.2651,-4.51442,7.81207,-3.92447,7.78834,-4.09782,0.000993967,1,-0.66667
9.80069,-4.10809,1.46001,1.49999,2,1.99488,7.82694,-3.81846,11.2898,-4.3266,11.2898,-4.3266,7.82694,-3.81846,7.85766,-3.61108,-0.00511503,2,-0.66667
9.81505,-4.00914,1.39334,1.49999,2,1.9957,7.83959,-3.72561,11.3041,-4.22286,11.2898,-4.3266,7.83959,-3.72561,7.81485,-3.89845,-0.00429618,1,-0.66667
9.83597,-3.91137,1.32667,1.49999,2,2.00358,7.85182,-3.63297,11.3179,-4.11931,11.3179,-4.11931,7.85182,-3.63297,7.82694,-3.80653,0.00358272,2,0.66667
9.85777,-3.8138,1.38401,1.49999,2,2.01398,7.86196,-3.54387,11.3304,-4.01296,11.3179,-4.11931,7.86196,-3.54387,7.84013,-3.71856,0.0139766,1,0.66667
9.87305,-3.71499,1.45067,1.49999,2,2.01758,7.87001,-3.47321,11.3448,-3.89264,11.3448,-3.89264,7.87001,-3.47321,7.84582,-3.64835,0.0175796,2,0.66667
9.88172,-3.61539,1.51734,1.49999,2,2.0164,7.87318,-3.43744,11.3595,-3.74631,11.3448,-3.89264,7.87318,-3.43744,7.84651,-3.61315,0.0163996,1,0.66667
9.88373,-3.51542,1.58401,1.49999,2,2.01472,7.87055,-3.43657,11.3679,-3.57356,11.3679,-3.57356,7.87055,-3.43657,7.84139,-3.61377,0.0147166,2,0.66667
9.87908,-3.41555,1.65067,1.49999,2,2.00747,7.87166,-3.40071,11.3716,-3.42658,11.3679,-3.57356,7.87166,-3.40071,7.84766,-3.57816,0.00747442,1,-0.66667
9.87377,-3.31571,1.59067,1.49999,2,2.01508,7.86172,-3.42604,11.3565,-3.2344,11.3565,-3.2344,7.86172,-3.42604,7.83678,-3.60702,0.0150762,2,0.66667
9.86923,-3.21583,1.64934,1.49999,2,2.02133,7.86089,-3.44466,11.3384,-3.04844,11.3565,-3.2344,7.86089,-3.44466,7.83822,-3.62905,0.0213335,1,0.66667
9.85807,-3.11647,1.71601,1.49999,2,2.01092,7.86831,-3.40745,11.3315,-2.90101,11.3565,-3.2344,7.86831,-3.40745,7.83392,-3.5957,0.0109179,1,-0.66667
9.84614,-3.01721,1.65734,1.49999,2,2.01573,7.86077,-3.3658,11.308,-2.76053,11.3565,-3.2344,7.86077,-3.3658,7.82855,-3.55625,0.0157347,1,0.66667
9.83495,-2.91785,1.71601,1.49999,2,2.02259,7.86677,-3.38383,11.2726,-2.57748,11.3565,-3.2344,7.86677,-3.38383,7.8303,-3.5816,0.0225904,1,0.66667
9.81719,-2.81946,1.78268,1.49999,2,2.04022,7.85738,-3.3866,11.2194,-2.41367,11.3565,-3.2344,7.85738,-3.3866,7.83466,-3.58603,0.0402203,1,0.66667
9.79292,-2.72247,1.84934,1.49999,2,2.04061,7.85174,-3.35168,11.1812,-2.27248,11.3565,-3.2344,7.85174,-3.35168,7.82638,-3.55557,0.0406086,1,0.66667
9.76224,-2.62731,1.91601,1.49999,2,2.05515,7.84077,-3.35641,11.1131,-2.11473,11.3565,-3.2344,7.84077,-3.35641,7.81196,-3.56924,0.0551462,1,0.66667
9.72529,-2.53441,1.98268,1.49999,2,2.05032,7.84644,-3.35521,11.0537,-1.95406,11.3565,-3.2344,7.84644,-3.35521,7.79556,-3.58648,0.0503151,1,0.66667
9.68223,-2.44417,2.04934,1.49999,2,2.04731,7.83311,-3.32294,10.9943,-1.82064,11.3565,-3.2344,7.83311,-3.32294,7.78394,-3.55873,0.0473108,1,0.66667
9.63326,-2.35701,2.11601,1.49999,2,2.05191,7.82555,-3.32785,10.909,-1.67186,11.3565,-3.2344,7.82555,-3.32785,7.76402,-3.58199,0.0519118,1,0.66667
9.57859,-2.2733,2.18268,1.49999,2,2.03607,7.81633,-3.29312,10.8456,-1.54005,11.3565,-3.2344,7.81633,-3.29312,7.78074,-3.53488,0.0360706,1,-0.66667
9.52286,-2.19028,2.12934,1.49999,2,2.03503,7.81619,-3.29871,10.7515,-1.39236,11.3565,-3.2344,7.81619,-3.29871,7.75254,-3.57352,0.0350299,1,0.66667
9.46773,-2.10688,2.18801,1.49999,2,2.03864,7.82607,-3.3156,10.6445,-1.24043,11.3565,-3.2344,7.82607,-3.3156,7.54138,-3.23542,0.0386384,1,0.66667
9.40718,-2.02732,2.25468,1.49999,2,2.04759,7.7977,-3.2931,10.5488,-1.12947,11.3565,-3.2344,7.7977,-3.2931,7.48889,-3.23455,0.0475883,1,0.66667
9.34146,-1.95197,2.32134,1.49999,2,2.04515,7.79804,-3.29379,10.4394,-0.997444,11.3565,-3.2344,7.79804,-3.29379,7.51873,-3.2284,0.0451455,1,0.66667
9.27087,-1.88116,2.38801,1.49999,2,2.04045,7.77428,-3.26813,10.3414,-0.889063,11.3565,-3.2344,7.77428,-3.26813,7.49749,-3.20893,0.0404484,1,0.66667
9.19572,-1.81522,2.45468,1.49999,2,2.04315,7.74201,-3.2509,10.2323,-0.791521,11.3565,-3.2344,7.74201,-3.2509,7.47623,-3.18996,0.0431485,1,0.66667
9.11634,-1.75443,2.52135,1.49999,2,2.04144,7.73618,-3.25863,10.1024,-0.679716,11.3565,-3.2344,7.73618,-3.25863,7.49685,-3.18534,0.0414369,1,0.66667
9.03309,-1.69906,2.58801,1.49999,2,2.02007,7.74225,-3.2529,9.97877,-0.560705,11.3565,-3.2344,7.74225,-3.2529,7.49944,-3.19475,0.0200729,1,-0.66667
8.94941,-1.64434,2.52935,1.49999,2,2.00512,7.74049,-3.24403,9.8507,-0.451726,11.3565,-3.2344,7.74049,-3.24403,7.50747,-3.18634,0.00512195,1,-0.66667
8.86955,-1.58418,2.46268,1.49999,2,2.0166,7.71579,-3.23812,9.71825,-0.367559,11.3565,-3.2344,7.71579,-3.23812,7.48419,-3.18354,0.0165985,1,0.66667
8.79046,-1.52302,2.51601,1.49999,2,2.0192,7.75523,-3.25665,9.54965,-0.251654,11.3565,-3.2344,7.75523,-3.25665,7.52989,-3.2054,0.0192046,1,0.66667
8.70751,-1.46721,2.58268,1.49999,2,2.0323,7.7215,-3.24429,9.41958,-0.183828,11.3565,-3.2344,7.7215,-3.24429,7.49931,-3.19118,0.0323031,1,0.66667
8.62102,-1.41704,2.64935,1.49999,2,2.04701,7.71713,-3.25368,9.26261,-0.113381,9.26261,-0.113381,7.71713,-3.25368,7.5053,-3.18851,0.0470052,2,0.66667
8.53138,-1.37275,2.71601,1.49999,2,2.0417,7.72105,-3.24676,9.11017,-0.0342349,9.26261,-0.113381,7.72105,-3.24676,7.50995,-3.18669,0.0416956,1,0.66667
8.43899,-1.33454,2.78268,1.49999,2,2.04465,7.68749,-3.23608,8.9739,0.0189373,8.9739,0.0189373,7.68749,-3.23608,7.47496,-3.18136,0.0446541,2,0.66667
8.34427,-1.30256,2.84935,1.49999,2,2.04167,7.68817,-3.23594,8.8129,0.078414,8.9739,0.0189373,7.68817,-3.23594,7.47911,-3.1797,0.0416744,1,0.66667
8.24762,-1.27696,2.91601,1.49999,2,2.03837,7.65421,-3.22704,8.67312,0.121363,8.67312,0.121363,7.65421,-3.22704,7.44756,-3.16868,0.0383656,2,0.66667
8.14948,-1.25786,2.98268,1.49999,2,2.03077,7.58614,-3.20892,8.55704,0.153711,8.67312,0.121363,7.58614,-3.20892,7.38173,-3.14811,0.0307662,1,0.66667
8.05028,-1.24533,3.04935,1.49999,2,2.01623,7.48489,-3.18066,8.46636,0.178898,8.46636,0.178898,7.48489,-3.18066,7.28211,-3.1197,0.0162289,2,-0.66667
7.95096,-1.23383,2.99335,1.49999,2,1.99914,7.38338,-3.1507,8.37708,0.205268,8.46636,0.178898,7.38338,-3.1507,7.18236,-3.08996,-0.000861883,1,-0.66667
7.85263,-1.21577,2.92668,1.49999,2,1.98881,7.26075,-3.11447,8.30236,0.226939,8.30236,0.226939,7.26075,-3.11447,7.42736,-3.164,-0.0111901,2,-0.66667
7.75571,-1.19121,2.86001,1.49999,2,1.98585,7.20389,-3.09884,8.17645,0.263309,8.30236,0.226939,7.20389,-3.09884,7.00423,-3.0388,-0.0141536,1,-0.66667
7.66065,-1.16024,2.79335,1.49999,2,1.99022,7.11363,-3.07381,8.07561,0.291387,8.07561,0.291387,7.11363,-3.07381,7.28123,-3.12071,-0.00977898,2,0.66667
7.56602,-1.12796,2.84535,1.49999,2,1.99763,7.04988,-3.05775,7.95419,0.323397,8.07561,0.291387,7.04988,-3.05775,6.84781,-3.00152,-0.00237405,1,0.66667
7.46947,-1.10197,2.91201,1.49999,2,1.99792,6.91361,-3.02101,7.88738,0.340794,7.88738,0.340794,6.91361,-3.02101,7.08151,-3.06959,-0.00207829,2,-0.66667
7.37276,-1.07661,2.85201,1.49999,2,1.99616,6.83623,-2.99932,7.77696,0.37188,7.88738,0.340794,6.83623,-2.99932,7.00398,-3.04872,-0.00384164,1,-0.66667
7.27794,-1.04489,2.78535,1.49999,2,2.00125,6.71252,-2.9646,7.70139,0.392792,7.70139,0.392792,6.71252,-2.9646,6.88091,-3.0119,0.00125051,2,0.66667
7.18338,-1.01243,2.84401,1.49999,2,2.01069,6.72936,-2.97118,7.51967,0.438417,7.70139,0.392792,6.72936,-2.97118,6.89999,-3.01608,0.0106862,1,0.66667
7.08687,-0.986312,2.91068,1.49999,2,2.01676,6.69409,-2.96446,7.37573,0.468518,7.37573,0.468518,6.69409,-2.96446,6.86585,-3.01082,0.0167615,2,0.66667
6.98883,-0.966686,2.97735,1.49999,2,2.02828,6.72722,-2.97803,7.17865,0.492733,7.37573,0.468518,6.72722,-2.97803,6.90218,-3.02498,0.0282807,1,0.66667
6.8897,-0.953635,3.04402,1.49999,2,2.02346,6.69257,-2.96747,7.03356,0.515876,7.03356,0.515876,6.69257,-2.96747,6.86837,-3.02231,0.0234571,2,0.66667
6.78993,-0.947216,3.11068,1.49999,2,2.02731,6.69191,-2.97216,6.86113,0.523744,7.03356,0.515876,6.69191,-2.97216,6.87101,-3.03044,0.0273104,1,0.66667
6.68995,-0.947458,-3.10584,1.49999,2,2.02124,6.65639,-2.96842,6.7145,0.531092,7.03356,0.515876,6.65639,-2.96842,6.83734,-3.02993,0.0212381,1,-0.66667
6.58997,-0.948601,3.12002,1.49999,2,2.01797,6.61686,-2.96639,6.57022,0.533294,7.03356,0.515876,6.61686,-2.96639,6.79878,-3.0174,0.0179658,1,0.66667
6.48999,-0.948391,-3.11117,1.49999,2,2.03233,6.65803,-2.97376,6.36863,0.514246,6.36863,0.514246,6.65803,-2.97376,4.38948,-2.29912,0.0323298,2,0.66667
6.39021,-0.954761,-3.0445,1.49999,2,2.04682,6.6596,-2.98378,6.19896,0.485767,6.36863,0.514246,6.6596,-2.98378,4.34238,-2.26253,0.030827,2,0.66667
6.29108,-0.967764,-2.97784,1.49999,2,2.04042,6.62372,-2.98089,6.05313,0.472279,6.36863,0.514246,6.62372,-2.98089,4.33995,-2.25344,0.0159545,2,-0.66667
6.19201,-0.981285,-3.03917,1.49999,2,2.03922,6.61141,-2.97691,5.89159,0.448261,6.36863,0.514246,6.61141,-2.97691,4.28212,-2.21536,-0.00593168,2,-0.66667
6.09227,-0.988187,-3.10584,1.49999,2,2.05599,6.62609,-2.97367,5.71736,0.40629,6.36863,0.514246,6.62609,-2.97367,4.3107,-2.23791,-0.0276468,2,-0.66667
5.99229,-0.988429,3.11068,1.49999,2,2.05799,4.46842,-2.37159,7.06004,-0.0192705,6.36863,0.514246,4.46842,-2.37159,6.64857,-2.98114,-0.0490937,2,-0.66667
5.89252,-0.982011,3.04402,1.49999,2,1.99126,4.47004,-2.37544,6.9703,0.0737681,6.36863,0.514246,4.47004,-2.37544,6.63141,-2.96787,-0.07019,2,-0.66667
5.79339,-0.968959,2.97735,1.49999,2,1.93159,4.44167,-2.34878,6.89095,0.151416,6.36863,0.514246,4.44167,-2.34878,6.66343,-2.96142,-0.0908578,2,-0.66667
5.69535,-0.949333,2.91068,1.49999,2,1.87934,4.43222,-2.34089,6.78462,0.250675,6.36863,0.514246,4.43222,-2.34089,6.66702,-2.96204,-0.111023,2,-0.66667
5.59884,-0.92322,2.84401,1.49999,2,1.83721,4.4414,-2.34999,6.64639,0.368086,6.36863,0.514246,4.4414,-2.34999,6.67411,-2.94979,-0.130618,2,-0.66667
5.50428,-0.890736,2.77735,1.49999,2,1.80638,4.44584,-2.35453,6.49665,0.481684,6.36863,0.514246,4.44584,-2.35453,6.69784,-2.94723,-0.149575,2,-0.66667
5.4121,-0.852024,2.71068,1.49999,2,1.78766,4.44661,-2.35653,6.33691,0.589092,6.36863,0.514246,4.44661,-2.35653,4.27247,-2.27504,-0.167835,2,-0.66667
5.3227,-0.807258,2.64401,1.49999,2,1.77931,4.39277,-2.32422,6.222,0.659718,6.36863,0.514246,4.39277,-2.32422,4.51595,-2.4247,-0.220689,1,-0.66667
5.23648,-0.756635,2.57735,1.49999,2,1.78135,4.39117,-2.32464,6.05204,0.756178,6.05204,0.756178,4.39117,-2.32464,4.52103,-2.41558,-0.218651,2,-0.66667
5.15383,-0.700381,2.51068,1.49999,2,1.79492,4.39104,-2.32516,5.87843,0.843059,6.05204,0.756178,4.39104,-2.32516,4.52209,-2.42213,-0.205076,1,-0.66667
5.07511,-0.638746,2.44401,1.49999,2,1.82071,4.39398,-2.32725,5.70332,0.918601,5.70332,0.918601,4.39398,-2.32725,4.20266,-2.28175,-0.179288,2,-0.66667
5.00066,-0.572003,2.37735,1.49999,2,1.85786,4.4023,-2.33086,5.52955,0.982631,5.70332,0.918601,4.4023,-2.33086,4.20545,-2.29392,-0.142143,1,0.66667
4.92666,-0.504778,2.43735,1.49999,2,1.90003,4.36004,-2.31835,5.40379,1.02239,5.40379,1.02239,4.36004,-2.31835,4.51168,-2.40001,-0.0999742,2,0.66667
4.84834,-0.442619,2.50401,1.49999,2,1.93818,4.32938,-2.31003,5.26653,1.06216,5.40379,1.02239,4.32938,-2.31003,4.48677,-2.38767,-0.0618165,1,0.66667
4.76607,-0.385815,2.57068,1.49999,2,1.97394,4.29819,-2.3035,5.12778,1.09675,5.12778,1.09675,4.29819,-2.3035,4.46101,-2.37681,-0.0260625,2,0.66667
4.68019,-0.334619,2.63735,1.49999,2,2.00643,4.26675,-2.298,4.98794,1.12689,5.12778,1.09675,4.26675,-2.298,4.43479,-2.36504,0.00643396,1,0.66667
4.59109,-0.289257,2.70401,1.49999,2,2.03594,4.23505,-2.29382,4.84712,1.15224,4.84712,1.15224,4.23505,-2.29382,4.40686,-2.36509,0.0359371,2,0.66667
4.49917,-0.249932,2.77068,1.49999,2,2.06128,4.16776,-2.2844,4.73047,1.17006,4.84712,1.15224,4.16776,-2.2844,4.34432,-2.33266,0.0612829,1,0.66667
4.40483,-0.216818,2.83735,1.49999,2,2.08173,4.13555,-2.28106,4.58828,1.18952,4.58828,1.18952,4.13555,-2.28106,4.31498,-2.33214,0.0817349,2,0.66667
4.30849,-0.190062,2.90401,1.49999,2,2.09967,4.13965,-2.28293,4.4211,1.20572,4.58828,1.18952,4.13965,-2.28293,4.32299,-2.33281,0.0996711,1,0.66667
4.21059,-0.169783,2.97068,1.49999,2,2.11494,4.10755,-2.28221,4.27807,1.21363,4.27807,1.21363,4.10755,-2.28221,4.29398,-2.33336,0.114937,2,0.66667
4.11155,-0.156071,3.03735,1.49999,2,2.12687,4.07544,-2.28263,4.13487,1.21685,4.27807,1.21363,4.07544,-2.28263,4.26495,-2.335,0.126869,1,0.66667
4.01182,-0.148987,3.10402,1.49999,2,2.13499,4.00611,-2.28397,4.01547,1.21601,4.01547,1.21601,4.00611,-2.28397,4.19471,-2.30579,0.134989,2,0.66667
3.91184,-0.148563,-3.1125,1.49999,2,2.13865,4.01134,-2.2849,3.84851,1.2113,4.01547,1.21601,4.01134,-2.2849,3.7844,-2.33654,0.138654,1,0.66667
3.81205,-0.1548,-3.04584,1.49999,2,2.13884,3.97936,-2.28709,3.70558,1.20218,4.01547,1.21601,3.97936,-2.28709,4.17439,-2.32323,0.138839,1,0.66667
3.71291,-0.167671,-2.97917,1.49999,2,2.13553,3.94747,-2.29028,3.56303,1.18853,4.01547,1.21601,3.94747,-2.29028,3.72465,-2.36641,0.135534,1,0.66667
3.61483,-0.187118,-2.9125,1.49999,2,2.12932,3.91581,-2.29506,3.42109,1.16979,3.42109,1.16979,3.91581,-2.29506,4.10985,-2.31,0.129318,2,0.66667
3.51827,-0.213056,-2.84583,1.49999,2,2.12071,3.88455,-2.3019,3.28006,1.1455,3.42109,1.16979,3.88455,-2.3019,3.66748,-2.37633,0.120711,1,0.66667
3.42366,-0.245368,-2.77917,1.49999,2,2.10677,3.81717,-2.31506,3.16342,1.12333,3.16342,1.12333,3.81717,-2.31506,4.00721,-2.31238,0.10677,2,0.66667
3.33141,-0.283912,-2.7125,1.49999,2,2.0897,3.78672,-2.3234,3.02412,1.0925,3.16342,1.12333,3.78672,-2.3234,3.97223,-2.30587,0.0896981,1,0.66667
3.24192,-0.328515,-2.64583,1.49999,2,2.07314,3.75766,-2.33649,2.88697,1.05348,2.88697,1.05348,3.75766,-2.33649,3.94141,-2.31428,0.0731449,2,0.66667
3.15561,-0.378981,-2.57917,1.49999,2,2.04847,3.7622,-2.33558,2.72579,1.00745,2.88697,1.05348,3.7622,-2.33558,3.56391,-2.43642,0.048465,1,-0.66667
3.06989,-0.430433,-2.63383,1.49999,2,2.02706,3.73292,-2.34599,2.5881,0.961474,2.5881,0.961474,3.73292,-2.34599,3.53994,-2.4516,0.0270634,2,-0.66667
2.98095,-0.476107,-2.7005,1.49999,2,2.01351,3.6786,-2.36489,2.4659,0.918294,2.5881,0.961474,3.6786,-2.36489,3.85127,-2.31958,0.0135112,1,-0.66667
2.88916,-0.515755,-2.76717,1.49999,2,2.01182,3.68985,-2.36137,2.29688,0.84948,2.29688,0.84948,3.68985,-2.36137,3.86395,-2.31463,0.0118155,2,0.66667
2.79712,-0.554806,-2.70717,1.49999,2,2.01909,3.71033,-2.35558,2.12733,0.76597,2.29688,0.84948,3.71033,-2.35558,3.53284,-2.48242,0.0190895,1,0.66667
2.70788,-0.599886,-2.6405,1.49999,2,2.0207,3.67859,-2.37217,1.99726,0.697537,1.99726,0.697537,3.67859,-2.37217,3.50525,-2.50511,0.0207047,2,0.66667
2.62184,-0.650812,-2.57383,1.49999,2,2.02135,3.64867,-2.39192,1.8707,0.622839,1.99726,0.697537,3.64867,-2.39192,3.82796,-2.33985,0.0213466,1,0.66667
2.53938,-0.707356,-2.50717,1.49999,2,2.01712,3.58881,-2.42999,1.7679,0.559031,1.7679,0.559031,3.58881,-2.42999,3.75034,-2.35288,0.0171163,2,0.66667
2.46088,-0.769267,-2.4405,1.49999,2,2.01132,3.59052,-2.43339,1.62477,0.462433,1.7679,0.559031,3.59052,-2.43339,3.75594,-2.3589,0.0113161,1,-0.66667
2.38301,-0.83198,-2.4965,1.49999,2,2.00323,3.55937,-2.45343,1.50406,0.379523,1.50406,0.379523,3.55937,-2.45343,3.72727,-2.38051,0.00323391,2,-0.66667
2.30116,-0.8894,-2.56317,1.49999,2,2.00794,3.56864,-2.44675,1.35933,0.267822,1.50406,0.379523,3.56864,-2.44675,3.42766,-2.61474,0.00794315,1,0.66667
2.21852,-0.945682,-2.51117,1.49999,2,2.02087,3.54754,-2.46806,1.24578,0.168579,1.24578,0.168579,3.54754,-2.46806,3.70937,-2.37932,0.0208724,2,0.66667
2.13977,-1.00728,-2.4445,1.49999,2,2.02913,3.49595,-2.51663,1.1567,0.0868117,1.24578,0.168579,3.49595,-2.51663,3.6397,-2.40891,0.0291271,1,0.66667
2.06529,-1.07398,-2.37783,1.49999,2,2.03455,3.4979,-2.51864,1.03341,-0.0334278,1.03341,-0.0334278,3.4979,-2.51864,3.64782,-2.41321,0.0345461,2,0.66667
1.99543,-1.1455,-2.31117,1.49999,2,2.0374,3.49947,-2.51986,0.915715,-0.158895,1.03341,-0.0334278,3.49947,-2.51986,3.37281,-2.69799,0.0374005,1,0.66667
1.93048,-1.22152,-2.2445,1.49999,2,2.03579,3.47619,-2.54637,0.818763,-0.268647,0.818763,-0.268647,3.47619,-2.54637,3.36579,-2.73934,0.0357928,2,0.66667
1.87074,-1.30169,-2.17783,1.49999,2,2.03253,3.43274,-2.60221,0.743002,-0.362738,0.818763,-0.268647,3.43274,-2.60221,3.5662,-2.47922,0.0325348,1,0.66667
1.81648,-1.38567,-2.11116,1.49999,2,2.02333,3.41173,-2.63027,0.652235,-0.477337,0.652235,-0.477337,3.41173,-2.63027,3.54255,-2.50492,0.0233326,2,-0.66667
1.76328,-1.47032,-2.1645,1.49999,2,2.0155,3.39351,-2.65548,0.562556,-0.597409,0.652235,-0.477337,3.39351,-2.65548,3.53039,-2.53281,0.0155005,1,-0.66667
1.70462,-1.55128,-2.23117,1.49999,2,2.01952,3.38209,-2.6758,0.474892,-0.726921,0.474892,-0.726921,3.38209,-2.6758,3.49886,-2.53917,0.0195203,2,0.66667
1.64543,-1.63186,-2.17116,1.49999,2,2.02884,3.39536,-2.65849,0.376525,-0.887442,0.474892,-0.726921,3.39536,-2.65849,3.51444,-2.51928,0.0288444,1,0.66667
1.59172,-1.7162,-2.1045,1.49999,2,2.03642,3.38002,-2.69036,0.306476,-1.01607,0.306476,-1.01607,3.38002,-2.69036,3.49737,-2.54792,0.0364201,2,0.66667
1.54376,-1.80392,-2.03783,1.49999,2,2.03892,3.36432,-2.72193,0.239153,-1.14608,0.306476,-1.01607,3.36432,-2.72193,3.48068,-2.57704,0.0389156,1,0.66667
1.50174,-1.89465,-1.97116,1.49999,2,2.03754,3.34929,-2.7538,0.175659,-1.27799,0.175659,-1.27799,3.34929,-2.7538,0.415017,-4.73462,0.0375407,2,0.66667
1.46586,-1.98797,-1.9045,1.49999,2,2.03243,3.33506,-2.78601,0.116167,-1.41172,0.175659,-1.27799,3.33506,-2.78601,0.355341,-4.72015,0.0273409,2,-0.66667
1.43106,-2.0817,-1.95916,1.49999,2,2.03139,3.32431,-2.81802,0.0623295,-1.54938,0.175659,-1.27799,3.32431,-2.81802,0.354098,-4.71388,0.00936355,2,-0.66667
1.39013,-2.17292,-2.02583,1.49999,2,2.03968,3.32919,-2.80564,0.00185851,-1.71992,0.175659,-1.27799,3.32919,-2.80564,0.360171,-4.71301,-0.00860049,2,-0.66667
1.34322,-2.26121,-2.0925,1.49999,2,2.05769,3.31214,-2.8591,-0.03685,-1.84214,0.175659,-1.27799,3.31214,-2.8591,0.349766,-4.73359,-0.026422,2,-0.66667
1.29054,-2.34619,-2.15916,1.49999,2,2.08801,3.31905,-2.8411,-0.0812065,-2.01151,0.175659,-1.27799,3.31905,-2.8411,0.337388,-4.73998,-0.0440281,2,-0.66667
1.23231,-2.42746,-2.22583,1.49999,2,2.03874,1.77607,-4.39234,0.842561,-1.01914,0.175659,-1.27799,1.77607,-4.39234,3.38976,-2.67445,-0.0613492,2,-0.66667
1.16879,-2.50467,-2.2925,1.49999,2,1.98389,1.7372,-4.40539,0.734404,-1.05213,0.175659,-1.27799,1.7372,-4.40539,3.38573,-2.67334,-0.078319,2,-0.66667
1.10027,-2.57749,-2.35917,1.49999,2,1.93633,1.72523,-4.41019,0.59559,-1.09751,0.175659,-1.27799,1.72523,-4.41019,3.38743,-2.66417,-0.0948744,2,-0.66667
1.02705,-2.64557,-2.42583,1.49999,2,1.89921,1.70797,-4.41852,0.453125,-1.15121,0.175659,-1.27799,1.70797,-4.41852,3.38504,-2.64516,-0.110956,2,-0.66667
0.949463,-2.70863,-2.4925,1.49999,2,1.87174,1.71644,-4.41601,0.282261,-1.22335,0.175659,-1.27799,1.71644,-4.41601,3.37073,-2.65833,-0.126507,2,-0.66667
0.867845,-2.76637,-2.55917,1.49999,2,1.85678,1.72148,-4.41529,0.112391,-1.30711,0.175659,-1.27799,1.72148,-4.41529,0.455388,-4.77045,-0.141475,2,-0.66667
0.782561,-2.81856,-2.62583,1.49999,2,1.8532,1.69655,-4.43069,-0.0296238,-1.38598,0.175659,-1.27799,1.69655,-4.43069,0.492886,-4.76861,-0.155809,2,-0.66667
0.69399,-2.86494,-2.6925,1.49999,2,1.85817,1.67126,-4.44536,-0.169495,-1.46853,0.175659,-1.27799,1.67126,-4.44536,0.44924,-4.78373,-0.169464,2,-0.66667
0.602526,-2.90532,-2.75917,1.49999,2,1.85909,0.599644,-4.76441,0.605069,-1.26442,0.175659,-1.27799,0.599644,-4.76441,3.37562,-2.56919,-0.182395,2,-0.66667
0.508575,-2.93952,-2.82583,1.49999,2,1.82741,0.607127,-4.76427,0.418373,-1.26937,0.175659,-1.27799,0.607127,-4.76427,3.38856,-2.53008,-0.194563,2,-0.66667
0.412554,-2.96738,-2.8925,1.49999,2,1.80597,0.609845,-4.76255,0.227494,-1.2835,0.175659,-1.27799,0.609845,-4.76255,3.3629,-2.59092,-0.20593,2,-0.66667
0.314891,-2.98879,-2.95917,1.49999,2,1.79816,0.610187,-4.76254,0.0354154,-1.31006,0.175659,-1.27799,0.610187,-4.76254,1.773,-4.37481,-0.216463,2,-0.66667
0.216019,-3.00364,-3.02584,1.49999,2,1.79977,0.517162,-4.77803,-0.0684689,-1.32738,0.175659,-1.27799,0.517162,-4.77803,0.674441,-4.7595,-0.200234,1,-0.66667
0.116377,-3.01187,-3.0925,1.49999,2,1.81341,0.54932,-4.77284,-0.286287,-1.37406,-0.286287,-1.37406,0.54932,-4.77284,0.712734,-4.76241,-0.186588,2,-0.66667
0.0164076,-3.01345,3.12402,1.49999,2,1.83715,0.553317,-4.77039,-0.469559,-1.4232,-0.286287,-1.37406,0.553317,-4.77039,0.374969,-4.85933,-0.162848,1,-0.66667
-0.0834444,-3.00836,3.05735,1.49999,2,1.87385,0.562766,-4.76726,-0.644228,-1.48197,-0.644228,-1.48197,0.562766,-4.76726,0.385708,-4.86611,-0.126145,2,0.66667
-0.183247,-3.00237,3.11468,1.49999,2,1.91695,0.54904,-4.77394,-0.787978,-1.53939,-0.644228,-1.48197,0.54904,-4.77394,0.37335,-4.88648,-0.0830467,1,0.66667
-0.283227,-3.00301,-3.10184,1.49999,2,1.95531,0.489487,-4.79916,-0.893669,-1.58406,-0.893669,-1.58406,0.489487,-4.79916,0.659505,-4.75549,-0.0446945,2,0.66667
-0.382941,-3.01031,-3.03517,1.49999,2,1.99061,0.461393,-4.81298,-1.02316,-1.64343,-0.893669,-1.58406,0.461393,-4.81298,0.632622,-4.76243,-0.00939393,1,0.66667
-0.481948,-3.02424,-2.9685,1.49999,2,2.02254,0.433663,-4.82767,-1.15079,-1.70686,-1.15079,-1.70686,0.433663,-4.82767,0.605364,-4.76991,0.0225437,2,0.66667
-0.579807,-3.04473,-2.90184,1.49999,2,2.05171,0.406632,-4.84375,-1.27613,-1.77483,-1.15079,-1.70686,0.406632,-4.84375,-0.858399,-5.23067,0.0517089,1,0.66667
-0.676083,-3.0717,-2.83517,1.49999,2,2.0782,0.411527,-4.84258,-1.42017,-1.86016,-1.42017,-1.86016,0.411527,-4.84258,-0.805358,-5.2202,0.078202,2,0.66667
-0.770349,-3.10502,-2.7685,1.49999,2,2.10093,0.323519,-4.89872,-1.49878,-1.91055,-1.42017,-1.86016,0.323519,-4.89872,-0.905155,-5.23372,0.0957356,2,0.66667
-0.862186,-3.14454,-2.70183,1.49999,2,2.07855,-0.818796,-5.22265,-0.891859,-1.72342,-1.42017,-1.86016,-0.818796,-5.22265,0.393603,-4.8606,0.0996401,2,0.66667
-0.951186,-3.1901,-2.63517,1.49999,2,2.04066,-0.843821,-5.22794,-1.02797,-1.73279,-1.42017,-1.86016,-0.843821,-5.22794,0.367892,-4.87748,0.0897851,2,0.66667
-1.03695,-3.24148,-2.5685,1.49999,2,1.99742,-0.833865,-5.22856,-1.18973,-1.7467,-1.42017,-1.86016,-0.833865,-5.22856,0.376942,-4.87744,0.0664972,2,-0.66667
-1.12226,-3.29364,-2.62583,1.49999,2,1.95547,-0.865301,-5.23215,-1.32521,-1.76251,-1.42017,-1.86016,-0.865301,-5.23215,-1.06806,-5.29581,0.0358846,2,-0.66667
-1.21083,-3.34002,-2.6925,1.49999,2,1.92163,-0.919134,-5.23938,-1.45041,-1.77995,-1.42017,-1.86016,-0.919134,-5.23938,-0.747327,-5.23692,-0.0783734,1,-0.66667
-1.30229,-3.3804,-2.75917,1.49999,2,1.89806,-0.91054,-5.23759,-1.63292,-1.81296,-1.63292,-1.81296,-0.91054,-5.23759,-0.738766,-5.23388,-0.101942,2,-0.66667
-1.39624,-3.4146,-2.82583,1.49999,2,1.88658,-0.90505,-5.23612,-1.81631,-1.85684,-1.63292,-1.81296,-0.90505,-5.23612,-1.0904,-5.32584,-0.113417,1,-0.66667
-1.49226,-3.44246,-2.8925,1.49999,2,1.88725,-0.931931,-5.24461,-1.97109,-1.90244,-1.97109,-1.90244,-0.931931,-5.24461,-0.765624,-5.21669,-0.112751,2,-0.66667
-1.58993,-3.46387,-2.95917,1.49999,2,1.8994,-0.926233,-5.24354,-2.14921,-1.96417,-1.97109,-1.90244,-0.926233,-5.24354,-1.10442,-5.3477,-0.1006,1,-0.66667
-1.6888,-3.47872,-3.02584,1.49999,2,1.92088,-0.980669,-5.26431,-2.27093,-2.01083,-2.27093,-2.01083,-0.980669,-5.26431,-0.816891,-5.21743,-0.079119,2,-0.66667
-1.78844,-3.48695,-3.0925,1.49999,2,1.95546,-0.967829,-5.2619,-2.4366,-2.08501,-2.27093,-2.01083,-0.967829,-5.2619,-0.802385,-5.20783,-0.0445358,1,0.66667
-1.88813,-3.49454,-3.0325,1.49999,2,1.99272,-0.94493,-5.2499,-2.60156,-2.1668,-2.60156,-2.1668,-0.94493,-5.2499,-0.771463,-5.19772,-0.00727642,2,0.66667
-1.9871,-3.50873,-2.96584,1.49999,2,2.02934,-0.970284,-5.26495,-2.72398,-2.23601,-2.60156,-2.1668,-0.970284,-5.26495,-0.795351,-5.20631,0.0293443,1,0.66667
-2.08491,-3.52948,-2.89917,1.49999,2,2.06344,-0.994818,-5.28148,-2.84382,-2.30975,-2.84382,-2.30975,-0.994818,-5.28148,-1.16058,-5.43393,0.0634425,2,0.66667
-2.18111,-3.5567,-2.8325,1.49999,2,2.09297,-1.05011,-5.31777,-2.94144,-2.37281,-2.84382,-2.30975,-1.05011,-5.31777,-0.877103,-5.24332,0.092972,1,0.66667
-2.27529,-3.59027,-2.76583,1.49999,2,2.11816,-1.07466,-5.33529,-3.05855,-2.45187,-3.05855,-2.45187,-1.07466,-5.33529,-0.904689,-5.25122,0.118158,2,0.66667
-2.36702,-3.63004,-2.69917,1.49999,2,2.14196,-1.09748,-5.35522,-3.17193,-2.53625,-3.05855,-2.45187,-1.09748,-5.35522,-0.922954,-5.27096,0.141957,1,0.66667
-2.4559,-3.67584,-2.6325,1.49999,2,2.16476,-1.11812,-5.37776,-3.28104,-2.62608,-3.28104,-2.62608,-1.11812,-5.37776,-0.949999,-5.28121,0.164757,2,0.66667
-2.54153,-3.72745,-2.56583,1.49999,2,2.18009,-1.11159,-5.37307,-3.40726,-2.73113,-3.28104,-2.62608,-1.11159,-5.37307,-1.26642,-5.54927,0.180088,1,0.66667
-2.62353,-3.78465,-2.49917,1.49999,2,2.19335,-1.19011,-5.4448,-3.47746,-2.79565,-3.47746,-2.79565,-1.19011,-5.4448,-1.03516,-5.32883,0.193346,2,0.66667
-2.70154,-3.84719,-2.4325,1.49999,2,2.20121,-1.2108,-5.46676,-3.58112,-2.89158,-3.47746,-2.79565,-1.2108,-5.46676,-1.05423,-5.34992,0.201206,1,0.66667
-2.77521,-3.91478,-2.36583,1.49999,2,2.20683,-1.2026,-5.46301,-3.69673,-3.00755,-3.69673,-3.00755,-1.2026,-5.46301,-1.03509,-5.3519,0.206832,2,0.66667
-2.84421,-3.98714,-2.29917,1.49999,2,2.20906,-1.22159,-5.48615,-3.79244,-3.11114,-3.69673,-3.00755,-1.22159,-5.48615,-1.05251,-5.37355,0.209056,1,0.66667
-2.90824,-4.06393,-2.2325,1.49999,2,2.20778,-1.23981,-5.50982,-3.88477,-3.21764,-3.69673,-3.00755,-1.23981,-5.50982,-1.06929,-5.39573,0.207778,1,0.66667
-2.96701,-4.14481,-2.16583,1.49999,2,2.20289,-1.2818,-5.56354,-3.95929,-3.30944,-3.95929,-3.30944,-1.2818,-5.56354,-1.13814,-5.42984,0.202893,2,0.66667
-3.02026,-4.22943,-2.09916,1.49999,2,2.19257,-1.29896,-5.58754,-4.04667,-3.41959,-3.95929,-3.30944,-1.29896,-5.58754,-1.15551,-5.45311,0.192569,1,0.66667
-3.06776,-4.31741,-2.0325,1.49999,2,2.17906,-1.31506,-5.61214,-4.13024,-3.53254,-4.13024,-3.53254,-1.31506,-5.61214,-1.17215,-5.47693,0.179056,2,0.66667
-3.10929,-4.40836,-1.96583,1.49999,2,2.16215,-1.33027,-5.63718,-4.21006,-3.64802,-4.13024,-3.53254,-1.33027,-5.63718,-1.20012,-5.49441,0.162155,1,0.66667
-3.14467,-4.50187,-1.89916,1.49999,2,2.14372,-1.34302,-5.66358,-4.28453,-3.76688,-4.28453,-3.76688,-1.34302,-5.66358,-1.21542,-5.51966,0.143718,2,0.66667
-3.17374,-4.59753,-1.8325,1.49999,2,2.11888,-1.33864,-5.65679,-4.36989,-3.90709,-4.28453,-3.76688,-1.33864,-5.65679,-1.42171,-5.8702,0.11888,1,0.66667
-3.19638,-4.69491,-1.76583,1.49999,2,2.09171,-1.37003,-5.71457,-4.426,-4.00841,-4.426,-4.00841,-1.37003,-5.71457,-1.2425,-5.57199,0.091713,2,-0.66667
-3.21813,-4.7925,-1.82316,1.49999,2,2.06528,-1.38554,-5.74485,-4.4912,-4.13092,-4.426,-4.00841,-1.38554,-5.74485,-2.03437,-6.64775,0.0652823,1,-0.66667
-3.24631,-4.88843,-1.88983,1.49999,2,2.04946,-1.39311,-5.76362,-4.55793,-4.26901,-4.55793,-4.26901,-1.39311,-5.76362,-2.05476,-6.6737,0.0494637,2,-0.66667
-3.28082,-4.98227,-1.9565,1.49999,2,2.04336,-1.38758,-5.751,-4.63044,-4.43427,-4.55793,-4.26901,-1.38758,-5.751,-2.02709,-6.65203,0.037199,2,-0.66667
-3.3215,-5.0736,-2.02316,1.49999,2,2.03909,-1.98156,-6.61063,-4.28149,-3.9724,-4.55793,-4.26901,-1.98156,-6.61063,-1.35045,-5.67316,0.0248176,2,-0.66667
-3.36817,-5.16202,-2.08983,1.49999,2,2.00555,-1.99372,-6.62253,-4.39236,-4.07371,-4.55793,-4.26901,-1.99372,-6.62253,-1.37687,-5.7232,0.012377,2,-0.66667
-3.42063,-5.24713,-2.1565,1.49999,2,1.98418,-1.98275,-6.61442,-4.5191,-4.20259,-4.55793,-4.26901,-1.98275,-6.61442,-1.36931,-5.70409,-6.68314e-05,2,-0.66667
-3.47865,-5.32856,-2.22317,1.49999,2,1.97414,-1.97478,-6.60746,-4.64102,-4.34007,-4.55793,-4.26901,-1.97478,-6.60746,-2.08572,-6.79016,-0.025862,1,-0.66667
-3.54196,-5.40594,-2.28983,1.49999,2,1.97463,-2.01168,-6.65391,-4.72406,-4.44191,-4.72406,-4.44191,-2.01168,-6.65391,-1.88703,-6.53054,-0.0253701,2,-0.66667
-3.61028,-5.47894,-2.3565,1.49999,2,1.98438,-2.00524,-6.64582,-4.83616,-4.58771,-4.72406,-4.44191,-2.00524,-6.64582,-1.87999,-6.51932,-0.015619,1,0.66667
-3.67926,-5.55131,-2.29917,1.49999,2,2.00189,-1.99526,-6.63378,-4.93947,-4.74126,-4.93947,-4.74126,-1.99526,-6.63378,-2.08343,-6.83131,0.00189352,2,0.66667
-3.74329,-5.6281,-2.2325,1.49999,2,2.01706,-2.01275,-6.66434,-5.01557,-4.86627,-4.93947,-4.74126,-2.01275,-6.66434,-1.88307,-6.5319,0.0170646,1,0.66667
-3.80206,-5.70899,-2.16583,1.49999,2,2.02958,-2.02855,-6.69583,-5.08695,-4.99403,-4.93947,-4.74126,-2.02855,-6.69583,-2.09513,-6.90833,0.0295806,1,0.66667
-3.85532,-5.7936,-2.09916,1.49999,2,2.03768,-2.06074,-6.75881,-5.14317,-5.10094,-5.14317,-5.10094,-2.06074,-6.75881,-1.95834,-6.60953,0.0376801,2,0.66667
-3.90281,-5.88158,-2.0325,1.49999,2,2.04134,-2.05962,-6.75891,-5.21988,-5.25468,-5.14317,-5.10094,-2.05962,-6.75891,-2.11937,-6.97249,0.0413368,1,0.66667
-3.94434,-5.97253,-1.96583,1.49999,2,2.04118,-2.07437,-6.79082,-5.2808,-5.38771,-5.2808,-5.38771,-2.07437,-6.79082,-1.96073,-6.6414,0.0411799,2,0.66667
-3.97972,-6.06604,-1.89916,1.49999,2,2.03867,-2.08704,-6.82361,-5.33641,-5.52302,-5.2808,-5.38771,-2.08704,-6.82361,-1.97612,-6.67151,0.0386686,1,0.66667
-4.0088,-6.1617,-1.8325,1.49999,2,2.03378,-2.0976,-6.85711,-5.38663,-5.66036,-5.38663,-5.66036,-2.0976,-6.85711,-2.0041,-6.69865,0.0337801,2,0.66667
-4.03143,-6.25909,-1.76583,1.49999,2,2.02454,-2.11921,-6.92405,-5.42502,-5.77448,-5.38663,-5.66036,-2.11921,-6.92405,-2.04235,-6.76147,0.0245438,1,-0.66667
-4.05319,-6.35668,-1.82316,1.49999,2,2.01577,-2.13028,-6.96148,-5.46903,-5.91136,-5.46903,-5.91136,-2.13028,-6.96148,-2.05205,-6.79884,0.0157723,2,-0.66667
-4.08136,-6.45261,-1.88983,1.49999,2,2.01706,-2.12662,-6.95012,-5.51848,-6.08684,-5.46903,-5.91136,-2.12662,-6.95012,-2.0582,-6.78317,0.0170643,1,0.66667
-4.11087,-6.54814,-1.83783,1.49999,2,2.02805,-2.12213,-6.94553,-5.55428,-6.25971,-5.55428,-6.25971,-2.12213,-6.94553,-2.06184,-6.77435,0.0280497,2,0.66667
-4.13402,-6.6454,-1.77116,1.49999,2,2.03555,-2.12073,-6.94558,-5.58245,-6.42944,-5.55428,-6.25971,-2.12073,-6.94558,-2.11945,-7.16567,0.0355518,1,0.66667
-4.15065,-6.74399,-1.7045,1.49999,2,2.03905,-2.1298,-7.0158,-5.59855,-6.54924,-5.59855,-6.54924,-2.1298,-7.0158,-2.07515,-6.84044,0.0390484,2,0.66667
-4.16066,-6.84347,-1.63783,1.49999,2,2.03795,-2.13329,-7.05086,-5.61511,-6.69468,-5.59855,-6.54924,-2.13329,-7.05086,-2.08086,-6.87399,0.0379541,1,0.66667
-4.16403,-6.94339,-1.57116,1.49999,2,2.034,-2.13504,-7.08603,-5.62641,-6.84059,-5.62641,-6.84059,-2.13504,-7.08603,-2.09828,-6.9081,0.0340042,2,0.66667
-4.16074,-7.04332,-1.50449,1.49999,2,2.02825,-2.13398,-7.12123,-5.63139,-6.98679,-5.62641,-6.84059,-2.13398,-7.12123,-2.10137,-6.94265,0.0282485,1,0.66667
-4.15079,-7.14281,-1.43783,1.49999,2,2.01892,-2.13199,-7.12102,-5.63178,-7.15879,-5.63178,-7.15879,-2.13199,-7.12102,-2.09867,-7.33612,0.0189166,2,-0.66667
-4.13959,-7.24216,-1.49116,1.49999,2,2.00982,-2.12987,-7.22243,-5.62969,-7.25679,-5.63178,-7.15879,-2.12987,-7.22243,-2.1219,-7.04565,0.00981784,1,-0.66667
-4.13496,-7.34203,-1.55783,1.49999,2,2.00972,-2.12953,-7.21084,-5.62205,-7.43932,-5.62205,-7.43932,-2.12953,-7.21084,-2.12264,-7.03257,0.00971889,2,0.66667
-4.13148,-7.44196,-1.50316,1.49999,2,2.01727,-2.12871,-7.20048,-5.60354,-7.61944,-5.62205,-7.43932,-2.12871,-7.20048,-2.12479,-7.01999,0.0172687,1,0.66667
-4.1214,-7.54143,-1.43649,1.49999,2,2.02584,-2.12449,-7.20028,-5.5745,-7.78968,-5.5745,-7.78968,-2.12449,-7.20028,-2.05539,-7.40802,0.02584,2,0.66667
-4.10472,-7.64001,-1.36983,1.49999,2,2.02748,-2.11804,-7.23529,-5.54759,-7.93395,-5.5745,-7.78968,-2.11804,-7.23529,-2.04307,-7.44097,0.0274827,1,0.66667
-4.0815,-7.73726,-1.30316,1.49999,2,2.02735,-2.10095,-7.30419,-5.52015,-8.05184,-5.52015,-8.05184,-2.10095,-7.30419,-2.10942,-7.12173,0.0273507,2,0.66667
-4.05187,-7.83275,-1.23649,1.49999,2,2.02262,-2.09065,-7.33816,-5.48439,-8.19401,-5.52015,-8.05184,-2.09065,-7.33816,-2.11478,-7.15993,0.0226192,1,0.66667
-4.01593,-7.92605,-1.16983,1.49999,2,2.01725,-2.08655,-7.33714,-5.43408,-8.35891,-5.43408,-8.35891,-2.08655,-7.33714,-2.10708,-7.15584,0.0172498,2,0.66667
-3.97386,-8.01675,-1.10316,1.49999,2,2.00614,-2.07468,-7.37045,-5.38807,-8.498,-5.43408,-8.35891,-2.07468,-7.37045,-2.09681,-7.18912,0.00613546,1,-0.66667
-3.93054,-8.10686,-1.15516,1.49999,2,1.99664,-2.0642,-7.39738,-5.33578,-8.64105,-5.43408,-8.35891,-2.0642,-7.39738,-1.94655,-7.58214,-0.00336134,1,-0.66667
-3.89324,-8.19962,-1.22183,1.49999,2,1.99679,-2.04177,-7.45179,-5.28704,-8.76259,-5.28704,-8.76259,-2.04177,-7.45179,-2.09462,-7.2834,-0.00320709,2,-0.66667
-3.8622,-8.29466,-1.28849,1.49999,2,2.00839,-2.04458,-7.44034,-5.21212,-8.92916,-5.28704,-8.76259,-2.04458,-7.44034,-2.10238,-7.27146,0.00839186,1,0.66667
-3.83178,-8.3899,-1.22849,1.49999,2,2.02443,-2.05457,-7.42044,-5.12715,-9.09652,-5.12715,-9.09652,-2.05457,-7.42044,-2.11093,-7.24604,0.0244348,2,0.66667
-3.7951,-8.48291,-1.16183,1.49999,2,2.04118,-2.03514,-7.44902,-5.05293,-9.22183,-5.12715,-9.09652,-2.03514,-7.44902,-2.09355,-7.27224,0.0411813,1,0.66667
-3.75231,-8.57327,-1.09516,1.49999,2,2.05436,-2.01491,-7.47698,-4.97489,-9.34472,-4.97489,-9.34472,-2.01491,-7.47698,-2.07537,-7.29802,0.0543642,2,0.66667
-3.70359,-8.66058,-1.02849,1.49999,2,2.06339,-1.97449,-7.53462,-4.90745,-9.44452,-4.97489,-9.34472,-1.97449,-7.53462,-2.05936,-7.37266,0.0633862,1,0.66667
-3.64916,-8.74445,-0.961825,1.49999,2,2.06786,-1.97393,-7.53217,-4.80938,-9.58404,-4.80938,-9.58404,-1.97393,-7.53217,-2.05192,-7.3613,0.0678568,2,0.66667
-3.58927,-8.82451,-0.895158,1.49999,2,2.06863,-1.95277,-7.55917,-4.72163,-9.70005,-4.80938,-9.58404,-1.95277,-7.55917,-2.03307,-7.38793,0.0686259,1,0.66667
-3.52418,-8.9004,-0.828491,1.49999,2,2.06811,-1.92908,-7.58406,-4.62857,-9.81178,-4.62857,-9.81178,-1.92908,-7.58406,-2.01292,-7.41369,0.0681052,2,0.66667
-3.45417,-8.97178,-0.761824,1.49999,2,2.06383,-1.90489,-7.60829,-4.53228,-9.9206,-4.62857,-9.81178,-1.90489,-7.60829,-2.00231,-7.44981,0.0638278,1,0.66667
-3.37957,-9.03834,-0.695157,1.49999,2,2.0554,-1.88052,-7.6321,-4.43314,-10.0267,-4.43314,-10.0267,-1.88052,-7.6321,-1.98073,-7.47546,0.0554006,2,0.66667
-3.3007,-9.09979,-0.62849,1.49999,2,2.0424,-1.85625,-7.65585,-4.33155,-10.1303,-4.43314,-10.0267,-1.85625,-7.65585,-1.95848,-7.50076,0.0423958,1,-0.66667
-3.22143,-9.16072,-0.688491,1.49999,2,2.03083,-1.82484,-7.68634,-4.23176,-10.2273,-4.23176,-10.2273,-1.82484,-7.68634,-1.13189,-8.6183,0.0308259,2,-0.66667
-3.14638,-9.22678,-0.755158,1.49999,2,2.03138,-1.80653,-7.69992,-4.11504,-10.3306,-4.23176,-10.2273,-1.80653,-7.69992,-1.14494,-8.58679,0.0237939,2,-0.66667
-3.0759,-9.2977,-0.821825,1.49999,2,2.04346,-1.81537,-7.68935,-3.97438,-10.4441,-4.23176,-10.2273,-1.81537,-7.68935,-0.707696,-9.76177,0.0166717,2,-0.66667
-3.0103,-9.37315,-0.888492,1.49999,2,2.02929,-1.15779,-8.54476,-4.35288,-9.97352,-4.23176,-10.2273,-1.15779,-8.54476,-1.90877,-7.60395,0.00949205,2,-0.66667
-2.94988,-9.45281,-0.955159,1.49999,2,2.00989,-1.14762,-8.56312,-4.28604,-10.1124,-4.23176,-10.2273,-1.14762,-8.56312,-1.90077,-7.61552,0.00228734,2,-0.66667
-2.89489,-9.53631,-1.02183,1.49999,2,2.00118,-1.15236,-8.5523,-4.19999,-10.2733,-4.23176,-10.2273,-1.15236,-8.5523,-1.89637,-7.62195,0.00117636,1,-0.66667
-2.84559,-9.62329,-1.08849,1.49999,2,2.00484,-1.15724,-8.54215,-4.10471,-10.4296,-4.10471,-10.4296,-1.15724,-8.54215,-0.701001,-9.67444,0.00484371,2,0.66667
-2.79708,-9.71072,-1.03116,1.49999,2,2.01369,-1.1067,-8.61638,-4.04474,-10.5184,-4.10471,-10.4296,-1.1067,-8.61638,-0.68546,-9.71371,0.0077921,2,0.66667
-2.74287,-9.79473,-0.964492,1.49999,2,2.02101,-1.10244,-8.61429,-3.94335,-10.6586,-4.10471,-10.4296,-1.10244,-8.61429,-0.681548,-9.73216,-0.0025469,2,-0.66667
-2.68781,-9.87819,-1.02049,1.49999,2,2.00029,-0.700502,-9.65071,-4.17779,-10.0487,-4.10471,-10.4296,-0.700502,-9.65071,-1.85561,-7.64882,-0.0204109,2,-0.66667
-2.6384,-9.9651,-1.08716,1.49999,2,1.96529,-0.701261,-9.63363,-4.15111,-10.224,-4.10471,-10.4296,-0.701261,-9.63363,-1.14846,-8.54078,-0.0381254,2,-0.66667
-2.59488,-10.0551,-1.15383,1.49999,2,1.93905,-0.69075,-9.68877,-4.12771,-10.35,-4.10471,-10.4296,-0.69075,-9.68877,-1.14398,-8.5584,-0.0555777,2,-0.66667
-2.55746,-10.1478,-1.22049,1.49999,2,1.92317,-0.69199,-9.68027,-4.08697,-10.5312,-4.10471,-10.4296,-0.69199,-9.68027,-0.709075,-9.50883,-0.0768285,1,-0.66667
-2.5263,-10.2428,-1.28716,1.49999,2,1.9171,-0.695441,-9.6743,-4.03799,-10.7123,-4.03799,-10.7123,-0.695441,-9.6743,-0.602725,-9.86017,-0.0829042,2,-0.66667
-2.50153,-10.3397,-1.35383,1.49999,2,1.92463,-0.697979,-9.66784,-3.97779,-10.8896,-4.03799,-10.7123,-0.697979,-9.66784,-0.604567,-9.85154,-0.0753726,1,-0.66667
-2.48327,-10.438,-1.42049,1.49999,2,1.94433,-0.688403,-9.69044,-3.91936,-11.0361,-3.91936,-11.0361,-0.688403,-9.69044,-0.727308,-9.51955,-0.0556744,2,0.66667
-2.46638,-10.5365,-1.36849,1.49999,2,1.96933,-0.675669,-9.71704,-3.85822,-11.1735,-3.91936,-11.0361,-0.675669,-9.71704,-0.728627,-9.54973,-0.0306749,1,0.66667
-2.44304,-10.6338,-1.30183,1.49999,2,1.99188,-0.659054,-9.74777,-3.79375,-11.3046,-3.79375,-11.3046,-0.659054,-9.74777,-0.712068,-9.57673,-0.00812101,2,0.66667
-2.41327,-10.7292,-1.23516,1.49999,2,2.01461,-0.655196,-9.74543,-3.70951,-11.4546,-3.79375,-11.3046,-0.655196,-9.74543,-0.521156,-9.91706,0.0146103,1,0.66667
-2.37721,-10.8225,-1.16849,1.49999,2,2.03042,-0.637722,-9.7752,-3.63622,-11.5805,-3.63622,-11.5805,-0.637722,-9.7752,-0.497397,-9.94389,0.0304177,2,0.66667
-2.33502,-10.9131,-1.10183,1.49999,2,2.04497,-0.617445,-9.80324,-3.55711,-11.7028,-3.63622,-11.5805,-0.617445,-9.80324,-0.678515,-9.62495,0.0449655,1,0.66667
-2.28689,-11.0007,-1.03516,1.49999,2,2.05497,-0.57704,-9.86086,-3.48923,-11.8023,-3.48923,-11.8023,-0.57704,-9.86086,-0.662075,-9.6995,0.0549693,2,0.66667
-2.23302,-11.085,-0.968492,1.49999,2,2.06309,-0.574792,-9.85752,-3.38795,-11.9399,-3.48923,-11.8023,-0.574792,-9.85752,-0.655041,-9.68843,0.0630891,1,0.66667
-2.17366,-11.1654,-0.901825,1.49999,2,2.06337,-0.555025,-9.88576,-3.30063,-12.0564,-3.30063,-12.0564,-0.555025,-9.88576,-0.387774,-10.0352,0.0633736,2,0.66667
-2.10908,-11.2417,-0.835158,1.49999,2,2.06426,-0.531211,-9.91076,-3.20651,-12.1675,-3.30063,-12.0564,-0.531211,-9.91076,-0.615501,-9.74039,0.0642629,1,0.66667
-2.03955,-11.3136,-0.768491,1.49999,2,2.06139,-0.50688,-9.93509,-3.10917,-12.2756,-3.10917,-12.2756,-0.50688,-9.93509,-0.605058,-9.77698,0.0613918,2,0.66667
-1.96539,-11.3807,-0.701824,1.49999,2,2.05467,-0.457532,-9.98493,-3.02607,-12.3624,-3.10917,-12.2756,-0.457532,-9.98493,-0.567106,-9.83919,0.054671,1,0.66667
-1.88693,-11.4426,-0.635157,1.49999,2,2.04231,-0.458207,-9.98325,-2.90667,-12.4842,-2.90667,-12.4842,-0.458207,-9.98325,-0.561158,-9.82814,0.0423074,2,0.66667
-1.80451,-11.4992,-0.56849,1.49999,2,2.02704,-0.433184,-10.0065,-2.801,-12.5839,-2.90667,-12.4842,-0.433184,-10.0065,-0.538257,-9.8533,0.0270379,1,-0.66667
-1.72152,-11.555,-0.62449,1.49999,2,2.0145,-0.40572,-10.0296,-2.6918,-12.6798,-2.6918,-12.6798,-0.40572,-10.0296,-0.517404,-9.88425,0.0144963,2,-0.66667
-1.64241,-11.6161,-0.691157,1.49999,2,2.01343,-0.386255,-10.0426,-2.56985,-12.7779,-2.6918,-12.6798,-0.386255,-10.0426,-0.505977,-9.90568,0.0134261,1,0.66667
-1.56361,-11.6777,-0.629824,1.49999,2,2.01612,-0.376103,-10.0484,-2.43761,-12.8768,-2.43761,-12.8768,-0.376103,-10.0484,-0.503739,-9.91974,0.0161209,2,0.66667
-1.48089,-11.7338,-0.563157,1.49999,2,2.01503,-0.346337,-10.0685,-2.31699,-12.961,-2.43761,-12.8768,-0.346337,-10.0685,-0.476522,-9.9416,0.015033,1,0.66667
-1.39462,-11.7843,-0.49649,1.49999,2,2.01239,-0.314935,-10.0861,-2.19274,-13.0397,-2.19274,-13.0397,-0.314935,-10.0861,-0.453444,-9.97227,0.0123892,2,0.66667
-1.30517,-11.829,-0.429823,1.49999,2,2.00612,-0.313436,-10.0852,-2.04367,-13.1276,-2.19274,-13.0397,-0.313436,-10.0852,0.594604,-10.8454,0.00612092,1,-0.66667
-1.21549,-11.8732,-0.491156,1.49999,2,2.00207,-0.30217,-10.0916,-1.89882,-13.2062,-1.89882,-13.2062,-0.30217,-10.0916,0.659873,-10.9235,0.00207233,2,-0.66667
-1.12895,-11.9233,-0.557823,1.49999,2,2.00798,-0.218558,-10.1335,-1.8054,-13.2531,-1.89882,-13.2062,-0.218558,-10.1335,0.618225,-10.8719,0.00381191,2,0.66667
-1.04273,-11.9739,-0.497823,1.49999,2,1.99257,0.57992,-10.8175,-2.2703,-12.8488,-1.89882,-13.2062,0.57992,-10.8175,-0.362877,-10.0565,-0.000472782,2,-0.66667
-0.956011,-12.0237,-0.553823,1.49999,2,1.95285,0.598091,-10.8411,-2.18724,-12.9605,-1.89882,-13.2062,0.598091,-10.8411,-0.331009,-10.069,-0.0123703,2,-0.66667
-0.872774,-12.0791,-0.62049,1.49999,2,1.92456,0.5918,-10.8305,-2.07166,-13.1011,-1.89882,-13.2062,0.5918,-10.8305,-0.28445,-10.0995,-0.0242096,2,-0.66667
-0.793413,-12.1399,-0.687157,1.49999,2,1.90605,0.631292,-10.8737,-1.98483,-13.1987,-1.89882,-13.2062,0.631292,-10.8737,0.532591,-10.7363,-0.0358986,2,-0.66667
-0.718278,-12.2058,-0.753824,1.49999,2,1.89789,0.628199,-10.8683,-1.85491,-13.3349,-1.89882,-13.2062,0.628199,-10.8683,0.528512,-10.73,-0.102113,1,-0.66667
-0.647705,-12.2767,-0.820491,1.49999,2,1.90181,0.625124,-10.8636,-1.71732,-13.4641,-1.71732,-13.4641,0.625124,-10.8636,0.522611,-10.7242,-0.0981865,2,-0.66667
-0.582007,-12.352,-0.887158,1.49999,2,1.91804,0.620644,-10.8579,-1.57392,-13.5844,-1.71732,-13.4641,0.620644,-10.8579,0.511626,-10.7203,-0.0819566,1,-0.66667
-0.521475,-12.4316,-0.953825,1.49999,2,1.94564,0.612514,-10.8506,-1.42741,-13.6946,-1.42741,-13.6946,0.612514,-10.8506,0.798263,-10.9478,-0.0543622,2,0.66667
-0.461563,-12.5116,-0.895158,1.49999,2,1.97765,0.680927,-10.8974,-1.34102,-13.7542,-1.42741,-13.6946,0.680927,-10.8974,0.546906,-10.7851,-0.0223489,1,0.66667
-0.396469,-12.5875,-0.828491,1.49999,2,2.00721,0.681092,-10.8941,-1.19787,-13.847,-1.19787,-13.847,0.681092,-10.8941,0.547205,-10.7724,0.00720716,2,0.66667
-0.326465,-12.6589,-0.761824,1.49999,2,2.03318,0.710019,-10.9098,-1.07422,-13.9208,-1.19787,-13.847,0.710019,-10.9098,0.56914,-10.7938,0.0331814,1,0.66667
-0.251861,-12.7255,-0.695157,1.49999,2,2.0561,0.739607,-10.9242,-0.948119,-13.9904,-0.948119,-13.9904,0.739607,-10.9242,0.596306,-10.8051,0.0560977,2,0.66667
-0.172988,-12.7869,-0.62849,1.49999,2,2.07553,0.737188,-10.9216,-0.797657,-14.0671,-0.948119,-13.9904,0.737188,-10.9216,0.950425,-10.9898,0.0755255,1,0.66667
-0.0901976,-12.843,-0.561823,1.49999,2,2.09095,0.799763,-10.9509,-0.689923,-14.118,-0.689923,-14.118,0.799763,-10.9509,0.645831,-10.8415,0.0909479,2,0.66667
-0.00385662,-12.8934,-0.495156,1.49999,2,2.10215,0.830014,-10.9637,-0.558348,-14.1766,-0.689923,-14.118,0.830014,-10.9637,0.673921,-10.8524,0.102146,1,0.66667
0.085651,-12.9379,-0.428489,1.49999,2,2.10986,0.860658,-10.9756,-0.424979,-14.2309,-0.424979,-14.2309,0.860658,-10.9756,0.69761,-10.8787,0.109863,2,0.66667
0.177928,-12.9764,-0.361822,1.49999,2,2.11683,0.892579,-10.9839,-0.289037,-14.2784,-0.424979,-14.2309,0.892579,-10.9839,0.72679,-10.8889,0.116826,1,0.66667
0.272563,-13.0087,-0.295155,1.49999,2,2.11748,0.888518,-10.9828,-0.129598,-14.3314,-0.129598,-14.3314,0.888518,-10.9828,1.11245,-11.0215,0.117477,2,0.66667
0.369137,-13.0346,-0.228488,1.49999,2,2.11571,0.990944,-11.0123,-0.0377033,-14.3577,-0.129598,-14.3314,0.990944,-11.0123,0.816826,-10.9448,0.115709,1,0.66667
0.467221,-13.0539,-0.161821,1.49999,2,2.10902,1.02273,-11.0194,0.100839,-14.3958,0.100839,-14.3958,1.02273,-11.0194,0.847959,-10.953,0.109016,2,0.66667
0.566378,-13.0668,-0.0951544,1.49999,2,2.10036,1.01926,-11.0158,0.264584,-14.4335,0.100839,-14.3958,1.01926,-11.0158,0.844223,-10.9426,0.100358,1,0.66667
0.666169,-13.0729,-0.0284874,1.49999,2,2.08825,1.05146,-11.0205,0.405694,-14.4604,0.405694,-14.4604,1.05146,-11.0205,0.875676,-10.9486,0.0882542,2,0.66667
0.766149,-13.0725,0.0381796,1.49999,2,2.07252,1.04787,-11.0192,0.572108,-14.4867,0.405694,-14.4604,1.04787,-11.0192,1.27141,-11.0173,0.0725238,1,0.66667
0.865875,-13.0653,0.104847,1.49999,2,2.05467,1.11602,-11.0259,0.689913,-14.4999,0.689913,-14.4999,1.11602,-11.0259,0.938615,-10.9749,0.0546701,2,0.66667
0.964903,-13.0515,0.171514,1.49999,2,2.03181,1.1481,-11.028,0.832524,-14.5137,0.689913,-14.4999,1.1481,-11.028,0.971166,-10.9792,0.03181,1,-0.66667
1.06377,-13.0366,0.116847,1.49999,2,2.00932,1.17962,-11.0306,0.977822,-14.5248,0.977822,-14.5248,1.17962,-11.0306,1.00297,-10.9816,0.0093236,2,-0.66667
1.1634,-13.0283,0.0501797,1.49999,2,1.99838,1.16776,-11.0299,1.16012,-14.5299,0.977822,-14.5248,1.16776,-11.0299,1.38206,-10.9907,-0.00162446,1,-0.66667
1.26337,-13.0266,-0.0164873,1.49999,2,1.99814,1.19171,-11.0298,1.31723,-14.5275,1.31723,-14.5275,1.19171,-11.0298,1.01318,-11.0051,-0.00186229,2,-0.66667
1.36323,-13.0316,-0.0831543,1.49999,2,2.00954,1.21481,-11.0275,1.4733,-14.518,1.31723,-14.5275,1.21481,-11.0275,1.03593,-11.0187,0.0095396,1,0.66667
1.46299,-13.0383,-0.0351541,1.49999,2,2.02643,1.21653,-11.0269,1.6422,-14.5009,1.6422,-14.5009,1.21653,-11.0269,3.6369,-11.6806,0.0264332,2,0.66667
1.56297,-13.0385,0.0315129,1.49999,2,2.04285,1.25025,-11.0197,1.78603,-14.4784,1.6422,-14.5009,1.25025,-11.0197,3.72781,-11.7477,0.0354092,2,0.66667
1.66274,-13.032,0.0981799,1.49999,2,2.05629,1.24838,-11.0179,1.95366,-14.4461,1.6422,-14.5009,1.24838,-11.0179,3.80821,-11.812,0.0309316,2,0.66667
1.76186,-13.0189,0.164847,1.49999,2,2.06623,1.28144,-11.0093,2.09522,-14.4134,1.6422,-14.5009,1.28144,-11.0093,3.99356,-11.9571,0.0131417,2,-0.66667
1.86079,-13.0044,0.112847,1.49999,2,2.07719,1.34191,-10.9931,2.2162,-14.3821,1.6422,-14.5009,1.34191,-10.9931,4.12848,-12.0667,-0.0123989,2,-0.66667
1.96045,-12.9965,0.0461797,1.49999,2,2.07009,3.43325,-11.5418,0.943128,-14.0013,1.6422,-14.5009,3.43325,-11.5418,1.17643,-11.0209,-0.0377538,2,-0.66667
2.06042,-12.9952,-0.0204873,1.49999,2,1.99804,3.42751,-11.5381,1.03276,-14.0905,1.6422,-14.5009,3.42751,-11.5381,1.18972,-11.0234,-0.0627478,2,-0.66667
2.16026,-13.0006,-0.0871543,1.49999,2,1.9371,3.43095,-11.5385,1.13504,-14.1802,1.6422,-14.5009,3.43095,-11.5385,1.11001,-11.0258,-0.0872895,2,-0.66667
2.25952,-13.0126,-0.153821,1.49999,2,1.88287,3.41389,-11.5251,1.26807,-14.2901,1.6422,-14.5009,3.41389,-11.5251,1.15315,-11.0319,-0.111293,2,-0.66667
2.35775,-13.0312,-0.220488,1.49999,2,1.84049,3.40374,-11.5168,1.41462,-14.3966,1.6422,-14.5009,3.40374,-11.5168,1.14367,-11.0396,-0.134678,2,-0.66667
2.45453,-13.0563,-0.287155,1.49999,2,1.80739,3.47702,-11.5659,1.49698,-14.452,1.6422,-14.5009,3.47702,-11.5659,1.17239,-11.0474,-0.157368,2,-0.66667
2.54942,-13.0878,-0.353822,1.49999,2,1.78164,3.52688,-11.5982,1.60669,-14.5244,1.6422,-14.5009,3.52688,-11.5982,1.19079,-11.0527,-0.179294,2,-0.66667
2.642,-13.1255,-0.420489,1.49999,2,1.76272,3.60443,-11.6487,1.69347,-14.581,1.6422,-14.5009,3.60443,-11.6487,3.75943,-11.7502,-0.237281,1,-0.66667
2.73186,-13.1694,-0.487156,1.49999,2,1.75132,3.68345,-11.6991,1.78172,-14.6374,1.78172,-14.6374,3.68345,-11.6991,3.55459,-11.6163,-0.248677,2,-0.66667
2.81861,-13.2191,-0.553823,1.49999,2,1.74725,3.76336,-11.7493,1.87088,-14.6935,1.78172,-14.6374,3.76336,-11.7493,3.63488,-11.6664,-0.25275,1,-0.66667
2.90184,-13.2745,-0.62049,1.49999,2,1.75049,3.84371,-11.799,1.96051,-14.7491,1.96051,-14.7491,3.84371,-11.799,3.71396,-11.7178,-0.249512,2,-0.66667
2.9812,-13.3353,-0.687157,1.49999,2,1.76097,3.89794,-11.8317,2.0759,-14.8201,1.96051,-14.7491,3.89794,-11.8317,4.05425,-11.9303,-0.239027,1,-0.66667
3.05634,-13.4012,-0.753824,1.49999,2,1.77862,3.97747,-11.8797,2.16485,-14.8738,2.16485,-14.8738,3.97747,-11.8797,4.13678,-11.9774,-0.221384,2,-0.66667
3.12691,-13.4721,-0.820491,1.49999,2,1.8033,4.05597,-11.9265,2.25277,-14.9263,2.16485,-14.8738,4.05597,-11.9265,3.92092,-11.8449,-0.196701,1,-0.66667
3.19261,-13.5474,-0.887158,1.49999,2,1.83487,4.13298,-11.9719,2.33923,-14.9773,2.33923,-14.9773,4.13298,-11.9719,3.9948,-11.8903,-0.165131,2,0.66667
3.25763,-13.6234,-0.829825,1.49999,2,1.87156,4.12314,-11.964,2.50455,-15.0672,2.33923,-14.9773,4.12314,-11.964,3.98047,-11.8822,-0.128436,1,0.66667
3.32754,-13.6949,-0.763158,1.49999,2,1.90334,4.15371,-11.9802,2.63449,-15.1333,2.63449,-15.1333,4.15371,-11.9802,4.39446,-12.0967,-0.0966574,2,0.66667
3.40205,-13.7615,-0.696491,1.49999,2,1.9331,4.18542,-11.9943,2.76709,-15.194,2.63449,-15.1333,4.18542,-11.9943,4.60146,-12.2212,-0.0718861,2,0.66667
3.48084,-13.8231,-0.629824,1.49999,2,1.95318,4.48933,-12.1504,2.68218,-15.1478,2.63449,-15.1333,4.48933,-12.1504,4.1877,-11.9899,-0.0468206,1,0.66667
3.56356,-13.8792,-0.563157,1.49999,2,1.95897,4.58031,-12.2048,2.76373,-15.1964,2.76373,-15.1964,4.58031,-12.2048,4.75469,-12.3138,-0.0410289,2,-0.66667
3.64705,-13.9343,-0.615157,1.49999,2,1.96176,4.72255,-12.2936,2.80373,-15.2207,2.76373,-15.1964,4.72255,-12.2936,4.57786,-12.2016,-0.0382367,1,-0.66667
3.72673,-13.9946,-0.681824,1.49999,2,1.97124,4.77325,-12.3241,2.91513,-15.2902,2.91513,-15.2902,4.77325,-12.3241,4.62728,-12.2322,-0.0287633,2,0.66667
3.80602,-14.0555,-0.621824,1.49999,2,1.98293,4.84588,-12.3671,3.01047,-15.3473,2.91513,-15.2902,4.84588,-12.3671,4.69757,-12.2773,-0.0170711,1,0.66667
3.88919,-14.111,-0.555157,1.49999,2,1.98769,4.93685,-12.4219,3.09208,-15.3962,3.09208,-15.3962,4.93685,-12.4219,4.78937,-12.3296,-0.0123088,2,0.66667
3.97586,-14.1609,-0.48849,1.49999,2,1.98517,5.05673,-12.4958,3.15108,-15.4315,3.09208,-15.3962,5.05673,-12.4958,4.9098,-12.4035,-0.0148317,1,-0.66667
4.06286,-14.2102,-0.54849,1.49999,2,1.98039,5.12477,-12.5385,3.24803,-15.4928,3.24803,-15.4928,5.12477,-12.5385,5.30036,-12.6503,-0.019608,2,-0.66667
4.14639,-14.2651,-0.615157,1.49999,2,1.98286,5.23347,-12.6068,3.31464,-15.5339,3.24803,-15.4928,5.23347,-12.6068,5.08715,-12.514,-0.0171357,1,-0.66667
4.22607,-14.3255,-0.681824,1.49999,2,1.99225,5.28375,-12.6372,3.42563,-15.6032,3.42563,-15.6032,5.28375,-12.6372,5.10623,-12.5262,-0.00774658,2,0.66667
4.30529,-14.3865,-0.623157,1.49999,2,2.00397,5.35845,-12.6816,3.51907,-15.6593,3.42563,-15.6032,5.35845,-12.6816,5.20865,-12.5907,0.00396729,1,0.66667
4.38838,-14.4421,-0.55649,1.49999,2,2.00877,5.44943,-12.7364,3.6007,-15.7083,3.6007,-15.7083,5.44943,-12.7364,5.62766,-12.8493,0.00877428,2,0.66667
4.47499,-14.4921,-0.489823,1.49999,2,2.0063,5.5696,-12.8107,3.66004,-15.7438,3.6007,-15.7083,5.5696,-12.8107,5.4212,-12.7173,0.00630212,1,-0.66667
4.56185,-14.5416,-0.551157,1.49999,2,2.00167,5.63968,-12.8549,3.75506,-15.8041,3.75506,-15.8041,5.63968,-12.8549,5.81692,-12.9682,0.0016675,2,-0.66667
4.64524,-14.5967,-0.617824,1.49999,2,2.00407,5.7484,-12.9236,3.82178,-15.8456,3.75506,-15.8041,5.7484,-12.9236,5.60078,-12.8294,0.00406551,1,0.66667
4.72805,-14.6527,-0.561823,1.49999,2,2.00899,5.76847,-12.9341,3.95589,-15.9282,3.95589,-15.9282,5.76847,-12.9341,5.94696,-13.0463,0.00899124,2,0.66667
4.81439,-14.7032,-0.495156,1.49999,2,2.007,5.88892,-13.008,4.01506,-15.9641,3.95589,-15.9282,5.88892,-13.008,5.74006,-12.9151,0.00699544,1,-0.66667
4.90112,-14.7529,-0.553823,1.49999,2,2.00274,5.98402,-13.0682,4.09154,-16.0124,4.09154,-16.0124,5.98402,-13.0682,5.83729,-12.9722,0.00273561,2,-0.66667
4.98436,-14.8083,-0.62049,1.49999,2,2.00679,6.00444,-13.0801,4.22535,-16.0942,4.09154,-16.0124,6.00444,-13.0801,6.18841,-13.1842,0.00679326,1,0.66667
5.06689,-14.8647,-0.567157,1.49999,2,2.01982,5.968,-13.0571,4.40654,-16.1894,4.40654,-16.1894,5.968,-13.0571,6.30295,-13.2536,0.0198205,2,0.66667
5.15296,-14.9156,-0.50049,1.49999,2,2.02062,6.24387,-13.2148,4.35426,-16.1608,4.40654,-16.1894,6.24387,-13.2148,5.99977,-13.0725,0.0235795,2,0.66667
5.24223,-14.9606,-0.433823,1.49999,2,2.01206,6.30418,-13.2516,4.45691,-16.2244,4.40654,-16.1894,6.30418,-13.2516,6.48132,-13.3664,0.0120571,1,-0.66667
5.33179,-15.0051,-0.493823,1.49999,2,2.00123,6.43034,-13.3323,4.50906,-16.2578,4.50906,-16.2578,6.43034,-13.3323,6.28356,-13.237,0.00122523,2,-0.66667
5.4182,-15.0554,-0.56049,1.49999,2,1.99741,6.50939,-13.3824,4.59733,-16.3139,4.50906,-16.2578,6.50939,-13.3824,6.36297,-13.287,-0.00258732,1,-0.66667
5.50106,-15.1113,-0.627157,1.49999,2,2.00084,6.58886,-13.432,4.68603,-16.3696,4.68603,-16.3696,6.58886,-13.432,6.44102,-13.3386,0.000843048,2,0.66667
5.58349,-15.1679,-0.56849,1.49999,2,2.00661,6.6341,-13.4583,4.8016,-16.4402,4.68603,-16.3696,6.6341,-13.4583,6.89829,-13.6324,0.0066061,1,0.66667
5.6695,-15.2189,-0.501823,1.49999,2,2.0054,6.89731,-13.6333,4.75443,-16.4006,4.75443,-16.4006,6.89731,-13.6333,6.60577,-13.4395,0.00540471,2,0.66667
5.7587,-15.264,-0.435156,1.49999,2,1.99038,6.92673,-13.6524,4.87281,-16.4864,4.75443,-16.4006,6.92673,-13.6524,6.75654,-13.531,-0.00961554,1,-0.66667
5.84843,-15.3082,-0.489823,1.49999,2,1.97629,6.95541,-13.671,4.99495,-16.5704,4.99495,-16.5704,6.95541,-13.671,7.1289,-13.7856,-0.0237064,2,-0.66667
5.93503,-15.3581,-0.55649,1.49999,2,1.97204,7.00575,-13.7021,5.10543,-16.6412,4.99495,-16.5704,7.00575,-13.7021,7.18078,-13.8134,-0.0279614,1,-0.66667
6.01812,-15.4137,-0.623157,1.49999,2,1.97515,7.08531,-13.7517,5.19424,-16.6968,5.19424,-16.6968,7.08531,-13.7517,6.93926,-13.6595,-0.0248522,2,-0.66667
6.09732,-15.4747,-0.689824,1.49999,2,1.9855,7.13546,-13.7823,5.30546,-16.7657,5.19424,-16.6968,7.13546,-13.7823,7.31124,-13.8941,-0.0145015,1,0.66667
6.1762,-15.5362,-0.62849,1.49999,2,1.99788,7.23521,-13.8421,5.37998,-16.8099,5.37998,-16.8099,7.23521,-13.8421,7.08591,-13.7515,-0.00212395,2,0.66667
6.25899,-15.5922,-0.561823,1.49999,2,2.00334,7.29649,-13.8785,5.48391,-16.8725,5.37998,-16.8099,7.29649,-13.8785,7.47453,-13.9903,0.00334239,1,0.66667
6.34533,-15.6426,-0.495156,1.49999,2,2.00141,7.41687,-13.9522,5.543,-16.9084,5.543,-16.9084,7.41687,-13.9522,7.26839,-13.8596,0.00140572,2,-0.66667
6.432,-15.6925,-0.555157,1.49999,2,1.99731,7.5142,-14.0138,5.6178,-16.9555,5.543,-16.9084,7.5142,-14.0138,7.36782,-13.9182,-0.0026896,1,-0.66667
6.51516,-15.748,-0.621824,1.49999,2,2.00018,7.59363,-14.0635,5.70649,-17.0111,5.70649,-17.0111,7.59363,-14.0635,7.44579,-13.97,0.000181198,2,0.66667
6.59775,-15.8043,-0.565823,1.49999,2,2.00555,7.64325,-14.0929,5.8187,-17.0797,5.70649,-17.0111,7.64325,-14.0929,7.49418,-14,0.00555325,1,0.66667
6.68389,-15.8551,-0.499156,1.49999,2,2.00408,7.76363,-14.1668,5.87795,-17.1153,5.87795,-17.1153,7.76363,-14.1668,7.61501,-14.074,0.00408435,2,-0.66667
6.77036,-15.9053,-0.559157,1.49999,2,2.00374,7.77337,-14.1707,6.02139,-17.2006,5.87795,-17.1153,7.77337,-14.1707,7.95523,-14.2767,0.00374413,1,0.66667
6.85638,-15.9563,-0.501823,1.49999,2,2.00956,7.76096,-14.1618,6.18548,-17.2872,6.18548,-17.2872,7.76096,-14.1618,8.00289,-14.3037,0.00955892,2,0.66667
6.94559,-16.0014,-0.435156,1.49999,2,2.00158,8.00427,-14.3027,6.15304,-17.2731,6.18548,-17.2872,8.00427,-14.3027,7.76164,-14.1627,0.00636586,2,-0.66667
7.03503,-16.0461,-0.49649,1.49999,2,1.99117,8.13249,-14.3847,6.20342,-17.305,6.18548,-17.2872,8.13249,-14.3847,7.9864,-14.29,-0.00883043,1,-0.66667
7.12131,-16.0966,-0.563157,1.49999,2,1.98777,8.1825,-14.4158,6.31399,-17.3753,6.31399,-17.3753,8.1825,-14.4158,8.35724,-14.5298,-0.0122275,2,-0.66667
7.20402,-16.1528,-0.629824,1.49999,2,1.99167,8.29128,-14.4841,6.38062,-17.4165,6.31399,-17.3753,8.29128,-14.4841,8.14407,-14.3912,-0.00832999,1,0.66667
7.28623,-16.2097,-0.57249,1.49999,2,1.99798,8.33912,-14.5116,6.4947,-17.4862,6.4947,-17.4862,8.33912,-14.5116,8.19049,-14.4197,-0.00202334,2,0.66667
7.37203,-16.261,-0.505823,1.49999,2,1.99735,8.42992,-14.5668,6.57616,-17.5356,6.4947,-17.4862,8.42992,-14.5668,8.60792,-14.6781,-0.00264573,1,-0.66667
7.45829,-16.3116,-0.563157,1.49999,2,1.99432,8.52297,-14.6252,6.65447,-17.5847,6.65447,-17.5847,8.52297,-14.6252,8.69821,-14.7397,-0.00567973,2,-0.66667
7.541,-16.3677,-0.629824,1.49999,2,1.99816,8.63181,-14.6936,6.72115,-17.626,6.65447,-17.5847,8.63181,-14.6936,8.48414,-14.6004,-0.00183725,1,0.66667
7.62335,-16.4244,-0.569823,1.49999,2,2.00412,8.67493,-14.7184,6.83845,-17.6979,6.83845,-17.6979,8.67493,-14.7184,8.85326,-14.8302,0.00411701,2,0.66667
7.70929,-16.4755,-0.503156,1.49999,2,2.00323,8.76576,-14.7735,6.91992,-17.7472,6.83845,-17.6979,8.76576,-14.7735,8.94412,-14.8853,0.00322962,1,0.66667
7.79843,-16.5208,-0.436489,1.49999,2,1.99502,8.85591,-14.8291,7.00072,-17.797,7.00072,-17.797,8.85591,-14.8291,9.03174,-14.9428,-0.00497866,2,-0.66667
7.88799,-16.5653,-0.493823,1.49999,2,1.98444,8.97732,-14.9065,7.05604,-17.8321,7.00072,-17.797,8.97732,-14.9065,8.83166,-14.8122,-0.0155647,1,-0.66667
7.9744,-16.6156,-0.56049,1.49999,2,1.98079,9.02739,-14.9378,7.16678,-17.9023,7.16678,-17.9023,9.02739,-14.9378,9.20151,-15.0514,-0.0192069,2,-0.66667
8.05726,-16.6715,-0.627157,1.49999,2,1.98437,9.1361,-15.006,7.23327,-17.9436,7.16678,-17.9023,9.1361,-15.006,8.98937,-14.9136,-0.0156294,1,-0.66667
8.13622,-16.7328,-0.693824,1.49999,2,1.99518,9.18621,-15.0363,7.34429,-18.0124,7.34429,-18.0124,9.18621,-15.0363,9.36298,-15.1486,-0.00481546,2,0.66667
8.21446,-16.7951,-0.639157,1.49999,2,2.00867,9.26761,-15.0846,7.43256,-18.065,7.34429,-18.0124,9.26761,-15.0846,9.11822,-14.992,0.00867057,1,0.66667
8.29665,-16.852,-0.57249,1.49999,2,2.01539,9.35871,-15.1392,7.5143,-18.1138,7.5143,-18.1138,9.35871,-15.1392,9.20885,-15.0463,0.0153878,2,0.66667
8.38245,-16.9034,-0.505823,1.49999,2,2.01471,9.44954,-15.1944,7.59577,-18.1632,7.5143,-18.1138,9.44954,-15.1944,9.30097,-15.0992,0.0147073,1,0.66667
8.47148,-16.9489,-0.439156,1.49999,2,2.00775,9.51041,-15.2308,7.6993,-18.2258,7.6993,-18.2258,9.51041,-15.2308,9.36158,-15.1369,0.00775123,2,-0.66667
8.56097,-16.9934,-0.495156,1.49999,2,2.00041,9.54208,-15.2502,7.82549,-18.3003,7.6993,-18.2258,9.54208,-15.2502,9.39503,-15.1523,0.000405312,1,-0.66667
8.64731,-17.0439,-0.561823,1.49999,2,2.00604,9.53268,-15.2438,7.98795,-18.3844,7.98795,-18.3844,9.53268,-15.2438,9.38324,-15.1456,0.0060401,2,0.66667
8.73326,-17.0949,-0.503156,1.49999,2,2.01796,9.51618,-15.2351,8.15825,-18.4609,7.98795,-18.3844,9.51618,-15.2351,9.36308,-15.1367,0.0179553,1,0.66667
8.8224,-17.1402,-0.436489,1.49999,2,2.02557,9.54861,-15.2493,8.2938,-18.5166,8.2938,-18.5166,9.54861,-15.2493,9.39176,-15.1558,0.0255733,2,0.66667
8.91437,-17.1794,-0.369822,1.49999,2,2.03767,9.55045,-15.2436,8.45789,-18.5687,8.2938,-18.5166,9.55045,-15.2436,9.39054,-15.1476,0.0376711,1,0.66667
9.00874,-17.2124,-0.303155,1.49999,2,2.04952,9.55196,-15.2362,8.6243,-18.611,8.2938,-18.5166,9.55196,-15.2362,9.38849,-15.1372,0.0495183,1,0.66667
9.10511,-17.2391,-0.236488,1.49999,2,2.04883,9.5503,-15.2392,8.78978,-18.6556,8.2938,-18.5166,9.5503,-15.2392,9.38537,-15.1246,0.0488315,1,0.66667
9.20303,-17.2593,-0.169821,1.49999,2,2.04438,9.58366,-15.2506,8.93202,-18.6894,8.2938,-18.5166,9.58366,-15.2506,9.41659,-15.1311,0.0443769,1,0.66667
9.30209,-17.2729,-0.103154,1.49999,2,2.03667,9.61755,-15.2608,9.07543,-18.7185,8.2938,-18.5166,9.61755,-15.2608,9.44809,-15.137,0.0366709,1,0.66667
9.40182,-17.2798,-0.0364874,1.49999,2,2.0409,9.61837,-15.2505,9.24701,-18.7307,8.2938,-18.5166,9.61837,-15.2505,9.44254,-15.1412,0.0408969,1,0.66667
9.5018,-17.2802,0.0301796,1.49999,2,2.02641,9.65272,-15.2594,9.39206,-18.7497,8.2938,-18.5166,9.65272,-15.2594,9.47466,-15.147,0.026408,1,-0.66667
9.60178,-17.2795,-0.0258207,1.49999,2,2.02539,9.65408,-15.2547,9.56371,-18.7536,8.2938,-18.5166,9.65408,-15.2547,9.46918,-15.124,0.0253942,1,0.66667
9.70177,-17.2796,0.0315129,1.49999,2,2.02391,9.638,-15.2567,9.74827,-18.7549,8.2938,-18.5166,9.638,-15.2567,9.44356,-15.1159,0.0239103,1,0.66667
9.80154,-17.2731,0.0981799,1.49999,2,2.03237,9.63766,-15.2474,9.91988,-18.736,8.2938,-18.5166,9.63766,-15.2474,9.43117,-15.0892,0.0323694,1,0.66667
9.90066,-17.26,0.164847,1.49999,2,2.02135,9.67377,-15.2514,10.0666,-18.7293,8.2938,-18.5166,9.67377,-15.2514,9.46088,-15.0877,0.0213463,1,-0.66667
9.99969,-17.2463,0.104847,1.49999,2,2.03158,9.68163,-15.2397,10.2296,-18.6966,8.2938,-18.5166,9.68163,-15.2397,9.46433,-15.1002,0.0315785,1,0.66667
10.0989,-17.2336,0.159514,1.49999,2,2.0365,9.67061,-15.2427,10.4066,-18.6644,8.2938,-18.5166,9.67061,-15.2427,9.43985,-15.0967,0.0365012,1,0.66667
10.197,-17.2145,0.226181,1.49999,2,2.06557,9.69872,-15.2099,10.543,-18.6065,8.2938,-18.5166,9.69872,-15.2099,9.46753,-15.091,0.0655706,1,0.66667
10.2936,-17.1888,0.292848,1.49999,2,2.05325,9.66669,-15.2336,10.7354,-18.5665,8.2938,-18.5166,9.66669,-15.2336,9.84692,-15.0466,0.0532479,1,0.66667
10.3883,-17.1568,0.359515,1.49999,2,2.04163,9.70352,-15.2334,10.8775,-18.5306,8.2938,-18.5166,9.70352,-15.2334,9.86757,-15.0039,0.0416341,1,-0.66667
10.4828,-17.1241,0.299514,1.49999,2,2.05504,9.741,-15.2076,11.0044,-18.4716,8.2938,-18.5166,9.741,-15.2076,9.90351,-14.986,0.0550358,1,0.66667
10.5775,-17.0921,0.359515,1.49999,2,2.05906,9.72045,-15.2199,11.1773,-18.4022,8.2938,-18.5166,9.72045,-15.2199,9.87548,-15.0057,0.0590582,1,0.66667
10.6699,-17.0538,0.426182,1.49999,2,2.07332,9.74745,-15.197,11.3047,-18.3315,8.2938,-18.5166,9.74745,-15.197,9.90132,-14.9891,0.0733249,1,0.66667
10.7595,-17.0094,0.492849,1.49999,2,2.08373,9.74175,-15.1912,11.4513,-18.2453,8.2938,-18.5166,9.74175,-15.1912,9.89863,-15.0045,0.0837281,1,0.66667
10.846,-16.9592,0.559516,1.49999,2,2.07788,9.74309,-15.1982,11.6008,-18.1645,8.2938,-18.5166,9.74309,-15.1982,9.89644,-15.0173,0.0778828,1,0.66667
10.9289,-16.9034,0.626183,1.49999,2,2.08197,9.76837,-15.1748,11.7193,-18.0807,8.2938,-18.5166,9.76837,-15.1748,9.91412,-14.985,0.0819674,1,0.66667
11.0079,-16.8421,0.69285,1.49999,2,2.07348,9.76883,-15.1796,11.8604,-17.9859,8.2938,-18.5166,9.76883,-15.1796,9.91234,-14.9967,0.0734835,1,0.66667
11.0827,-16.7757,0.759517,1.49999,2,2.07131,9.79277,-15.1551,11.9724,-17.8935,8.2938,-18.5166,9.79277,-15.1551,9.93622,-14.9773,0.0713081,1,0.66667
11.1528,-16.7045,0.826184,1.49999,2,2.06424,9.78944,-15.1546,12.1011,-17.7825,12.1011,-17.7825,9.78944,-15.1546,9.93415,-14.9856,0.0642447,2,0.66667
11.2181,-16.6288,0.892851,1.49999,2,2.05178,9.7888,-15.1567,12.227,-17.6678,12.1011,-17.7825,9.7888,-15.1567,9.93205,-14.9919,0.0517807,1,0.66667
11.2782,-16.5488,0.959518,1.49999,2,2.03981,9.81145,-15.1312,12.3281,-17.5636,12.3281,-17.5636,9.81145,-15.1312,9.95076,-14.9655,0.0398147,2,-0.66667
11.3378,-16.4686,0.898184,1.49999,2,2.02894,9.81915,-15.1232,12.439,-17.4441,12.3281,-17.5636,9.81915,-15.1232,9.95835,-14.9611,0.0289388,1,-0.66667
11.4027,-16.3925,0.831517,1.49999,2,2.02971,9.85603,-15.0782,12.5231,-17.3446,12.5231,-17.3446,9.85603,-15.0782,9.99493,-14.9164,0.0297127,2,0.66667
11.4683,-16.317,0.888851,1.49999,2,2.03294,9.91259,-15.0083,12.5909,-17.2614,12.5231,-17.3446,9.91259,-15.0083,9.79829,-15.1445,0.0329363,1,0.66667
11.5287,-16.2373,0.955518,1.49999,2,2.02927,9.97992,-14.9261,12.6511,-17.1877,12.6511,-17.1877,9.97992,-14.9261,9.86603,-15.0622,0.0292652,2,0.66667
11.5836,-16.1538,1.02218,1.49999,2,2.01842,10.0473,-14.8447,12.7113,-17.1147,12.6511,-17.1877,10.0473,-14.8447,9.93202,-14.9786,0.0184183,1,-0.66667
11.6381,-16.07,0.960851,1.49999,2,2.0056,10.1233,-14.7556,12.7669,-17.0494,12.7669,-17.0494,10.1233,-14.7556,10.0083,-14.8882,0.00560093,2,-0.66667
11.6981,-15.99,0.894184,1.49999,2,1.99955,10.1837,-14.6843,12.8345,-16.9698,12.7669,-17.0494,10.1837,-14.6843,10.0687,-14.8163,-0.000446677,1,-0.66667
11.7633,-15.9142,0.827517,1.49999,2,2.00095,10.2437,-14.6124,12.9017,-16.8895,12.9017,-16.8895,10.2437,-14.6124,10.1307,-14.7459,0.000952244,2,0.66667
11.829,-15.8389,0.886184,1.49999,2,2.00466,10.2761,-14.5712,12.9874,-16.7845,12.9017,-16.8895,10.2761,-14.5712,10.4114,-14.4101,0.00465941,1,0.66667
11.8896,-15.7593,0.952851,1.49999,2,2.00143,10.3656,-14.462,13.0307,-16.7307,13.0307,-16.7307,10.3656,-14.462,10.2534,-14.5963,0.00143409,2,-0.66667
11.9496,-15.6794,0.894184,1.49999,2,1.99592,10.438,-14.3761,13.0888,-16.6615,13.0307,-16.7307,10.438,-14.3761,10.3232,-14.5078,-0.00407898,1,-0.66667
12.0148,-15.6035,0.827517,1.49999,2,1.99851,10.4526,-14.3571,13.1884,-16.54,13.1884,-16.54,10.4526,-14.3571,10.3405,-14.4917,-0.00148642,2,0.66667
12.0807,-15.5284,0.883517,1.49999,2,2.01023,10.4216,-14.3933,13.3103,-16.3696,13.1884,-16.54,10.4216,-14.3933,10.3062,-14.5294,0.0102279,1,0.66667
12.1415,-15.449,0.950184,1.49999,2,2.01714,10.4414,-14.3635,13.3914,-16.247,13.3914,-16.247,10.4414,-14.3635,10.3287,-14.503,0.0171416,2,0.66667
12.1969,-15.3658,1.01685,1.49999,2,2.02629,10.4375,-14.3607,13.4766,-16.0968,13.3914,-16.247,10.4375,-14.3607,10.3225,-14.5021,0.0262868,1,0.66667
12.2467,-15.2791,1.08352,1.49999,2,2.02717,10.4392,-14.3613,13.5599,-15.9459,13.3914,-16.247,10.4392,-14.3613,10.3144,-14.5015,0.0271695,1,0.66667
12.2905,-15.1892,1.15019,1.49999,2,2.02474,10.457,-14.3303,13.6265,-15.815,13.3914,-16.247,10.457,-14.3303,10.3287,-14.4713,0.0247369,1,0.66667
12.3283,-15.0966,1.21685,1.49999,2,2.02836,10.4513,-14.3276,13.69,-15.6546,13.3914,-16.247,10.4513,-14.3276,10.3171,-14.471,0.0283606,1,0.66667
12.3598,-15.0017,1.28352,1.49999,2,2.01931,10.4679,-14.2959,13.7471,-15.5193,13.3914,-16.247,10.4679,-14.2959,10.3452,-14.4446,0.0193095,1,-0.66667
12.3904,-14.9066,1.22619,1.49999,2,2.02729,10.4596,-14.2887,13.7931,-15.3554,13.3914,-16.247,10.4596,-14.2887,10.3326,-14.4411,0.0272915,1,0.66667
12.4217,-14.8116,1.28619,1.49999,2,2.03702,10.4478,-14.3082,13.8393,-15.1731,13.3914,-16.247,10.4478,-14.3082,10.3186,-14.4669,0.0370154,1,0.66667
12.4465,-14.7148,1.35285,1.49999,2,2.0334,10.4539,-14.3098,13.8838,-15.0068,13.3914,-16.247,10.4539,-14.3098,10.2994,-14.4706,0.0334034,1,0.66667
12.4649,-14.6165,1.41952,1.49999,2,2.0256,10.4681,-14.2763,13.9183,-14.8641,13.3914,-16.247,10.4681,-14.2763,10.3065,-14.4402,0.0256019,1,-0.66667
12.4821,-14.518,1.36485,1.49999,2,2.02952,10.4714,-14.2426,13.939,-14.7175,13.3914,-16.247,10.4714,-14.2426,10.3363,-14.413,0.0295219,1,0.66667
12.5003,-14.4197,1.42085,1.49999,2,2.03922,10.4676,-14.2564,13.9564,-14.5366,13.3914,-16.247,10.4676,-14.2564,10.329,-14.4352,0.039223,1,0.66667
12.5119,-14.3204,1.48752,1.49999,2,2.05726,10.4557,-14.2568,13.954,-14.365,13.3914,-16.247,10.4557,-14.2568,10.3002,-14.4451,0.0572579,1,0.66667
12.5169,-14.2205,1.55419,1.49999,2,2.08231,10.4346,-14.2223,13.9346,-14.2193,13.3914,-16.247,10.4346,-14.2223,10.3014,-14.4162,0.0823143,1,0.66667
12.5153,-14.1205,1.62085,1.49999,2,2.06557,10.4523,-14.2239,13.9479,-14.0488,13.3914,-16.247,10.4523,-14.2239,10.2642,-14.4316,0.0655715,1,0.66667
12.5069,-14.0209,1.68752,1.49999,2,2.06134,10.4557,-14.2252,13.9385,-13.8783,13.3914,-16.247,10.4557,-14.2252,10.2337,-14.0085,0.0613365,1,0.66667
12.492,-13.9221,1.75419,1.49999,2,2.06,10.4496,-14.1912,13.9196,-13.7339,13.3914,-16.247,10.4496,-14.1912,10.2287,-13.9816,0.0600002,1,0.66667
12.4705,-13.8244,1.82086,1.49999,2,2.06496,10.439,-14.1946,13.8823,-13.5672,13.3914,-16.247,10.439,-14.1946,10.2557,-13.992,0.0649555,1,0.66667
12.4425,-13.7284,1.88752,1.49999,2,2.04561,10.4427,-14.1589,13.8643,-13.4224,13.3914,-16.247,10.4427,-14.1589,10.2481,-13.9647,0.0456131,1,-0.66667
12.4139,-13.6326,1.82752,1.49999,2,2.05018,10.4309,-14.1532,13.8162,-13.2645,13.3914,-16.247,10.4309,-14.1532,10.2625,-13.9622,0.0501826,1,0.66667
12.386,-13.5366,1.88752,1.49999,2,2.04746,10.4403,-14.1743,13.7663,-13.0842,13.3914,-16.247,10.4403,-14.1743,10.2753,-13.9909,0.0474586,1,0.66667
12.3517,-13.4427,1.95419,1.49999,2,2.05399,10.4211,-14.1441,13.7108,-12.9489,13.3914,-16.247,10.4211,-14.1441,10.242,-13.9674,0.0539944,1,0.66667
12.3112,-13.3513,2.02086,1.49999,2,2.0438,10.4269,-14.1428,13.6538,-12.7873,13.3914,-16.247,10.4269,-14.1428,10.2565,-13.9711,0.0438025,1,0.66667
12.2647,-13.2627,2.08752,1.49999,2,2.04382,10.4065,-14.1137,13.5887,-12.6564,13.3914,-16.247,10.4065,-14.1137,10.2423,-13.9436,0.043823,1,0.66667
12.2125,-13.1775,2.15419,1.49999,2,2.03091,10.4098,-14.113,13.5164,-12.5009,13.3914,-16.247,10.4098,-14.113,10.2527,-13.9466,0.03091,1,-0.66667
12.1591,-13.0929,2.10086,1.49999,2,2.03245,10.3879,-14.0898,13.4381,-12.3732,13.3914,-16.247,10.3879,-14.0898,10.2319,-13.9258,0.0324507,1,0.66667
12.1063,-13.0081,2.16086,1.49999,2,2.03184,10.3985,-14.109,13.3403,-12.2126,13.3403,-12.2126,10.3985,-14.109,10.2441,-13.949,0.0318394,2,0.66667
12.0479,-12.9269,2.22752,1.49999,2,2.02785,10.3996,-14.1082,13.2445,-12.0694,13.3403,-12.2126,10.3996,-14.1082,10.2498,-13.9495,0.0278547,1,0.66667
11.9843,-12.8498,2.29419,1.49999,2,2.02565,10.3761,-14.0814,13.1548,-11.9533,13.1548,-11.9533,10.3761,-14.0814,10.2299,-13.9227,0.0256472,2,0.66667
11.9156,-12.7771,2.36086,1.49999,2,2.01854,10.3754,-14.0818,13.046,-11.8196,13.1548,-11.9533,10.3754,-14.0818,10.2328,-13.9236,0.0185368,1,-0.66667
11.8463,-12.705,2.30352,1.49999,2,2.01478,10.3486,-14.0527,12.9504,-11.7116,12.9504,-11.7116,10.3486,-14.0527,10.2096,-13.8934,0.0147824,2,0.66667
11.7779,-12.6321,2.35686,1.49999,2,2.0142,10.282,-13.9808,12.8814,-11.6372,12.9504,-11.7116,10.282,-13.9808,10.1394,-13.8242,0.0142026,1,0.66667
11.7049,-12.5638,2.42352,1.49999,2,2.0069,10.2101,-13.903,12.8169,-11.5675,12.8169,-11.5675,10.2101,-13.903,10.3273,-14.0338,0.00689793,2,-0.66667
11.6306,-12.4969,2.37552,1.49999,2,1.99636,10.1264,-13.8094,12.7636,-11.5083,12.8169,-11.5675,10.1264,-13.8094,10.2418,-13.9404,-0.00364327,1,-0.66667
11.5609,-12.4252,2.30886,1.49999,2,1.9925,10.0638,-13.7399,12.6937,-11.4305,12.6937,-11.4305,10.0638,-13.7399,10.1788,-13.8709,-0.00750244,2,-0.66667
11.4962,-12.349,2.24219,1.49999,2,1.99589,10.0006,-13.6707,12.6232,-11.353,12.6937,-11.4305,10.0006,-13.6707,10.1175,-13.8002,-0.00410521,1,0.66667
11.4321,-12.2723,2.29952,1.49999,2,2.00174,9.96223,-13.6311,12.5322,-11.2552,12.5322,-11.2552,9.96223,-13.6311,9.82087,-13.4756,0.00174427,2,0.66667
11.3631,-12.1999,2.36619,1.49999,2,2.00074,9.86627,-13.5276,12.4847,-11.2051,12.5322,-11.2552,9.86627,-13.5276,9.98423,-13.6566,0.000744343,1,-0.66667
11.2932,-12.1284,2.31152,1.49999,2,1.99699,9.79617,-13.4501,12.4199,-11.1337,12.4199,-11.1337,9.79617,-13.4501,9.91143,-13.5815,-0.00301111,2,-0.66667
11.2282,-12.0524,2.24486,1.49999,2,2.0001,9.73304,-13.3809,12.3495,-11.0562,12.4199,-11.1337,9.73304,-13.3809,9.85023,-13.5107,9.63211e-05,1,0.66667
11.1637,-11.9761,2.30619,1.49999,2,2.00533,9.67656,-13.3214,12.272,-10.9734,12.272,-10.9734,9.67656,-13.3214,9.79478,-13.451,0.00533342,2,0.66667
11.0941,-11.9042,2.37286,1.49999,2,2.00343,9.60424,-13.2436,12.2071,-10.9037,12.272,-10.9734,9.60424,-13.2436,9.72239,-13.3729,0.00343347,1,-0.66667
11.0241,-11.8329,2.31419,1.49999,2,1.99933,9.52883,-13.1601,12.1464,-10.8367,12.1464,-10.8367,9.52883,-13.1601,9.64417,-13.2918,-0.000666499,2,-0.66667
10.9589,-11.7571,2.24752,1.49999,2,2.00217,9.46572,-13.0909,12.076,-10.7592,12.1464,-10.8367,9.46572,-13.0909,9.58305,-13.2209,0.00216889,1,0.66667
10.8944,-11.6807,2.30486,1.49999,2,2.0074,9.42769,-13.0512,11.985,-10.6616,11.985,-10.6616,9.42769,-13.0512,9.28603,-12.8953,0.00739908,2,0.66667
10.825,-11.6087,2.37152,1.49999,2,2.00572,9.33161,-12.9476,11.9376,-10.6112,11.985,-10.6616,9.33161,-12.9476,9.44989,-13.0771,0.00572085,1,-0.66667
10.7552,-11.5371,2.31019,1.49999,2,2.00201,9.25265,-12.8601,11.8795,-10.5472,11.8795,-10.5472,9.25265,-12.8601,9.36817,-12.9918,0.00200891,2,-0.66667
10.6903,-11.461,2.24352,1.49999,2,2.00522,9.18954,-12.7909,11.8091,-10.4697,11.8795,-10.5472,9.18954,-12.7909,9.30698,-12.9211,0.00522327,1,0.66667
10.6262,-11.3843,2.29952,1.49999,2,2.01099,9.1496,-12.7494,11.7196,-10.3735,11.7196,-10.3735,9.1496,-12.7494,9.00768,-12.5931,0.0109899,2,0.66667
10.5572,-11.312,2.36619,1.49999,2,2.00993,9.05356,-12.6457,11.672,-10.3232,11.7196,-10.3735,9.05356,-12.6457,9.17201,-12.7754,0.00993013,1,0.66667
10.4835,-11.2444,2.43286,1.49999,2,2.00158,9.00527,-12.5939,11.5902,-10.2342,11.5902,-10.2342,9.00527,-12.5939,9.12201,-12.7246,0.00157642,2,-0.66667
10.409,-11.1778,2.37952,1.49999,2,1.99352,8.98313,-12.571,11.4865,-10.1249,11.5902,-10.2342,8.98313,-12.571,8.83689,-12.421,-0.00648344,1,-0.66667
10.339,-11.1064,2.31286,1.49999,2,1.99711,8.84364,-12.4301,11.4643,-10.1102,11.4643,-10.1102,8.84364,-12.4301,8.9899,-12.5795,-0.00288916,2,0.66667
10.2695,-11.0345,2.37286,1.49999,2,1.99519,8.7857,-12.3684,11.3886,-10.0285,11.4643,-10.1102,8.7857,-12.3684,9.00441,-12.5942,-0.00481224,1,-0.66667
10.1994,-10.9632,2.31419,1.49999,2,1.99124,8.71021,-12.2851,11.3278,-9.96163,11.3278,-9.96163,8.71021,-12.2851,8.82528,-12.4159,-0.00876176,2,-0.66667
10.1342,-10.8874,2.24752,1.49999,2,1.99421,8.64698,-12.2159,11.2572,-9.88425,11.3278,-9.96163,8.64698,-12.2159,8.76401,-12.3452,-0.0057869,1,0.66667
10.0699,-10.8108,2.30219,1.49999,2,1.99982,8.60511,-12.1723,11.1688,-9.78951,11.1688,-9.78951,8.60511,-12.1723,8.72437,-7.28819,-0.000181556,2,0.66667
10.0007,-10.7387,2.36886,1.49999,2,1.99863,8.50904,-12.0689,11.1212,-9.73942,11.1688,-9.78951,8.50904,-12.0689,8.80842,-7.22136,-0.00509315,2,-0.66667
9.93058,-10.6674,2.31552,1.49999,2,1.9946,8.44063,-11.9935,11.0551,-9.66658,11.1688,-9.78951,8.44063,-11.9935,8.93791,-7.12868,-0.0178461,2,-0.66667
9.8653,-10.5917,2.24886,1.49999,2,1.99545,8.26852,-11.7884,11.0693,-9.68937,11.1688,-9.78951,8.26852,-11.7884,8.7886,-7.24816,-0.0305343,2,-0.66667
9.80521,-10.5118,2.18219,1.49999,2,1.99899,8.27457,-11.7975,10.9545,-9.54634,11.1688,-9.78951,8.27457,-11.7975,8.94975,-7.08837,-0.0430389,2,-0.66667
9.75058,-10.428,2.11552,1.49999,2,2.01481,8.25825,-11.7817,10.8506,-9.43021,11.1688,-9.78951,8.25825,-11.7817,8.85933,-7.15002,-0.0553097,2,-0.66667
9.70165,-10.3408,2.04886,1.49999,2,2.03903,8.19569,-11.7155,10.7807,-9.35589,11.1688,-9.78951,8.19569,-11.7155,8.78106,-7.21105,-0.067298,2,-0.66667
9.65864,-10.2506,1.98219,1.49999,2,2.07028,8.15867,-11.6775,10.6945,-9.26516,11.1688,-9.78951,8.15867,-11.6775,8.62542,-7.3443,-0.0789579,2,-0.66667
9.62173,-10.1577,1.91552,1.49999,2,2.10818,8.09889,-11.6155,10.6271,-9.19519,11.1688,-9.78951,8.09889,-11.6155,8.78241,-7.18189,-0.0902451,2,-0.66667
9.5911,-10.0625,1.84886,1.49999,2,2.15266,8.04082,-11.556,10.5614,-9.12771,11.1688,-9.78951,8.04082,-11.556,8.6039,-7.34004,-0.101118,2,-0.66667
9.56688,-9.96549,1.78219,1.49999,2,2.20353,7.98478,-11.4993,10.4977,-9.06307,11.1688,-9.78951,7.98478,-11.4993,8.76067,-7.17447,-0.111537,2,-0.66667
9.54917,-9.86709,1.71552,1.49999,2,2.26053,7.9589,-11.4736,10.4211,-8.9862,11.1688,-9.78951,7.9589,-11.4736,8.64256,-7.27707,-0.121465,2,-0.66667
9.53805,-9.76773,1.64885,1.49999,2,2.32318,7.90891,-11.4239,10.3633,-8.92876,11.1688,-9.78951,7.90891,-11.4239,8.61479,-7.2947,-0.130868,2,-0.66667
9.53358,-9.66784,1.58219,1.49999,2,2.334,7.86451,-8.03636,10.3674,-10.4829,11.1688,-9.78951,7.86451,-8.03636,8.65592,-12.1674,-0.139712,2,-0.66667
9.53578,-9.56789,1.51552,1.49999,2,2.26603,7.91033,-7.98902,10.4209,-10.4277,11.1688,-9.78951,7.91033,-7.98902,8.6795,-12.1773,-0.147969,2,-0.66667
9.54463,-9.4683,1.44885,1.49999,2,2.20373,7.93258,-7.96572,10.4929,-10.3521,11.1688,-9.78951,7.93258,-7.96572,8.75191,-12.2352,-0.15561,2,-0.66667
9.56009,-9.36952,1.38219,1.49999,2,2.14725,7.98476,-7.91041,10.5525,-10.2887,11.1688,-9.78951,7.98476,-7.91041,8.83741,-12.3102,-0.16261,2,-0.66667
9.5821,-9.27199,1.31552,1.49999,2,2.09711,8.03907,-7.85179,10.6143,-10.222,11.1688,-9.78951,8.03907,-7.85179,8.84979,-12.2929,-0.168946,2,-0.66667
9.61055,-9.17614,1.24885,1.49999,2,2.05356,8.0952,-7.7902,10.6779,-10.1523,11.1688,-9.78951,8.0952,-7.7902,8.91686,-12.3192,-0.174598,2,-0.66667
9.64533,-9.08241,1.18219,1.49999,2,2.01678,8.15285,-7.72598,10.743,-10.08,11.1688,-9.78951,8.15285,-7.72598,8.79604,-12.1942,-0.179548,2,-0.66667
9.68628,-8.99119,1.11552,1.49999,2,1.98285,8.262,-7.61166,10.776,-10.0467,11.1688,-9.78951,8.262,-7.61166,8.91948,-12.2901,-0.183779,2,-0.66667
9.73321,-8.90291,1.04885,1.49999,2,1.95908,8.27517,-7.59444,10.88,-9.93209,11.1688,-9.78951,8.27517,-7.59444,9.00659,-12.3494,-0.18728,2,-0.66667
9.78592,-8.81795,0.982184,1.49999,2,1.94364,8.31293,-7.54986,10.9654,-9.83336,11.1688,-9.78951,8.31293,-7.54986,8.83644,-12.1901,-0.190038,2,-0.66667
9.84417,-8.73669,0.915517,1.49999,2,1.93557,8.37334,-7.47849,11.033,-9.75364,11.1688,-9.78951,8.37334,-7.47849,8.98377,-12.3082,-0.192045,2,-0.66667
9.9077,-8.65949,0.84885,1.49999,2,1.93487,8.43345,-7.40637,11.1002,-9.67314,11.1688,-9.78951,8.43345,-7.40637,8.97892,-12.2862,-0.193295,2,-0.66667
9.97624,-8.5867,0.782183,1.49999,2,1.94137,8.49308,-7.33403,11.167,-9.5924,11.1688,-9.78951,8.49308,-7.33403,8.91984,-12.2266,-0.193783,2,-0.66667
10.0495,-8.51863,0.715516,1.49999,2,1.95526,8.55174,-7.26171,11.2327,-9.51165,11.1688,-9.78951,8.55174,-7.26171,8.44339,-7.39387,-0.0447358,1,0.66667
10.1231,-8.45095,0.77685,1.49999,2,1.97096,8.602,-7.19753,11.3031,-9.42332,11.3031,-9.42332,8.602,-7.19753,8.49291,-7.331,-0.0290389,2,0.66667
10.192,-8.37852,0.843517,1.49999,2,1.97982,8.66806,-7.11467,11.3621,-9.34895,11.3031,-9.42332,8.66806,-7.11467,8.55838,-7.24862,-0.0201809,1,0.66667
10.2559,-8.30166,0.910184,1.49999,2,1.98133,8.73482,-7.03205,11.4218,-9.2748,11.4218,-9.2748,8.73482,-7.03205,8.62304,-7.16464,-0.0186666,2,-0.66667
10.3194,-8.22439,0.850184,1.49999,2,1.9806,8.80857,-6.94367,11.4784,-9.20688,11.4218,-9.2748,8.80857,-6.94367,8.94504,-6.78682,-0.0193999,1,-0.66667
10.3878,-8.1515,0.783517,1.49999,2,1.98574,8.86906,-6.87223,11.546,-9.12703,11.546,-9.12703,8.86906,-6.87223,8.75538,-7.00387,-0.0142633,2,0.66667
10.4567,-8.07906,0.843517,1.49999,2,1.99412,8.92179,-6.80608,11.6158,-9.04036,11.546,-9.12703,8.92179,-6.80608,8.81032,-6.9403,-0.00588214,1,0.66667
10.5207,-8.0022,0.910184,1.49999,2,1.99551,8.98868,-6.72351,11.6757,-8.96626,11.6757,-8.96626,8.98868,-6.72351,8.87592,-6.85692,-0.00449193,2,0.66667
10.5794,-7.92126,0.976851,1.49999,2,1.98976,9.0558,-6.64144,11.7357,-8.89263,11.6757,-8.96626,9.0558,-6.64144,8.94376,-6.77469,-0.0102367,1,-0.66667
10.6375,-7.83993,0.916851,1.49999,2,1.98167,9.12993,-6.55376,11.7926,-8.82536,11.7926,-8.82536,9.12993,-6.55376,9.26574,-6.39598,-0.0183274,2,-0.66667
10.7009,-7.76265,0.850184,1.49999,2,1.98054,9.19019,-6.48196,11.86,-8.74517,11.7926,-8.82536,9.19019,-6.48196,9.32594,-6.32438,-0.0194592,1,-0.66667
10.7694,-7.68976,0.783517,1.49999,2,1.98671,9.24988,-6.40986,11.9268,-8.66466,11.9268,-8.66466,9.24988,-6.40986,9.13699,-6.54216,-0.0132871,2,0.66667
10.8387,-7.61775,0.83685,1.49999,2,1.99565,9.31115,-6.33357,11.9903,-8.58577,11.9268,-8.66466,9.31115,-6.33357,9.20047,-6.46839,-0.00434768,1,0.66667
10.9032,-7.54132,0.903517,1.49999,2,1.99783,9.37799,-6.25094,12.05,-8.51154,12.05,-8.51154,9.37799,-6.25094,9.26532,-6.38453,-0.00216746,2,0.66667
10.9624,-7.46076,0.970184,1.49999,2,1.99264,9.44524,-6.16895,12.1101,-8.43796,12.05,-8.51154,9.44524,-6.16895,9.33306,-6.30229,-0.0073595,1,-0.66667
11.0211,-7.37982,0.910184,1.49999,2,1.98556,9.49676,-6.1075,12.1838,-8.35025,12.1838,-8.35025,9.49676,-6.1075,9.63134,-5.94816,-0.0144354,2,-0.66667
11.0851,-7.30296,0.843517,1.49999,2,1.98651,9.57835,-6.00835,12.233,-8.2893,12.1838,-8.35025,9.57835,-6.00835,9.46693,-6.14149,-0.0134879,1,-0.66667
11.154,-7.23054,0.77685,1.49999,2,1.99332,9.63803,-5.93624,12.2998,-8.20884,12.2998,-8.20884,9.63803,-5.93624,9.52495,-6.06898,-0.0066812,2,0.66667
11.2236,-7.15873,0.834184,1.49999,2,2.00261,9.69409,-5.866,12.3672,-8.12533,12.2998,-8.20884,9.69409,-5.866,9.58299,-6.00122,0.00260949,1,0.66667
11.2882,-7.08247,0.900851,1.49999,2,2.00501,9.73856,-5.81023,12.4437,-8.03109,12.4437,-8.03109,9.73856,-5.81023,9.87249,-5.64758,0.00500631,2,0.66667
11.3477,-7.00208,0.967518,1.49999,2,2.00009,9.82826,-5.70138,12.4871,-7.97749,12.4437,-8.03109,9.82826,-5.70138,9.71565,-5.83516,8.96454e-05,1,-0.66667
11.4066,-6.92129,0.907517,1.49999,2,1.99303,9.90249,-5.61367,12.5438,-7.91002,12.5438,-7.91002,9.90249,-5.61367,9.78744,-5.74478,-0.00697434,2,-0.66667
11.4707,-6.84461,0.84085,1.49999,2,1.99306,9.96251,-5.54169,12.6111,-7.82972,12.5438,-7.91002,9.96251,-5.54169,9.84954,-5.67439,-0.00693631,1,-0.66667
11.5398,-6.77236,0.774183,1.49999,2,2.00009,9.99969,-5.49631,12.6948,-7.7293,12.6948,-7.7293,9.99969,-5.49631,10.1343,-5.33498,9.17912e-05,2,0.66667
11.61,-6.70116,0.82485,1.49999,2,2.01014,10.0643,-5.41608,12.7557,-7.65363,12.6948,-7.7293,10.0643,-5.41608,9.9532,-5.55222,0.0101447,1,0.66667
11.6754,-6.62551,0.891517,1.49999,2,2.01355,10.1311,-5.33339,12.8154,-7.57939,12.8154,-7.57939,10.1311,-5.33339,10.0178,-5.4683,0.0135465,2,0.66667
11.7356,-6.54567,0.958184,1.49999,2,2.01245,10.1305,-5.33174,12.922,-7.44298,12.8154,-7.57939,10.1305,-5.33174,10.0147,-5.46616,0.0124466,1,0.66667
11.7903,-6.462,1.02485,1.49999,2,2.00754,10.1515,-5.30249,13.0087,-7.32402,13.0087,-7.32402,10.1515,-5.30249,10.0383,-5.43901,0.00753593,2,-0.66667
11.8443,-6.37784,0.967518,1.49999,2,2.00968,10.1506,-5.29611,13.1003,-7.18002,13.0087,-7.32402,10.1506,-5.29611,10.0352,-5.43344,0.00968146,1,0.66667
11.8992,-6.29429,1.02218,1.49999,2,2.01416,10.145,-5.30451,13.1933,-7.02444,13.1933,-7.02444,10.145,-5.30451,10.0304,-5.44527,0.0141585,2,0.66667
11.9485,-6.20729,1.08885,1.49999,2,2.01481,10.1471,-5.30471,13.2763,-6.87261,13.1933,-7.02444,10.1471,-5.30471,10.0226,-5.44425,0.0148113,1,0.66667
11.9918,-6.1172,1.15552,1.49999,2,2.02115,10.1425,-5.30177,13.345,-6.71383,13.1933,-7.02444,10.1425,-5.30177,10.0127,-5.44369,0.021152,1,0.66667
12.0291,-6.02442,1.22219,1.49999,2,2.01567,10.1599,-5.27019,13.4056,-6.57984,13.1933,-7.02444,10.1599,-5.27019,10.0258,-5.41295,0.0156674,1,-0.66667
12.0654,-5.93127,1.16619,1.49999,2,2.01411,10.175,-5.23637,13.4601,-6.44392,13.1933,-7.02444,10.175,-5.23637,10.0522,-5.38494,0.0141084,1,0.66667
12.1025,-5.83843,1.22352,1.49999,2,2.02181,10.168,-5.25076,13.5169,-6.26808,13.1933,-7.02444,10.168,-5.25076,10.044,-5.40471,0.0218124,1,0.66667
12.1334,-5.74333,1.29019,1.49999,2,2.03708,10.1575,-5.24783,13.5524,-6.09918,13.1933,-7.02444,10.1575,-5.24783,10.0278,-5.4069,0.0370789,1,0.66667
12.1579,-5.64639,1.35685,1.49999,2,2.03335,10.1637,-5.24942,13.5963,-5.93273,13.1933,-7.02444,10.1637,-5.24942,10.0084,-5.41068,0.0333469,1,0.66667
12.1758,-5.54804,1.42352,1.49999,2,2.04039,10.1631,-5.21344,13.6157,-5.7874,13.1933,-7.02444,10.1631,-5.21344,10.0153,-5.38034,0.0403872,1,0.66667
12.1872,-5.44871,1.49019,1.49999,2,2.03645,10.1643,-5.21398,13.641,-5.6174,13.1933,-7.02444,10.1643,-5.21398,9.99044,-5.38663,0.036453,1,0.66667
12.1919,-5.34884,1.55685,1.49999,2,2.03131,10.1677,-5.1789,13.6555,-5.47171,13.1933,-7.02444,10.1677,-5.1789,10.0276,-5.35643,0.0313132,1,0.66667
12.19,-5.24887,1.62352,1.49999,2,2.03119,10.16,-5.17872,13.6579,-5.2996,13.1933,-7.02444,10.16,-5.17872,10.0007,-5.3644,0.0311887,1,0.66667
12.1814,-5.14926,1.69019,1.49999,2,2.04141,10.1402,-5.17921,13.6398,-5.12787,13.1933,-7.02444,10.1402,-5.17921,9.96918,-5.37555,0.0414138,1,0.66667
12.1662,-5.05044,1.75685,1.49999,2,2.01792,10.1524,-5.17927,13.6452,-4.95583,13.1933,-7.02444,10.1524,-5.17927,9.98905,-4.96149,0.0179224,1,-0.66667
12.1501,-4.95177,1.69952,1.49999,2,1.99528,10.1636,-5.13868,13.6482,-4.81081,13.1933,-7.02444,10.1636,-5.13868,9.94495,-4.92772,-0.00472367,1,-0.66667
12.1406,-4.85224,1.63285,1.49999,2,2.00205,10.1608,-5.15008,13.6218,-4.62939,13.1933,-7.02444,10.1608,-5.15008,9.95771,-4.94966,0.00204754,1,0.66667
12.1317,-4.75265,1.69285,1.49999,2,2.02181,10.147,-5.1382,13.5828,-4.47077,13.1933,-7.02444,10.147,-5.1382,9.93981,-4.94416,0.0218072,1,0.66667
12.1162,-4.65388,1.75952,1.49999,2,2.0196,10.155,-5.13606,13.5538,-4.30043,13.1933,-7.02444,10.155,-5.13606,9.95958,-4.9498,0.0195966,1,0.66667
12.0942,-4.55635,1.82619,1.49999,2,2.04998,10.13,-5.14313,13.4835,-4.1413,13.1933,-7.02444,10.13,-5.14313,9.97615,-4.95398,0.0499759,1,0.66667
12.0657,-4.46051,1.89286,1.49999,2,2.02941,10.1522,-5.13635,13.4524,-3.97077,13.1933,-7.02444,10.1522,-5.13635,9.98994,-4.95704,0.029412,1,-0.66667
12.0365,-4.36489,1.83419,1.49999,2,2.04158,10.1317,-5.09955,13.3972,-3.84007,13.1933,-7.02444,10.1317,-5.09955,9.95626,-4.92584,0.0415752,1,0.66667
12.0079,-4.26909,1.89419,1.49999,2,2.05066,10.1423,-5.12042,13.3264,-3.66739,13.1933,-7.02444,10.1423,-5.12042,9.97024,-4.95202,0.0506644,1,0.66667
11.973,-4.1754,1.96086,1.49999,2,2.06564,10.1219,-5.0922,13.2583,-3.53879,13.1933,-7.02444,10.1219,-5.0922,9.95387,-4.92424,0.0656424,1,0.66667
11.9319,-4.08425,2.02752,1.49999,2,2.07686,10.101,-5.06465,13.1865,-3.41243,13.1933,-7.02444,10.101,-5.06465,9.93704,-4.89705,0.0768583,1,0.66667
11.8849,-3.99603,2.09419,1.49999,2,2.0843,10.098,-5.06915,13.0985,-3.26715,13.1933,-7.02444,10.098,-5.06915,9.94554,-4.89986,0.0842962,1,0.66667
11.832,-3.91115,2.16086,1.49999,2,2.08218,10.1019,-5.06969,13.0101,-3.12227,13.0101,-3.12227,10.1019,-5.06969,9.95228,-4.90255,0.0821846,2,0.66667
11.7737,-3.82997,2.22752,1.49999,2,2.07963,10.1047,-5.0707,12.9135,-2.98257,13.0101,-3.12227,10.1047,-5.0707,9.95137,-4.90885,0.0796266,1,0.66667
11.71,-3.75287,2.29419,1.49999,2,2.07855,10.0821,-5.0453,12.8233,-2.86902,12.8233,-2.86902,10.0821,-5.0453,9.9323,-4.8831,0.0785506,2,0.66667
11.6414,-3.68017,2.36086,1.49999,2,2.07376,10.059,-5.02055,12.7296,-2.75832,12.8233,-2.86902,10.059,-5.02055,9.9126,-4.858,0.0737574,1,0.66667
11.568,-3.61221,2.42752,1.49999,2,2.06515,10.0354,-4.99639,12.6329,-2.6505,12.6329,-2.6505,10.0354,-4.99639,9.89215,-4.8337,0.0651467,2,0.66667
11.4903,-3.54929,2.49419,1.49999,2,2.05012,9.9409,-4.89176,12.5861,-2.59987,12.6329,-2.6505,9.9409,-4.89176,10.06,-5.02562,0.0501215,1,0.66667
11.4086,-3.49168,2.56086,1.49999,2,2.02799,9.87174,-4.81483,12.5242,-2.53127,12.5242,-2.53127,9.87174,-4.81483,9.9878,-4.94899,0.027986,2,-0.66667
11.3263,-3.43491,2.50486,1.49999,2,2.00331,9.80339,-4.73642,12.4641,-2.46254,12.5242,-2.53127,9.80339,-4.73642,9.91772,-4.86919,0.00330687,1,-0.66667
11.248,-3.37281,2.43819,1.49999,2,1.9852,9.74286,-4.6673,12.3964,-2.38506,12.3964,-2.38506,9.74286,-4.6673,9.85603,-4.79907,-0.0148038,2,-0.66667
11.1739,-3.30564,2.37152,1.49999,2,1.97443,9.68103,-4.59781,12.3274,-2.30723,12.3964,-2.38506,9.68103,-4.59781,9.7952,-4.72726,-0.0255742,1,-0.66667
11.1045,-3.23368,2.30486,1.49999,2,1.97106,9.64105,-4.55407,12.2397,-2.20947,12.2397,-2.20947,9.64105,-4.55407,9.5047,-4.39849,-0.0289351,2,-0.66667
11.04,-3.15726,2.23819,1.49999,2,1.97501,9.55488,-4.45918,12.1868,-2.15199,12.2397,-2.20947,9.55488,-4.45918,9.6706,-4.58721,-0.0249914,1,-0.66667
10.9808,-3.07671,2.17152,1.49999,2,1.9861,9.51459,-4.41643,12.0984,-2.05552,12.0984,-2.05552,9.51459,-4.41643,9.63173,-4.54478,-0.0139028,2,0.66667
10.9221,-2.99578,2.23152,1.49999,2,1.99942,9.4564,-4.35572,12.0221,-1.97514,12.0984,-2.05552,9.4564,-4.35572,9.57465,-4.48476,-0.000576854,1,0.66667
10.8581,-2.91893,2.29819,1.49999,2,2.00662,9.40684,-4.30467,11.9382,-1.88763,11.9382,-1.88763,9.40684,-4.30467,9.52625,-4.43372,0.00662351,2,0.66667
10.7892,-2.84651,2.36486,1.49999,2,2.0152,9.42765,-4.33218,11.7924,-1.75187,11.9382,-1.88763,9.42765,-4.33218,9.54886,-4.46273,0.0152016,1,0.66667
10.7156,-2.77884,2.43152,1.49999,2,2.01305,9.40332,-4.30537,11.6849,-1.65127,11.6849,-1.65127,9.40332,-4.30537,9.52187,-4.44106,0.0130494,2,0.66667
10.6376,-2.71623,2.49819,1.49999,2,2.01383,9.37402,-4.28426,11.5702,-1.55905,11.6849,-1.65127,9.37402,-4.28426,9.49425,-4.42007,0.0138254,1,0.66667
10.5557,-2.65894,2.56486,1.49999,2,2.01044,9.37273,-4.28451,11.4322,-1.45455,11.6849,-1.65127,9.37273,-4.28451,9.49125,-4.42737,0.0104411,1,-0.66667
10.4732,-2.6024,2.50753,1.49999,2,2.00791,9.34088,-4.26055,11.3147,-1.37023,11.3147,-1.37023,9.34088,-4.26055,9.46492,-4.39705,0.00790834,2,-0.66667
10.3947,-2.54052,2.44086,1.49999,2,2.03017,9.37505,-4.29605,11.1329,-1.26954,11.3147,-1.37023,9.37505,-4.29605,7.76682,-2.4419,0.0301745,1,0.66667
10.3167,-2.47793,2.49819,1.49999,2,2.04975,9.39051,-4.30647,10.9721,-1.1842,10.9721,-1.1842,9.39051,-4.30647,7.7918,-2.52799,0.0497491,2,0.66667
10.2348,-2.42065,2.56486,1.49999,2,2.05467,9.36501,-4.28214,10.8466,-1.11122,10.9721,-1.1842,9.36501,-4.28214,7.7667,-2.46181,0.0604121,2,0.66667
10.1492,-2.36895,2.63153,1.49999,2,2.07314,9.36507,-4.28808,10.6889,-1.04811,10.9721,-1.1842,9.36507,-4.28808,7.75938,-2.44302,0.0575145,2,0.66667
10.0604,-2.32307,2.69819,1.49999,2,2.07914,9.33548,-4.27175,10.5558,-0.991376,10.9721,-1.1842,9.33548,-4.27175,7.77539,-2.46663,0.0411497,2,-0.66667
9.97114,-2.278,2.64086,1.49999,2,2.09084,9.30114,-4.25858,10.4227,-0.943153,10.9721,-1.1842,9.30114,-4.25858,7.76973,-2.44391,0.0173365,2,-0.66667
9.88508,-2.2271,2.57419,1.49999,2,2.10306,7.81717,-2.61,11.2587,-1.97277,10.9721,-1.1842,7.81717,-2.61,9.35185,-4.28752,-0.00639622,2,-0.66667
9.80261,-2.17059,2.50753,1.49999,2,2.03449,7.81766,-2.61684,11.2324,-1.84914,10.9721,-1.1842,7.81766,-2.61684,9.34326,-4.27216,-0.029919,2,-0.66667
9.72408,-2.1087,2.44086,1.49999,2,1.97294,7.80851,-2.58101,11.2067,-1.74314,10.9721,-1.1842,7.80851,-2.58101,9.37248,-4.2918,-0.0531392,2,-0.66667
9.64985,-2.04173,2.37419,1.49999,2,1.91862,7.80584,-2.57157,11.1697,-1.60502,10.9721,-1.1842,7.80584,-2.57157,9.37573,-4.28428,-0.0759693,2,-0.66667
9.58024,-1.96995,2.30752,1.49999,2,1.87577,7.80893,-2.58718,11.114,-1.4355,10.9721,-1.1842,7.80893,-2.58718,9.38601,-4.28844,-0.0983268,2,-0.66667
9.51557,-1.8937,2.24086,1.49999,2,1.84232,7.80017,-2.56567,11.059,-1.28909,10.9721,-1.1842,7.80017,-2.56567,9.40661,-4.28534,-0.120134,2,-0.66667
9.45613,-1.81331,2.17419,1.49999,2,1.82103,7.80001,-2.57056,10.983,-1.11515,10.9721,-1.1842,7.80001,-2.57056,7.68992,-2.40674,-0.178968,1,-0.66667
9.40217,-1.72914,2.10752,1.49999,2,1.81007,7.77187,-2.51558,10.9243,-0.99491,10.9243,-0.99491,7.77187,-2.51558,7.832,-2.66337,-0.189928,2,-0.66667
9.35394,-1.64156,2.04086,1.49999,2,1.80912,7.77061,-2.51677,10.8338,-0.823561,10.9243,-0.99491,7.77061,-2.51677,7.83364,-2.66441,-0.190878,1,-0.66667
9.31165,-1.55097,1.97419,1.49999,2,1.82281,7.76772,-2.51994,10.7322,-0.659403,10.7322,-0.659403,7.76772,-2.51994,7.83839,-2.66569,-0.177189,2,-0.66667
9.27549,-1.45775,1.90752,1.49999,2,1.84417,7.77025,-2.52323,10.627,-0.501094,10.7322,-0.659403,7.77025,-2.52323,7.84097,-2.67401,-0.155826,1,-0.66667
9.24562,-1.36234,1.84086,1.49999,2,1.87872,7.77476,-2.53118,10.5149,-0.353669,10.5149,-0.353669,7.77476,-2.53118,7.62522,-2.39357,-0.121277,2,0.66667
9.21637,-1.26673,1.90086,1.49999,2,1.91804,7.74515,-2.49733,10.4298,-0.251758,10.5149,-0.353669,7.74515,-2.49733,7.83679,-2.64202,-0.0819591,1,0.66667
9.18083,-1.17328,1.96752,1.49999,2,1.95523,7.72167,-2.47474,10.3337,-0.145039,10.3337,-0.145039,7.72167,-2.47474,7.82004,-2.61885,-0.0447695,2,0.66667
9.13914,-1.0824,2.03419,1.49999,2,1.98746,7.72281,-2.47667,10.217,-0.0213054,10.3337,-0.145039,7.72281,-2.47667,7.54728,-2.35091,-0.0125393,1,0.66667
9.0915,-0.994502,2.10086,1.49999,2,2.01769,7.6993,-2.45493,10.1143,0.0784061,10.1143,0.0784061,7.6993,-2.45493,7.52075,-2.3299,0.0176897,2,0.66667
9.0381,-0.909973,2.16752,1.49999,2,2.04486,7.67487,-2.43412,10.0082,0.174623,10.1143,0.0784061,7.67487,-2.43412,7.78537,-2.58391,0.0448573,1,0.66667
8.97919,-0.829188,2.23419,1.49999,2,2.06768,7.5959,-2.366,9.93742,0.235387,9.93742,0.235387,7.5959,-2.366,7.72,-2.50077,0.0676792,2,0.66667
8.91503,-0.752508,2.30086,1.49999,2,2.08669,7.59701,-2.37025,9.80773,0.343182,9.93742,0.235387,7.59701,-2.37025,7.72531,-2.50505,0.0866866,1,0.66667
8.84591,-0.680272,2.36752,1.49999,2,2.10212,7.59992,-2.37332,9.67447,0.445576,9.67447,0.445576,7.59992,-2.37332,7.4007,-2.2657,0.10212,2,0.66667
8.77213,-0.612802,2.43419,1.49999,2,2.11415,7.57371,-2.35447,9.5577,0.528883,9.67447,0.445576,7.57371,-2.35447,7.35975,-2.26466,0.114145,1,0.66667
8.69401,-0.550396,2.50086,1.49999,2,2.12306,7.54669,-2.33674,9.43812,0.608157,9.43812,0.608157,7.54669,-2.33674,7.68277,-2.4756,0.123061,2,0.66667
8.61191,-0.493333,2.56753,1.49999,2,2.12914,7.48706,-2.30107,9.33616,0.670589,9.43812,0.608157,7.48706,-2.30107,7.63099,-2.42753,0.129136,1,0.66667
8.5262,-0.441866,2.63419,1.49999,2,2.12977,7.45899,-2.28496,9.2128,0.743918,9.2128,0.743918,7.45899,-2.28496,7.60452,-2.41193,0.129771,2,0.66667
8.43724,-0.396224,2.70086,1.49999,2,2.12691,7.43046,-2.26976,9.0872,0.813289,9.2128,0.743918,7.43046,-2.26976,7.57755,-2.39698,0.126907,1,0.66667
8.34544,-0.356609,2.76753,1.49999,2,2.12225,7.40074,-2.25699,8.95874,0.877105,8.95874,0.877105,7.40074,-2.25699,7.55585,-2.36803,0.122248,2,0.66667
8.25121,-0.323197,2.83419,1.49999,2,2.11562,7.37009,-2.2466,8.82778,0.935398,8.95874,0.877105,7.37009,-2.2466,7.52741,-2.35443,0.115616,1,0.66667
8.15496,-0.296138,2.90086,1.49999,2,2.10305,7.34023,-2.23496,8.69614,0.991718,8.69614,0.991718,7.34023,-2.23496,7.49849,-2.34164,0.10305,2,0.66667
8.05712,-0.27555,2.96753,1.49999,2,2.08699,7.27622,-2.21094,8.58583,1.03481,8.69614,0.991718,7.27622,-2.21094,7.44162,-2.29212,0.0869925,1,0.66667
7.95813,-0.261526,3.03419,1.49999,2,2.06889,7.27932,-2.21589,8.42767,1.09035,8.42767,1.09035,7.27932,-2.21589,7.44351,-2.30222,0.0688915,2,-0.66667
7.85906,-0.248019,2.97286,1.49999,2,2.04995,7.27109,-2.21184,8.27497,1.1411,8.42767,1.09035,7.27109,-2.21184,7.05226,-2.17979,0.0499489,1,-0.66667
7.76111,-0.227954,2.90619,1.49999,2,2.04368,7.28446,-2.21527,8.10077,1.18819,8.10077,1.18819,7.28446,-2.21527,7.06851,-2.18516,0.0436826,2,0.66667
7.6633,-0.207252,2.96619,1.49999,2,2.04418,7.23655,-2.20639,7.96722,1.21648,8.10077,1.18819,7.23655,-2.20639,7.40668,-2.28238,0.0441802,1,0.66667
7.56432,-0.193096,3.03286,1.49999,2,2.04022,7.167,-2.19425,7.84861,1.23873,7.84861,1.23873,7.167,-2.19425,7.34052,-2.24328,0.0402155,2,0.66667
