-4.9896e-18,2.12367e-35,-1.76386e-17,1.7,2,5.07533,0.61854,5.03749,0.167614,1.36507,0,0,0.61854,5.03749,1.86314,5.73411,0,0,0,0,0,0,1
0.00456,-4.3653e-17,-1.44671e-14,1.7,2,5.07487,0.623045,5.03704,0.172118,1.36462,0,0,0.623045,5.03704,1.86981,5.74059,3.07487,0,0.666667,30.3322,0,0.101373,1
0.0190994,0.00048335,0.0626667,1.7,2,5.07284,0.673303,5.03096,0.196144,1.36186,0,0,0.673303,5.03096,2.00397,5.96387,3.07284,0,0.666667,-0.0205875,0,0.0986447,1
0.0435265,0.00289138,0.129333,1.7,2,5.06829,0.712955,5.02678,0.224253,1.3592,0,0,0.712955,5.02678,2.02816,5.90356,3.06829,0,0.666667,-0.0449421,0,0.10122,1
0.0776051,0.00854054,0.196,1.7,2,5.05911,0.761597,5.0212,0.261357,1.35517,0,0,0.761597,5.0212,2.09607,5.94788,3.05911,0,0.666667,-0.0901174,0,0.101878,1
0.120968,0.0187202,0.262667,1.7,2,5.04383,0.731328,5.02548,0.283586,1.35267,0,0,0.731328,5.02548,1.97238,5.73358,3.04383,0,0.666667,-0.15556,0,0.0982424,1
0.17312,0.0346825,0.329333,1.7,2,5.02204,0.883399,5.00624,0.360099,1.34343,0,0,0.883399,5.00624,2.19917,5.87542,3.02204,0,0.666667,-0.199239,0,0.109362,1
0.23344,0.0576305,0.396,1.7,2,4.99197,0.955013,4.99718,0.420191,1.33604,0,0,0.955013,4.99718,2.30107,5.95821,2.99197,0,0.666667,-0.302589,0,0.0993577,1
0.301189,0.0887078,0.462667,1.7,2,4.95328,0.946976,4.99971,0.464586,1.33129,0,0,0.946976,4.99971,2.21849,5.82181,2.95328,0,0.666667,-0.336232,0,0.115085,1
0.37551,0.128987,0.529333,1.7,2,4.90462,1.03025,4.98971,0.53632,1.32282,0,0,1.03025,4.98971,2.3271,5.90415,2.90462,0,0.666667,-0.485866,0,0.100155,1
0.455439,0.179462,0.596,1.7,2,4.84627,1.03361,4.99112,0.592193,1.31755,0,0,1.03361,4.99112,2.24778,5.74462,2.84627,0,0.666667,-0.509294,0,0.114558,1
0.536258,0.238306,0.662667,1.7,2,4.78173,1.03875,4.99356,0.649933,1.31405,0,0,1.03875,4.99356,2.21675,5.72394,2.78173,0,0.666667,-0.645534,0,0.0999857,1
0.612985,0.30241,0.729333,1.7,2,4.71213,1.12291,4.98687,0.722513,1.3086,0,0,1.12291,4.98687,2.29111,5.7194,2.71213,0,0.666667,-0.645365,0,0.107845,1
0.685271,0.371482,0.796,1.7,2,4.6343,1.12081,4.98527,0.773078,1.30164,0,0,1.12081,4.98527,2.248,5.68366,2.6343,0,0.666667,-0.694245,0,0.112112,1
0.752795,0.445217,0.862667,1.7,2,4.56046,1.19568,4.98412,0.836358,1.30161,0,0,1.19568,4.98412,2.30136,5.64875,2.56046,0,0.666667,-0.740426,0,0.099724,1
0.815258,0.523286,0.929333,1.7,2,4.47527,1.1861,4.98316,0.8795,1.29589,0,0,1.1861,4.98316,2.23732,5.56444,2.47527,0,0.666667,-0.72898,0,0.116866,1
0.87238,0.605342,0.996,1.7,2,4.39317,1.2502,4.98224,0.931994,1.29595,0,0,1.2502,4.98224,2.29017,5.57148,2.39317,0,0.666667,-0.722069,0,0.113689,1
0.92391,0.691022,1.06267,1.7,2,4.30198,1.23253,4.98191,0.967095,1.29145,0,0,1.23253,4.98191,2.22738,5.51727,2.30198,0,0.666667,-0.897129,0,0.101657,1
0.969617,0.779944,1.12933,1.7,2,4.2107,1.2849,4.97882,1.00786,1.28921,0,0,1.2849,4.97882,2.27332,5.5474,2.2107,0,0.666667,-0.858572,0,0.106314,1
1.0093,0.871713,1.196,1.7,2,4.11869,1.33061,4.97785,1.04196,1.28913,0,0,1.33061,4.97785,2.28614,5.48386,2.11869,0,0.666667,-0.825415,0,0.111465,1
1.04278,0.965923,1.26267,1.7,2,4.02477,1.36939,4.97742,1.06913,1.28962,0,0,1.36939,4.97742,2.31837,5.5178,2.02477,0,0.666667,-0.939316,0,0.0999904,1
1.06991,1.06215,1.32933,1.7,2,3.92658,1.33253,4.97994,1.08506,1.28822,0,0,1.33253,4.97994,2.21457,5.38384,1.92658,0,0.666667,-0.862746,0,0.113816,1
1.09057,1.15998,1.396,1.7,2,3.82978,1.42537,4.9751,1.10191,1.28926,0,0,1.42537,4.9751,2.3279,5.47072,1.82978,0,0.666667,-0.87223,0,0.110973,1
1.10467,1.25896,1.46267,1.7,2,3.72988,1.37755,4.97884,1.10685,1.28876,0,0,1.37755,4.97884,2.21007,5.32878,1.72988,0,-0.666667,-0.993654,0,0.100539,1
1.11787,1.35807,1.40533,1.7,2,3.63117,1.46467,4.97264,1.1113,1.28955,0,0,1.46467,4.97264,2.30406,5.36759,1.63117,1,-0.666667,-0.899981,0,0.109677,1
1.13762,1.45608,1.33867,1.7,2,3.53301,1.40253,4.97914,1.12509,1.28956,0,0,1.40253,4.97914,2.1848,5.28389,1.53301,1,-0.666667,-0.873597,0,0.11237,1
1.16385,1.55256,1.272,1.7,2,3.43639,1.41073,4.98007,1.14491,1.28963,0,0,1.41073,4.98007,2.18736,5.34064,1.43639,1,-0.666667,-0.964778,0,0.10014,1
1.19645,1.64707,1.20533,1.7,2,3.34117,1.36779,4.98385,1.17804,1.28872,0,0,1.36779,4.98385,2.09743,5.27703,1.34117,1,-0.666667,-0.842604,0,0.113009,1
1.23527,1.73921,1.13867,1.7,2,3.24871,1.33501,4.98639,1.22141,1.28813,0,0,1.33501,4.98639,2.0272,5.23641,1.24871,1,-0.666667,-0.835627,0,0.110653,1
1.28014,1.82856,1.072,1.7,2,3.1594,1.36721,4.98676,1.26525,1.28816,0,0,1.36721,4.98676,2.04692,5.26482,1.1594,1,-0.666667,-0.916902,0,0.0974009,1
1.33087,1.91471,1.00533,1.7,2,3.07347,1.4059,4.98727,1.31558,1.28837,0,0,1.4059,4.98727,0.824838,5.26023,1.07347,1,-0.666667,-0.747326,0,0.114983,1
1.38723,1.9973,0.938667,1.7,2,2.99152,1.39864,4.98879,1.38452,1.28882,0,0,1.39864,4.98879,0.827903,5.24169,0.991517,1,-0.666667,-0.732859,0,0.111828,1
1.44896,2.07595,0.872,1.7,2,2.91458,1.40004,4.99012,1.46214,1.29064,0,0,1.40004,4.99012,0.841626,5.21157,0.914582,1,-0.666667,-0.769869,0,0.0999324,1
1.51579,2.15031,0.805333,1.7,2,2.84372,1.35992,4.98976,1.56272,1.29532,0,0,1.35992,4.98976,0.796814,5.22969,0.843723,1,-0.666667,-0.649323,0,0.109129,1
1.58743,2.22005,0.738667,1.7,2,2.77729,1.37811,4.98944,1.65697,1.29996,0,0,1.37811,4.98944,0.841646,5.14112,0.777286,1,-0.666667,-0.590795,0,0.112452,1
1.66355,2.28487,0.672,1.7,2,2.72172,1.35532,4.98908,1.77434,1.31289,0,0,1.35532,4.98908,0.819716,5.13315,0.721725,1,-0.666667,-0.565618,0,0.0982311,1
1.74383,2.34447,0.605333,1.7,2,2.67233,1.3404,4.98617,1.89897,1.32858,0,0,1.3404,4.98617,1.8629,5.28714,0.672331,1,-0.666667,-0.433557,0,0.113928,1
1.8279,2.39859,0.538667,1.7,2,2.63346,1.33158,4.98486,2.0289,1.35116,0,0,1.33158,4.98486,1.83475,5.26968,0.633458,1,-0.666667,-0.355608,0,0.109314,1
1.91538,2.44699,0.472,1.7,2,2.60456,1.32756,4.98436,2.16261,1.37982,0,0,1.32756,4.98436,1.81524,5.25354,0.604564,1,-0.666667,-0.289572,0,0.0997823,1
2.0059,2.48946,0.405333,1.7,2,2.58394,1.41481,5.00488,2.2612,1.40299,0,0,1.41481,5.00488,0.919808,5.0206,0.583941,1,0.666667,-0.182488,0,0.113011,1
2.09669,2.53134,0.465333,1.7,2,2.56787,1.40348,5.00387,2.40231,1.44124,0,0,1.40348,5.00387,0.902491,5.01696,0.567873,1,0.666667,-0.14036,0,0.114472,1
2.18449,2.57915,0.532,1.7,2,2.54983,1.41854,5.01122,2.52999,1.48211,0,0,1.41854,5.01122,1.87143,5.33488,0.549834,1,0.666667,-0.183619,0,0.0982439,1
2.26892,2.63271,0.598667,1.7,2,2.52644,1.43385,5.01716,2.65681,1.52511,0,0,1.43385,5.01716,1.87468,5.33481,0.526444,1,0.666667,-0.203607,0,0.114878,1
2.34959,2.69178,0.665333,1.7,2,2.50182,1.4481,5.02553,2.78133,1.57408,0,0,1.4481,5.02553,1.87814,5.33294,0.501819,1,-0.666667,-0.254092,0,0.0969122,1
2.43002,2.75116,0.602667,1.7,2,2.47611,1.48126,5.03829,2.89898,1.62068,0,0,1.48126,5.03829,1.90235,5.33782,0.47611,1,0.666667,-0.229173,0,0.112184,1
2.51092,2.80992,0.661333,1.7,2,2.45642,1.51605,5.05586,3.01457,1.67289,0,0,1.51605,5.05586,1.92747,5.35914,0.456416,1,0.666667,-0.175529,0,0.112193,1
2.58773,2.87392,0.728,1.7,2,2.43156,1.57123,5.08282,3.11799,1.72164,0,0,1.57123,5.08282,1.11126,5.00532,0.431564,1,0.666667,-0.24812,0,0.100164,1
2.66011,2.9429,0.794667,1.7,2,2.40195,1.5872,5.09191,3.23992,1.78154,0,0,1.5872,5.09191,1.97589,5.40495,0.401952,1,-0.666667,-0.265365,0,0.111589,1
2.73186,3.01252,0.737333,1.7,2,2.374,1.60835,5.10384,3.3594,1.84442,0,0,1.60835,5.10384,1.99245,5.39441,0.374001,1,0.666667,-0.245753,0,0.113735,1
2.8043,3.08143,0.793333,1.7,2,2.3525,1.61193,5.10937,3.48729,1.91985,0,0,1.61193,5.10937,1.98274,5.40733,0.352505,1,0.666667,-0.215016,0,0.0999755,1
2.87202,3.15499,0.86,1.7,2,2.32695,1.6295,5.12243,3.60519,1.99407,0,0,1.6295,5.12243,1.9925,5.41384,0.32695,1,0.666667,-0.234057,0,0.109183,1
2.93469,3.23289,0.926667,1.7,2,2.29852,1.64626,5.13634,3.7203,2.0723,0,0,1.64626,5.13634,2.00239,5.41929,0.298517,1,-0.666667,-0.251927,0,0.112858,1
2.99666,3.31136,0.869333,1.7,2,2.26811,1.73463,5.19592,3.7934,2.1216,0,0,1.73463,5.19592,2.08665,5.47523,0.268108,1,-0.666667,-0.301434,0,0.100882,1
3.06369,3.38554,0.802667,1.7,2,2.24646,1.7436,5.20321,3.91784,2.20944,3.91784,2.20944,1.7436,5.20321,2.08705,5.48097,0.246459,2,0.666667,-0.193264,0,0.112017,1
3.13148,3.45903,0.858667,1.7,2,2.23133,1.72128,5.18824,4.05968,2.32086,3.91784,2.20944,1.72128,5.18824,2.05661,5.46384,0.22357,2,0.666667,-0.206444,0,0.110876,1
3.19425,3.53685,0.925333,1.7,2,2.21329,1.80086,5.25648,4.13022,2.38175,3.91784,2.20944,1.80086,5.25648,2.13559,5.52644,0.213294,1,0.666667,-0.10283,0,0.0999306,1
3.2517,3.61868,0.992,1.7,2,2.1881,1.87952,5.32306,4.19983,2.44102,4.19983,2.44102,1.87952,5.32306,2.21079,5.58983,0.188104,2,0.666667,-0.222312,0,0.113308,1
3.30358,3.70415,1.05867,1.7,2,2.15591,1.95687,5.3877,4.2681,2.49837,4.19983,2.44102,1.95687,5.3877,2.28473,5.6483,0.1512,2,-0.666667,-0.333506,0,0.110653,1
3.35468,3.79009,1.00133,1.7,2,2.12116,2.03794,5.45307,4.33477,2.55228,4.19983,2.44102,2.03794,5.45307,1.74225,5.22307,0.121155,1,-0.666667,-0.298473,0,0.100664,1
3.41136,3.87245,0.934667,1.7,2,2.09288,2.10702,5.50916,4.41296,2.61562,4.41296,2.61562,2.10702,5.50916,1.81611,5.28121,0.0928802,2,-0.666667,-0.258606,0,0.109335,1
3.47341,3.95085,0.868,1.7,2,2.07149,2.1773,5.56677,4.49234,2.68049,4.41296,2.61562,2.1773,5.56677,1.89312,5.33757,0.0714939,1,-0.666667,-0.186213,0,0.114849,1
3.54054,4.02494,0.801333,1.7,2,2.05686,2.24855,5.62539,4.57266,2.74641,4.57266,2.74641,2.24855,5.62539,1.96582,5.39803,0.0568566,2,-0.666667,-0.14656,0,0.0998721,1
3.61245,4.0944,0.734667,1.7,2,2.04871,2.32057,5.68445,4.65372,2.8128,4.57266,2.74641,2.32057,5.68445,2.04268,5.45451,0.0487139,1,0.666667,-0.0712187,0,0.114334,1
3.68508,4.16312,0.790667,1.7,2,2.04418,2.39028,5.74495,4.73388,2.88181,4.73388,2.88181,2.39028,5.74495,2.11318,5.51508,0.0441842,2,0.666667,-0.0406758,0,0.111361,1
3.75299,4.23649,0.857333,1.7,2,2.03351,2.46992,5.81411,4.80449,2.94361,4.73388,2.88181,2.46992,5.81411,2.19482,5.5852,0.0335119,1,-0.666667,-0.106727,0,0.099997,1
3.82016,4.31056,0.801333,1.7,2,2.01958,2.55158,5.882,4.87569,3.00302,4.87569,3.00302,2.55158,5.882,2.27397,5.65877,0.019582,2,-0.666667,-0.12777,0,0.109023,1
3.89207,4.38001,0.734667,1.7,2,2.01152,2.62364,5.9412,4.9568,3.06955,4.87569,3.00302,2.62364,5.9412,2.35079,5.71544,0.0115209,1,-0.666667,-0.0716625,0,0.112488,1
3.96846,4.44452,0.668,1.7,2,2.01089,2.66854,5.97877,5.06036,3.15579,5.06036,3.15579,2.66854,5.97877,2.96783,6.22956,0.0108941,2,0.666667,-0.00624147,0,0.100425,1
4.04526,4.50854,0.728,1.7,2,2.0131,2.73222,6.03448,5.14553,3.22986,5.06036,3.15579,2.73222,6.03448,3.03126,6.28547,0.00874326,2,0.666667,-0.0188616,0,0.114031,1
4.11764,4.57752,0.794667,1.7,2,2.0092,2.8388,6.12717,5.19382,3.27343,5.06036,3.15579,2.8388,6.12717,2.56615,5.90117,0.00919628,1,0.666667,0.00403656,0,0.112229,1
4.18526,4.65116,0.861333,1.7,2,1.99804,2.91837,6.19621,5.26441,3.33507,5.26441,3.33507,2.91837,6.19621,2.6478,5.97122,-0.0019573,2,-0.666667,-0.111512,0,0.100022,1
4.25204,4.72557,0.806667,1.7,2,1.98355,2.99788,6.26231,5.33731,3.39577,5.26441,3.33507,2.99788,6.26231,3.29818,6.50314,-0.0164516,1,-0.666667,-0.133893,0,0.108253,1
4.32358,4.79541,0.74,1.7,2,1.97498,3.07004,6.32157,5.41848,3.46241,5.41848,3.46241,3.07004,6.32157,2.80177,6.09982,-0.0250247,2,-0.666667,-0.070096,0,0.122305,1
4.39962,4.86033,0.673333,1.7,2,1.97367,3.14211,6.38153,5.49954,3.52977,5.41848,3.46241,3.14211,6.38153,2.87408,6.15963,-0.0263301,1,-0.666667,-0.0133302,0,0.0979327,1
4.47981,4.92004,0.606667,1.7,2,1.97949,3.2138,6.44175,5.58019,3.59742,5.58019,3.59742,3.2138,6.44175,2.94552,6.21849,-0.0205075,2,0.666667,0.0525153,0,0.110875,1
4.56047,4.97913,0.665333,1.7,2,1.98853,3.27906,6.49973,5.66334,3.67038,5.58019,3.59742,3.27906,6.49973,3.01279,6.27224,-0.0114697,1,0.666667,0.0782317,0,0.115525,1
4.63703,5.04343,0.732,1.7,2,1.99153,3.35849,6.57037,5.73385,3.73353,5.73385,3.73353,3.35849,6.57037,3.09172,6.34284,-0.00847137,2,0.666667,0.0299485,0,0.100117,1
4.70913,5.1127,0.798667,1.7,2,1.98721,3.43816,6.64033,5.80458,3.79603,5.73385,3.73353,3.43816,6.64033,3.1682,6.41672,-0.0127856,1,-0.666667,-0.0394157,0,0.109454,1
4.78069,5.18252,0.74,1.7,2,1.97966,3.52417,6.7123,5.87261,3.85314,5.87261,3.85314,3.52417,6.7123,3.25527,6.49002,-0.0203365,2,-0.666667,-0.068143,0,0.11081,1
4.85673,5.24744,0.673333,1.7,2,1.97837,3.59623,6.77226,5.95365,3.9205,5.87261,3.85314,3.59623,6.77226,3.32756,6.54983,-0.0216286,1,-0.666667,-0.0129571,0,0.0997223,1
4.93692,5.30715,0.606667,1.7,2,1.98419,3.66791,6.83247,6.03429,3.98814,6.03429,3.98814,3.66791,6.83247,3.39899,6.60867,-0.0158108,2,0.666667,0.051484,0,0.113001,1
5.01765,5.36613,0.664,1.7,2,1.99334,3.73518,6.89213,6.11568,4.0596,6.03429,3.98814,3.73518,6.89213,3.46835,6.66411,-0.00666046,1,0.666667,0.0801067,0,0.114227,1
5.0943,5.43034,0.730667,1.7,2,1.9965,3.81461,6.96279,6.18619,4.12278,6.18619,4.12278,3.81461,6.96279,3.54727,6.73472,-0.00350344,2,0.666667,0.0315776,0,0.0999767,1
5.16649,5.49951,0.797333,1.7,2,1.9923,3.89431,7.03274,6.25694,4.18529,6.18619,4.12278,3.89431,7.03274,3.62376,6.80859,-0.00770187,1,-0.666667,-0.0383941,0,0.109351,1
5.23815,5.56923,0.738667,1.7,2,1.9849,3.98035,7.10474,6.32497,4.24245,6.32497,4.24245,3.98035,7.10474,3.71083,6.8819,-0.0150976,2,-0.666667,-0.0662087,0,0.111704,1
5.31427,5.63405,0.672,1.7,2,1.98379,4.05236,7.16473,6.40598,4.30983,6.32497,4.24245,4.05236,7.16473,3.78308,6.94169,-0.0162137,1,-0.666667,-0.0111486,0,0.100106,1
5.39455,5.69365,0.605333,1.7,2,1.98974,4.12402,7.22494,6.48661,4.37745,6.48661,4.37745,4.12402,7.22494,3.85447,7.00052,-0.0102607,2,0.666667,0.0520342,0,0.114405,1
5.4755,5.75233,0.66,1.7,2,1.99925,4.19536,7.28799,6.56451,4.44596,6.48661,4.37745,4.19536,7.28799,3.92798,7.05939,-0.000749111,1,0.666667,0.085936,0,0.110682,1
5.5524,5.81623,0.726667,1.7,2,2.00277,4.24812,7.33608,6.65769,4.52824,6.65769,4.52824,4.24812,7.33608,3.98011,7.10612,0.00277114,2,0.666667,0.0358165,0,0.0982856,1
5.62487,5.88511,0.793333,1.7,2,1.99903,4.35455,7.42862,6.70578,4.57174,6.65769,4.52824,4.35455,7.42862,4.08337,7.20379,-0.000972033,1,-0.666667,-0.0332503,0,0.112576,1
5.69689,5.95446,0.733333,1.7,2,1.99223,4.44269,7.50234,6.77201,4.62759,6.77201,4.62759,4.44269,7.50234,4.17253,7.27878,-0.0077709,2,-0.666667,-0.0593859,0,0.114486,1
5.77336,6.01887,0.666667,1.7,2,1.99235,4.4611,7.51801,6.8981,4.73395,6.77201,4.62759,4.4611,7.51801,4.19092,7.29132,-0.00765014,1,-0.666667,0.00121701,0,0.0992263,1
5.85395,6.07804,0.6,1.7,2,2.00433,4.45216,7.51063,7.03987,4.86606,7.03987,4.86606,4.45216,7.51063,4.17703,7.2796,0.00432682,2,0.666667,0.106728,0,0.112219,1
5.93514,6.13639,0.656,1.7,2,2.02203,4.46633,7.52606,7.15403,4.98317,7.03987,4.86606,4.46633,7.52606,4.19467,7.28463,0.0220282,1,0.666667,0.153969,0,0.114968,1
6.0123,6.19998,0.722667,1.7,2,2.03592,4.53781,7.60384,7.21749,5.05251,7.21749,5.05251,4.53781,7.60384,4.26373,7.36147,0.0359161,2,0.666667,0.146174,0,0.095009,1
6.08504,6.26857,0.789333,1.7,2,2.04517,4.55981,7.63107,7.31916,5.16611,7.21749,5.05251,4.55981,7.63107,4.28692,7.38234,0.0451729,1,0.666667,0.0826983,0,0.111935,1
6.15305,6.34185,0.856,1.7,2,2.054,4.55578,7.63322,7.43305,5.30699,7.21749,5.05251,4.55578,7.63322,4.27276,7.38218,0.0540047,1,0.666667,0.0775387,0,0.113901,1
6.21604,6.4195,0.922667,1.7,2,2.05705,4.57613,7.66133,7.52582,5.42765,7.21749,5.05251,4.57613,7.66133,4.28593,7.40868,0.0570469,1,0.666667,0.0304187,0,0.100012,1
6.2737,6.50117,0.989333,1.7,2,2.05745,4.57436,7.66106,7.63036,5.57519,7.21749,5.05251,4.57436,7.66106,4.74118,8.05067,0.057451,1,0.666667,0.00358255,0,0.112802,1
6.3258,6.58651,1.056,1.7,2,2.05418,4.65338,7.77925,7.66576,5.63087,7.21749,5.05251,4.65338,7.77925,4.38918,7.51005,0.054183,1,0.666667,-0.0296183,0,0.110337,1
6.3721,6.67512,1.12267,1.7,2,2.04477,4.65095,7.77907,7.76537,5.78148,7.21749,5.05251,4.65095,7.77907,4.37211,7.51076,0.0447674,1,0.666667,-0.0964506,0,0.0976212,1
6.4124,6.76663,1.18933,1.7,2,2.03174,4.66824,7.80868,7.84452,5.911,7.21749,5.05251,4.66824,7.80868,4.40493,7.53145,0.0317419,1,-0.666667,-0.115147,0,0.113121,1
6.45198,6.85844,1.13067,1.7,2,2.02206,4.68718,7.84547,7.91644,6.03939,7.21749,5.05251,4.68718,7.84547,4.42101,7.5664,0.0220604,1,-0.666667,-0.0850251,0,0.113866,1
6.49757,6.94742,1.064,1.7,2,2.02251,4.68033,7.83522,8.00481,6.21107,7.21749,5.05251,4.68033,7.83522,4.40963,7.54761,0.0225079,1,0.666667,0.00446866,0,0.100144,1
6.54406,7.03593,1.12,1.7,2,2.03042,4.68673,7.85624,8.07133,6.36141,7.21749,5.05251,4.68673,7.85624,4.42922,7.55652,0.0304153,1,0.666667,0.0700526,0,0.112878,1
6.5846,7.12733,1.18667,1.7,2,2.03237,4.71392,7.92174,8.11956,6.47549,7.21749,5.05251,4.71392,7.92174,4.49548,7.60999,0.0323703,1,0.666667,0.0191928,0,0.101863,1
6.61896,7.22122,1.25333,1.7,2,2.03003,4.72618,7.95498,8.17603,6.6176,7.21749,5.05251,4.72618,7.95498,4.50515,7.63936,0.0300255,1,0.666667,-0.0213415,0,0.109873,1
6.64699,7.31719,1.32,1.7,2,2.02529,4.73633,7.98891,8.22691,6.76175,7.21749,5.05251,4.73633,7.98891,4.5144,7.66909,0.0252883,1,0.666667,-0.0422067,0,0.112237,1
6.66856,7.41482,1.38667,1.7,2,2.01876,4.73344,7.98987,8.28015,6.93591,7.21749,5.05251,4.73344,7.98987,4.75143,8.41494,0.0187552,1,-0.666667,-0.0644178,0,0.101418,1
6.68949,7.51259,1.32667,1.7,2,2.01192,4.74602,8.03289,8.32015,7.07603,7.21749,5.05251,4.74602,8.03289,4.75874,8.45377,0.0119212,1,-0.666667,-0.0608219,0,0.112361,1
6.71688,7.60874,1.26,1.7,2,2.01531,4.7685,8.1238,8.34563,7.17818,7.21749,5.05251,4.7685,8.1238,4.61204,7.78577,0.015306,1,0.666667,0.0303202,0,0.111636,1
6.74513,7.70465,1.31733,1.7,2,2.02333,4.76258,8.10882,8.38801,7.36973,7.21749,5.05251,4.76258,8.10882,4.60594,7.76151,0.0233333,1,0.666667,0.0802399,0,0.100041,1
6.76696,7.80222,1.384,1.7,2,2.03107,4.75927,8.10954,8.41667,7.5497,7.21749,5.05251,4.75927,8.10954,4.5788,7.75267,0.0310748,1,0.666667,0.0705074,0,0.109796,1
6.78225,7.90103,1.45067,1.7,2,2.03108,4.7658,8.14444,8.43914,7.70102,7.21749,5.05251,4.7658,8.14444,4.69663,8.57398,0.0310838,1,0.666667,7.99754e-05,0,0.113284,1
6.79092,8.00063,1.51733,1.7,2,2.03099,4.76785,8.17988,8.45342,7.85333,7.21749,5.05251,4.76785,8.17988,4.69999,8.6027,0.0309865,1,0.666667,-0.000973255,0,0.0999479,1
6.79293,8.10059,1.584,1.7,2,2.02695,4.77154,8.25058,8.46139,7.97679,7.21749,5.05251,4.77154,8.25058,4.64023,7.88359,0.0269475,1,0.666667,-0.0351075,0,0.115048,1
6.78828,8.20047,1.65067,1.7,2,2.01712,4.77297,8.28578,8.46966,8.12929,7.21749,5.05251,4.77297,8.28578,4.6424,7.91506,0.0171151,1,-0.666667,-0.0853868,0,0.115151,1
6.78248,8.30028,1.596,1.7,2,2.00877,4.77381,8.31978,8.47363,8.28387,7.21749,5.05251,4.77381,8.31978,4.66715,7.94842,0.00876689,1,-0.666667,-0.083954,0,0.0994381,1
6.78329,8.40026,1.52933,1.7,2,2.01017,4.77393,8.34328,8.47245,8.44816,7.21749,5.05251,4.77393,8.34328,4.68566,7.96876,0.0101695,1,0.666667,0.0127604,0,0.109919,1
6.78488,8.50023,1.588,1.7,2,2.01964,4.77289,8.32471,8.45889,8.64626,7.21749,5.05251,4.77289,8.32471,4.68444,7.93799,0.0196369,1,0.666667,0.0838428,0,0.112918,1
6.77983,8.60008,1.65467,1.7,2,2.02681,4.7673,8.35992,8.44123,8.79835,7.21749,5.05251,4.7673,8.35992,4.59726,8.76016,0.0268097,1,0.666667,0.0718833,0,0.0997843,1
6.76814,8.69938,1.72133,1.7,2,2.02799,4.7537,8.46541,8.42899,8.89228,7.21749,5.05251,4.7537,8.46541,4.7307,8.09102,0.0279865,1,0.666667,0.0101866,0,0.115528,1
6.74986,8.79768,1.788,1.7,2,2.02513,4.74669,8.50028,8.40658,9.04364,7.21749,5.05251,4.74669,8.50028,4.72521,8.12241,0.0251257,1,0.666667,-0.0255436,0,0.111996,1
6.72507,8.89454,1.85467,1.7,2,2.01899,4.74498,8.50015,8.3737,9.2229,7.21749,5.05251,4.74498,8.50015,4.70835,8.10969,0.0189867,1,-0.666667,-0.0631697,0,0.0971832,1
6.69953,8.9912,1.796,1.7,2,2.01405,4.74449,8.50726,8.33609,9.3963,7.21749,5.05251,4.74449,8.50726,4.54525,8.88195,0.0140517,1,-0.666667,-0.0441771,0,0.11171,1
6.68047,9.08935,1.72933,1.7,2,2.02191,4.74777,8.49539,8.28452,9.58231,7.21749,5.05251,4.74777,8.49539,4.55508,8.86283,0.0219104,1,0.666667,0.0694727,0,0.11312,1
6.66216,9.18764,1.788,1.7,2,2.03473,4.72102,8.57766,8.25084,9.68686,7.21749,5.05251,4.72102,8.57766,4.72994,8.18416,0.03473,1,0.666667,0.128086,0,0.100086,1
6.63738,9.2845,1.85467,1.7,2,2.04181,4.69843,8.64459,8.21203,9.80418,7.21749,5.05251,4.69843,8.64459,4.74536,8.26727,0.0418072,1,0.666667,0.0610353,0,0.115953,1
6.60619,9.37949,1.92133,1.7,2,2.04673,4.69648,8.64321,8.14878,9.97424,7.21749,5.05251,4.69648,8.64321,4.73001,8.24842,0.0467303,1,0.666667,0.0434959,0,0.113186,1
6.56875,9.4722,1.988,1.7,2,2.04861,4.69585,8.64209,8.07849,10.1413,7.21749,5.05251,4.69585,8.64209,4.43081,8.9824,0.0486138,1,0.666667,0.0187211,0,0.100609,1
6.52521,9.5622,2.05467,1.7,2,2.04711,4.68097,8.6737,8.01429,10.2796,7.21749,5.05251,4.68097,8.6737,4.41783,9.00842,0.0471122,1,0.666667,-0.0139456,0,0.107673,1
6.47577,9.64911,2.12133,1.7,2,2.04413,4.6471,8.73564,7.95711,10.3891,7.21749,5.05251,4.6471,8.73564,4.71001,8.34044,0.0441339,1,0.666667,-0.0259438,0,0.114799,1
6.42066,9.73253,2.188,1.7,2,2.03475,4.61357,8.7973,7.89959,10.4979,7.21749,5.05251,4.61357,8.7973,4.69898,8.41796,0.0347464,1,-0.666667,-0.0956602,0,0.0981338,1
6.3649,9.81551,2.12933,1.7,2,2.02556,4.59333,8.83345,7.82937,10.6273,7.21749,5.05251,4.59333,8.83345,4.70206,8.4689,0.0255609,1,-0.666667,-0.0793995,0,0.115688,1
6.31477,9.90202,2.06267,1.7,2,2.02621,4.59986,8.82284,7.7314,10.7935,7.21749,5.05251,4.59986,8.82284,4.71415,8.45159,0.0262074,1,0.666667,0.00578538,0,0.111763,1
6.26563,9.9891,2.11733,1.7,2,2.03607,4.60421,8.81213,7.62339,10.9509,7.21749,5.05251,4.60421,8.81213,4.72445,8.43093,0.0360689,1,0.666667,0.101007,0,0.0976313,1
6.21085,10.0727,2.184,1.7,2,2.04453,4.58089,8.83849,7.53063,11.0721,7.21749,5.05251,4.58089,8.83849,4.22513,9.09849,0.0445335,1,0.666667,0.0761087,0,0.111217,1
6.15062,10.1525,2.25067,1.7,2,2.04785,4.53587,8.89306,7.45335,11.1686,7.21749,5.05251,4.53587,8.89306,4.69755,8.54137,0.0478518,1,0.666667,0.0290129,0,0.114374,1
6.0852,10.2281,2.31733,1.7,2,2.04555,4.49043,8.94714,7.37506,11.2642,7.21749,5.05251,4.49043,8.94714,4.66512,8.60753,0.0455544,1,0.666667,-0.0231529,0,0.0992272,1
6.0149,10.2992,2.384,1.7,2,2.04084,4.48859,8.94445,7.25575,11.4006,7.21749,5.05251,4.48859,8.94445,4.65703,8.58647,0.0408442,1,0.666667,-0.0411403,0,0.114491,1
5.94001,10.3655,2.45067,1.7,2,2.03371,4.46268,8.96782,7.15045,11.5106,7.21749,5.05251,4.46268,8.96782,4.63487,8.60729,0.0337062,1,0.666667,-0.0611657,0,0.1167,1
5.86088,10.4266,2.51733,1.7,2,2.02132,4.46266,8.96689,7.02208,11.6389,7.21749,5.05251,4.46266,8.96689,4.08976,9.1757,0.021322,1,-0.666667,-0.126182,0,0.0981454,1
5.78098,10.4867,2.464,1.7,2,2.01117,4.38837,9.03568,6.95039,11.7051,7.21749,5.05251,4.38837,9.03568,4.59046,8.70988,0.0111732,1,-0.666667,-0.0930363,0,0.109084,1
5.70522,10.5519,2.39733,1.7,2,2.00843,4.37064,9.05104,6.82925,11.816,7.21749,5.05251,4.37064,9.05104,3.16098,10.9387,0.0084331,1,-0.666667,-0.0239349,0,0.114483,1
5.63397,10.6221,2.33067,1.7,2,2.01696,4.37941,9.04278,6.68083,11.9399,6.68083,11.9399,4.37941,9.04278,3.14019,10.9931,0.0169613,2,0.666667,0.0864658,0,0.0986313,1
5.56318,10.6927,2.39067,1.7,2,2.0331,4.36744,9.0484,6.54355,12.0408,6.68083,11.9399,4.36744,9.0484,3.10105,11.0838,0.0252652,2,0.666667,0.073629,0,0.11278,1
5.48786,10.7584,2.45733,1.7,2,2.04611,4.36732,9.04642,6.39359,12.1423,6.68083,11.9399,4.36732,9.04642,3.1253,11.0153,0.02098,2,0.666667,-0.0373082,0,0.11486,1
5.40832,10.819,2.524,1.7,2,2.05614,4.30702,9.08268,6.2888,12.2072,6.68083,11.9399,4.30702,9.08268,3.11529,11.0756,0.00420359,2,-0.666667,-0.169596,0,0.09892,1
5.32824,10.8789,2.46667,1.7,2,2.06535,4.24386,9.1211,6.18649,12.2701,6.68083,11.9399,4.24386,9.1211,3.1113,11.099,-0.0191068,2,-0.666667,-0.207404,0,0.112391,1
5.2523,10.9439,2.4,1.7,2,2.08367,4.22656,9.13021,6.04798,12.3508,6.68083,11.9399,4.22656,9.13021,3.10065,11.1129,-0.0414721,2,-0.666667,-0.223936,0,0.0998736,1
5.18087,11.0139,2.33333,1.7,2,2.02897,3.1587,10.848,6.84631,11.1505,6.68083,11.9399,3.1587,10.848,4.46008,8.95677,-0.0628002,2,-0.666667,-0.187132,0,0.113974,1
5.11425,11.0884,2.26667,1.7,2,1.97026,3.15814,10.8527,6.83158,11.2953,6.68083,11.9399,3.15814,10.8527,4.4599,8.96533,-0.0830353,2,-0.666667,-0.180483,0,0.112116,1
5.05275,11.1673,2.2,1.7,2,1.92141,3.15527,10.865,6.8092,11.447,6.68083,11.9399,3.15527,10.865,4.46406,8.96246,-0.102126,2,-0.666667,-0.190154,0,0.100395,1
4.99664,11.25,2.13333,1.7,2,1.88189,3.15747,10.8513,6.77349,11.6352,6.68083,11.9399,3.15747,10.8513,4.47857,8.96401,-0.120024,2,-0.666667,-0.156057,0,0.114691,1
4.94617,11.3363,2.06667,1.7,2,1.85368,3.15914,10.8437,6.7261,11.827,6.68083,11.9399,3.15914,10.8437,4.42887,9.01995,-0.136687,2,-0.666667,-0.148156,0,0.112466,1
4.90155,11.4258,2,1.7,2,1.83419,3.13485,10.9328,6.6987,11.9273,6.68083,11.9399,3.13485,10.9328,4.41924,9.03562,-0.152074,2,-0.666667,-0.157925,0,0.0974328,1
4.863,11.518,1.93333,1.7,2,1.82246,3.11806,10.9921,6.66067,12.0598,6.68083,11.9399,3.11806,10.9921,3.18247,10.6702,-0.177538,1,-0.666667,-0.225569,0,0.112889,1
4.83067,11.6126,1.86667,1.7,2,1.82205,3.11798,10.9909,6.59591,12.2535,6.68083,11.9399,3.11798,10.9909,3.18835,10.6663,-0.177949,1,-0.666667,-0.00364775,0,0.112714,1
4.80473,11.7092,1.8,1.7,2,1.83498,3.11727,10.9883,6.5198,12.4419,6.68083,11.9399,3.11727,10.9883,3.18934,10.6548,-0.165017,1,-0.666667,0.129745,0,0.0996739,1
4.78527,11.8073,1.73333,1.7,2,1.85965,3.13293,10.954,6.42045,12.6517,6.68083,11.9399,3.13293,10.954,2.92816,11.2638,-0.140346,1,-0.666667,0.212401,0,0.116151,1
4.77239,11.9064,1.66667,1.7,2,1.89472,3.10716,11.0025,6.359,12.7676,6.68083,11.9399,3.10716,11.0025,2.87517,11.3085,-0.105276,1,0.666667,0.323017,0,0.10857,1
4.76027,12.0057,1.72533,1.7,2,1.93302,3.06724,11.0728,6.30789,12.8584,6.68083,11.9399,3.06724,11.0728,3.19658,10.746,-0.066983,1,0.666667,0.382888,0,0.100012,1
4.7416,12.1039,1.792,1.7,2,1.96594,3.05072,11.101,6.23304,12.9885,6.68083,11.9399,3.05072,11.101,3.18544,10.7666,-0.034057,1,0.666667,0.291444,0,0.112975,1
4.71643,12.2006,1.85867,1.7,2,1.99585,3.03302,11.1285,6.15379,13.1161,6.68083,11.9399,3.03302,11.1285,3.17379,10.7874,-0.0041461,1,0.666667,0.265628,0,0.112605,1
4.68486,12.2955,1.92533,1.7,2,2.02388,3.0132,11.1546,6.06928,13.2404,6.68083,11.9399,3.0132,11.1546,3.16234,10.8091,0.0238831,1,0.666667,0.281442,0,0.0995913,1
4.64705,12.3881,1.992,1.7,2,2.04674,3.01531,11.1525,5.96508,13.3861,6.68083,11.9399,3.01531,11.1525,2.73194,11.4485,0.0467389,1,0.666667,0.19806,0,0.115398,1
4.60315,12.4779,2.05867,1.7,2,2.06927,2.97149,11.2053,5.88901,13.4808,6.68083,11.9399,2.97149,11.2053,2.65227,11.4859,0.0692725,1,0.666667,0.197413,0,0.114144,1
4.55337,12.5646,2.12533,1.7,2,2.08622,2.90431,11.2867,5.82898,13.5531,6.68083,11.9399,2.90431,11.2867,3.08931,10.9515,0.0862203,1,0.666667,0.170297,0,0.0995188,1
4.49792,12.6478,2.192,1.7,2,2.09633,2.85941,11.3402,5.75136,13.6481,6.68083,11.9399,2.85941,11.3402,3.06331,11.021,0.0963287,1,0.666667,0.0924413,0,0.10935,1
4.43705,12.7271,2.25867,1.7,2,2.10474,2.85855,11.3349,5.63345,13.7823,6.68083,11.9399,2.85855,11.3349,3.05863,10.9997,0.104738,1,0.666667,0.0741943,0,0.113344,1
4.37103,12.8022,2.32533,1.7,2,2.10776,2.83533,11.3585,5.53112,13.8928,6.68083,11.9399,2.83533,11.3585,3.03586,11.0154,0.107765,1,0.666667,0.0302437,0,0.10007,1
4.30016,12.8727,2.392,1.7,2,2.10877,2.83664,11.3545,5.40449,14.0184,6.68083,11.9399,2.83664,11.3545,2.49765,11.6082,0.108773,1,0.666667,0.00883658,0,0.114048,1
4.22475,12.9384,2.45867,1.7,2,2.10616,2.78488,11.4013,5.31436,14.1016,6.68083,11.9399,2.78488,11.4013,2.42012,11.6334,0.106164,1,0.666667,-0.0231511,0,0.112664,1
4.14513,12.9989,2.52533,1.7,2,2.09866,2.73246,11.4468,5.22304,14.1831,6.68083,11.9399,2.73246,11.4468,2.36453,11.6721,0.0986581,1,0.666667,-0.0749952,0,0.100088,1
4.06166,13.0539,2.592,1.7,2,2.08412,2.65393,11.5171,5.15312,14.2454,6.68083,11.9399,2.65393,11.5171,2.90326,11.2348,0.0841162,1,0.666667,-0.120807,0,0.120373,1
3.97471,13.1032,2.65867,1.7,2,2.06541,2.62868,11.5367,5.03997,14.343,6.68083,11.9399,2.62868,11.5367,2.87743,11.253,0.0654089,1,-0.666667,-0.164139,0,0.113972,1
3.88708,13.1514,2.60667,1.7,2,2.04871,2.63568,11.5293,4.89573,14.4588,6.68083,11.9399,2.63568,11.5293,2.27065,11.7288,0.0487065,1,-0.666667,-0.168228,0,0.0992846,1
3.80281,13.2052,2.54,1.7,2,2.04317,2.61724,11.5412,4.76421,14.5546,6.68083,11.9399,2.61724,11.5412,2.24265,11.723,0.0431681,1,0.666667,-0.0510521,0,0.108486,1
3.71903,13.2598,2.59733,1.7,2,2.04373,2.63046,11.5301,4.60122,14.6615,6.68083,11.9399,2.63046,11.5301,2.26193,11.7072,0.0437295,1,0.666667,0.00496625,0,0.113058,1
3.63182,13.3086,2.664,1.7,2,2.04033,2.53963,11.5853,4.52024,14.7105,6.68083,11.9399,2.53963,11.5853,2.8157,11.3251,0.0403311,1,0.666667,-0.033948,0,0.100106,1
3.54154,13.3516,2.73067,1.7,2,2.02983,2.47961,11.6217,4.41531,14.775,6.68083,11.9399,2.47961,11.6217,2.76108,11.3748,0.0298309,1,-0.666667,-0.0918264,0,0.114348,1
3.45083,13.3937,2.67467,1.7,2,2.02028,2.44824,11.6397,4.28441,14.852,6.68083,11.9399,2.44824,11.6397,2.73691,11.4056,0.0202811,1,-0.666667,-0.0832956,0,0.11465,1
3.3631,13.4416,2.608,1.7,2,2.02034,2.42794,11.6507,4.14057,14.9305,6.68083,11.9399,2.42794,11.6507,2.72402,11.4237,0.0203381,1,0.666667,0.000570425,0,0.099894,1
3.27598,13.4907,2.66133,1.7,2,2.02938,2.43387,11.6443,3.96923,15.0107,6.68083,11.9399,2.43387,11.6443,2.7395,11.4188,0.0293777,1,0.666667,0.0827377,0,0.109257,1
3.18582,13.5339,2.728,1.7,2,2.03614,2.40015,11.6554,3.82784,15.0689,6.68083,11.9399,2.40015,11.6554,1.99292,11.745,0.0361369,1,0.666667,0.0584185,0,0.115703,1
3.09298,13.571,2.79467,1.7,2,2.03693,2.33397,11.6808,3.71268,15.1143,6.68083,11.9399,2.33397,11.6808,2.65366,11.4822,0.036927,1,0.666667,0.00809174,0,0.0976452,1
2.99788,13.6018,2.86133,1.7,2,2.03109,2.23511,11.7194,3.62462,15.1486,6.68083,11.9399,2.23511,11.7194,2.55878,11.5463,0.0310915,1,0.666667,-0.0506176,0,0.115287,1
2.90093,13.6263,2.928,1.7,2,2.0207,2.23512,11.7184,3.45425,15.2118,6.68083,11.9399,2.23512,11.7184,2.56023,11.5316,0.0206969,1,-0.666667,-0.089499,0,0.116142,1
2.80373,13.6497,2.872,1.7,2,2.01263,2.20031,11.7297,3.30964,15.2595,6.68083,11.9399,2.20031,11.7297,2.52965,11.5528,0.0126281,1,-0.666667,-0.0813936,0,0.0991331,1
2.7083,13.6796,2.80533,1.7,2,2.01708,2.21123,11.7247,3.12303,15.3106,6.68083,11.9399,2.21123,11.7247,1.8091,11.7744,0.0170789,1,0.666667,0.0389248,0,0.114344,1
2.61318,13.7104,2.86133,1.7,2,2.02701,2.2244,11.721,2.93406,15.3523,6.68083,11.9399,2.2244,11.721,1.82358,11.7617,0.0270143,1,0.666667,0.0888306,0,0.111846,1
2.51623,13.7348,2.928,1.7,2,2.03315,2.12,11.7406,2.84108,15.3697,6.68083,11.9399,2.12,11.7406,2.46989,11.5906,0.0331531,1,0.666667,0.0618073,0,0.0993216,1
2.41787,13.7527,2.99467,1.7,2,2.03214,2.01556,11.7608,2.74806,15.3876,6.68083,11.9399,2.01556,11.7608,2.36589,11.6535,0.0321441,1,0.666667,-0.00885636,0,0.113928,1
2.31854,13.7641,3.06133,1.7,2,2.02737,1.98048,11.7651,2.59744,15.4133,6.68083,11.9399,1.98048,11.7651,2.3333,11.6566,0.027369,1,0.666667,-0.0421938,0,0.113169,1
2.21866,13.7687,3.128,1.7,2,2.02013,1.98021,11.7627,2.41695,15.4369,6.68083,11.9399,1.98021,11.7627,2.33824,11.644,0.0201294,1,-0.666667,-0.0727016,0,0.0995794,1
2.11876,13.7727,3.06933,1.7,2,2.01357,1.97338,11.7643,2.24052,15.4547,6.68083,11.9399,1.97338,11.7643,1.56891,11.7405,0.0135658,1,-0.666667,-0.0578295,0,0.1135,1
2.01933,13.7832,3.00267,1.7,2,2.01963,1.95026,11.7648,2.07681,15.4626,6.68083,11.9399,1.95026,11.7648,1.54608,11.7268,0.0196266,1,0.666667,0.0606141,0,0.0999906,1
1.91997,13.7943,3.064,1.7,2,2.03019,1.86874,11.7647,1.9621,15.4635,6.68083,11.9399,1.86874,11.7647,2.23477,11.7014,0.0301883,1,0.666667,0.0927014,0,0.113932,1
1.82008,13.7987,3.13067,1.7,2,2.03394,1.79785,11.7649,1.83829,15.4646,6.68083,11.9399,1.79785,11.7649,2.16442,11.7128,0.0339403,1,0.666667,0.033287,0,0.112717,1
1.72013,13.7964,-3.08585,1.7,2,2.03429,1.7625,11.7626,1.68543,15.4618,6.68083,11.9399,1.7625,11.7626,2.13022,11.7241,0.0342855,1,0.666667,0.00343498,0,0.100504,1
1.62054,13.7875,-3.01919,1.7,2,2.03116,1.7627,11.7614,1.50374,15.4523,6.68083,11.9399,1.7627,11.7614,2.13832,11.7129,0.0311627,1,0.666667,-0.027828,0,0.112218,1
1.52177,13.772,-2.95252,1.7,2,2.02467,1.72753,11.7578,1.35151,15.4387,6.68083,11.9399,1.72753,11.7578,1.32912,11.6416,0.0246704,1,0.666667,-0.0576395,0,0.112638,1
1.42425,13.75,-2.88585,1.7,2,2.01707,1.69286,11.7509,1.20014,15.4179,6.68083,11.9399,1.69286,11.7509,1.30091,11.6412,0.0170722,1,-0.666667,-0.0753764,0,0.100803,1
1.32696,13.7269,-2.94185,1.7,2,2.00811,1.58713,11.7357,1.10776,15.4046,6.68083,11.9399,1.58713,11.7357,1.95428,11.7305,0.00810766,1,-0.666667,-0.078649,0,0.113982,1
1.22836,13.7104,-3.00852,1.7,2,2.00687,1.56389,11.7317,0.945288,15.3797,6.68083,11.9399,1.56389,11.7317,1.93019,11.7421,0.00686884,1,0.666667,-0.0108727,0,0.113939,1
1.12958,13.6949,-2.95385,1.7,2,2.01284,1.5397,11.7243,0.785809,15.3467,6.68083,11.9399,1.5397,11.7243,1.90644,11.7484,0.0128381,1,0.666667,0.0597066,0,0.099977,1
1.03203,13.673,-2.88719,1.7,2,2.01263,1.53854,11.7252,0.607367,15.3061,6.68083,11.9399,1.53854,11.7252,1.16491,11.5468,0.0126262,1,0.666667,-0.0019023,0,0.11142,1
0.936156,13.6446,-2.82052,1.7,2,2.01358,1.50454,11.7129,0.460123,15.2625,6.68083,11.9399,1.50454,11.7129,1.13522,11.5372,0.0135827,1,0.666667,0.0083923,0,0.113978,1
0.842388,13.6099,-2.75385,1.7,2,2.01115,1.50431,11.7108,0.286545,15.2047,0.286545,15.2047,1.50431,11.7108,-1.09527,11.7894,0.0111527,2,0.666667,-0.0248728,0,0.0976956,1
0.75114,13.5691,-2.68719,1.7,2,2.00426,1.40484,11.6744,0.19807,15.1721,0.286545,15.2047,1.40484,11.6744,-1.088,11.7908,-0.00032527,2,-0.666667,-0.0965691,0,0.118858,1
0.660263,13.5274,-2.74452,1.7,2,1.99412,1.30127,11.6391,0.111911,15.1427,0.286545,15.2047,1.30127,11.6391,-1.12889,11.8146,-0.0184379,2,-0.666667,-0.156973,0,0.115387,1
0.566823,13.4918,-2.81119,1.7,2,1.9939,1.31151,11.6422,-0.0703837,15.0745,0.286545,15.2047,1.31151,11.6422,-1.08023,11.7904,-0.0356585,2,-0.666667,-0.173718,0,0.09913,1
0.471221,13.4626,-2.87785,1.7,2,2.0059,1.32247,11.6462,-0.247711,14.9965,0.286545,15.2047,1.32247,11.6462,-1.13034,11.7976,-0.0519069,2,-0.666667,-0.141666,0,0.114695,1
0.373881,13.4397,-2.94452,1.7,2,2.02859,1.33534,11.6534,-0.418292,14.9115,0.286545,15.2047,1.33534,11.6534,-1.2309,11.8185,-0.0671387,2,-0.666667,-0.14101,0,0.108019,1
0.275237,13.4234,-3.01119,1.7,2,2.06256,1.32119,11.6457,-0.555127,14.8347,0.286545,15.2047,1.32119,11.6457,-1.21482,11.7989,-0.081313,2,-0.666667,-0.141756,0,0.099991,1
0.175726,13.4137,-3.07785,1.7,2,2.02965,-0.849758,11.6622,1.01968,14.8552,0.286545,15.2047,-0.849758,11.6622,1.56341,11.7394,-0.0943926,2,-0.666667,-0.107834,0,0.121295,1
0.0757912,13.4107,3.13867,1.7,2,1.97861,-0.858224,11.6664,0.888382,14.9282,0.286545,15.2047,-0.858224,11.6664,1.57046,11.7409,-0.106344,2,-0.666667,-0.100594,0,0.118808,1
-0.0241246,13.4143,3.072,1.7,2,1.93841,-0.873488,11.6719,0.747762,14.9978,0.286545,15.2047,-0.873488,11.6719,1.53406,11.7441,-0.117137,2,-0.666667,-0.108223,0,0.0997255,1
-0.123577,13.4246,3.00533,1.7,2,1.90691,-0.893321,11.6799,0.600226,15.0651,0.286545,15.2047,-0.893321,11.6799,1.60165,11.7697,-0.126743,2,-0.666667,-0.0813833,0,0.118044,1
-0.222124,13.4415,2.93867,1.7,2,1.88402,-0.977202,11.7154,0.505685,15.1052,0.286545,15.2047,-0.977202,11.7154,1.58807,11.7753,-0.135141,2,-0.666667,-0.0741455,0,0.113255,1
-0.319328,13.4649,2.872,1.7,2,1.86951,-1.00289,11.7248,0.349964,15.1686,0.286545,15.2047,-1.00289,11.7248,1.58283,11.7851,-0.142308,2,-0.666667,-0.0728274,0,0.0984155,1
-0.414757,13.4947,2.80533,1.7,2,1.86977,-0.969733,11.7092,0.128483,15.2424,0.286545,15.2047,-0.969733,11.7092,1.49636,11.7578,-0.13023,1,-0.666667,0.109866,0,0.109935,1
-0.507987,13.5308,2.73867,1.7,2,1.87695,-0.9648,11.7103,-0.0642939,15.299,0.286545,15.2047,-0.9648,11.7103,-1.34193,11.7494,-0.123047,1,-0.666667,0.0632228,0,0.113617,1
-0.598604,13.5731,2.672,1.7,2,1.89906,-0.990388,11.7148,-0.227063,15.3353,0.286545,15.2047,-0.990388,11.7148,-1.37119,11.7446,-0.100939,1,-0.666667,0.222103,0,0.0995399,1
-0.686206,13.6212,2.60533,1.7,2,1.93107,-1.04559,11.7239,-0.356998,15.3593,0.286545,15.2047,-1.04559,11.7239,-0.711938,11.5893,-0.0689334,1,0.666667,0.279807,0,0.114383,1
-0.77325,13.6704,2.66,1.7,2,1.96584,-1.10087,11.7321,-0.484243,15.3804,0.286545,15.2047,-1.10087,11.7321,-0.758761,11.6288,-0.0341634,1,0.666667,0.302716,0,0.11486,1
-0.863354,13.7138,2.72667,1.7,2,1.99631,-1.13338,11.7358,-0.632912,15.4018,0.286545,15.2047,-1.13338,11.7358,-0.782485,11.6336,-0.00369024,1,0.666667,0.30635,0,0.0994714,1
-0.956144,13.751,2.79333,1.7,2,2.02412,-1.1661,11.7378,-0.782306,15.4178,0.286545,15.2047,-1.1661,11.7378,-0.806695,11.6382,0.0241153,1,0.666667,0.250252,0,0.11111,1
-1.05121,13.782,2.86,1.7,2,2.04772,-1.16317,11.7373,-0.960869,15.4318,0.286545,15.2047,-1.16317,11.7373,-1.57473,11.703,0.0477169,1,0.666667,0.209458,0,0.112679,1
-1.14812,13.8065,2.92667,1.7,2,2.06849,-1.19558,11.7386,-1.1107,15.4376,0.286545,15.2047,-1.19558,11.7386,-1.61233,11.6801,0.0684857,1,0.666667,0.210969,0,0.098445,1
-1.24646,13.8246,2.99333,1.7,2,2.08671,-1.26448,11.738,-1.23253,15.4378,0.286545,15.2047,-1.26448,11.738,-1.68553,11.6655,0.086709,1,0.666667,0.160456,0,0.113572,1
-1.34578,13.8361,3.06,1.7,2,2.09827,-1.37051,11.7379,-1.32691,15.4377,0.286545,15.2047,-1.37051,11.7379,-0.992733,11.686,0.0982668,1,0.666667,0.0977193,0,0.118276,1
-1.44565,13.8409,3.12667,1.7,2,2.10497,-1.4036,11.7363,-1.47751,15.4356,0.286545,15.2047,-1.4036,11.7363,-1.02007,11.6806,0.10497,1,0.666667,0.0673886,0,0.099477,1
-1.54561,13.839,-3.08985,1.7,2,2.10591,-1.43671,11.7359,-1.62805,15.431,0.286545,15.2047,-1.43671,11.7359,-1.04725,11.6743,0.105915,1,0.666667,0.00843694,0,0.111934,1
-1.64523,13.8305,-3.02319,1.7,2,2.10628,-1.46957,11.7316,-1.77815,15.4187,0.286545,15.2047,-1.46957,11.7316,-1.08016,11.6894,0.106276,1,0.666667,0.00317096,0,0.113759,1
-1.74407,13.8154,-2.95652,1.7,2,2.10309,-1.50221,11.7263,-1.92772,15.4018,0.286545,15.2047,-1.50221,11.7263,-1.10817,11.6829,0.103085,1,0.666667,-0.0318966,0,0.10002,1
-1.84167,13.7938,-2.88985,1.7,2,2.09642,-1.53457,11.72,-2.07658,15.3801,0.286545,15.2047,-1.53457,11.72,-1.94085,11.5897,0.0964155,1,0.666667,-0.0593608,0,0.11236,1
-1.93762,13.7657,-2.82319,1.7,2,2.08432,-1.63878,11.7029,-2.16927,15.3646,0.286545,15.2047,-1.63878,11.7029,-1.25888,11.7065,0.0843227,1,0.666667,-0.106278,0,0.113785,1
-2.03148,13.7312,-2.75652,1.7,2,2.06628,-1.706,11.6907,-2.28882,15.3445,0.286545,15.2047,-1.706,11.6907,-1.33177,11.7063,0.0662792,1,-0.666667,-0.181514,0,0.0994055,1
-2.12503,13.6959,-2.81385,1.7,2,2.04831,-1.70693,11.6907,-2.46217,15.3128,0.286545,15.2047,-1.70693,11.6907,-1.32401,11.691,0.0483077,1,-0.666667,-0.157401,0,0.114177,1
-2.22071,13.6669,-2.88052,1.7,2,2.04232,-1.69355,11.6938,-2.64858,15.2684,0.286545,15.2047,-1.69355,11.6938,-2.07233,11.5226,0.0423191,1,0.666667,-0.0597815,0,0.100175,1
-2.31646,13.6381,-2.81652,1.7,2,2.04259,-1.69799,11.6914,-2.81831,15.2178,0.286545,15.2047,-1.69799,11.6914,-2.06991,11.5154,0.0425935,1,0.666667,0.00241292,0,0.113729,1
-2.41009,13.6031,-2.74985,1.7,2,2.04141,-1.7305,11.6781,-2.96223,15.1671,0.286545,15.2047,-1.7305,11.6781,-2.09554,11.4844,0.0414135,1,0.666667,-0.0104424,0,0.112995,1
-2.50117,13.5618,-2.68319,1.7,2,2.03427,-1.83,11.6415,-3.05075,15.1343,0.286545,15.2047,-1.83,11.6415,-1.45418,11.6934,0.0342748,1,0.666667,-0.0697486,0,0.102349,1
-2.58931,13.5146,-2.61652,1.7,2,2.02079,-1.89536,11.6167,-3.16596,15.0917,0.286545,15.2047,-1.89536,11.6167,-1.53765,11.6993,0.0207865,1,-0.666667,-0.121231,0,0.111261,1
-2.67702,13.4666,-2.67385,1.7,2,2.00748,-1.93152,11.6027,-3.30555,15.0381,0.286545,15.2047,-1.93152,11.6027,-1.57129,11.6832,0.00747824,1,-0.666667,-0.117948,0,0.112831,1
-2.76771,13.4246,-2.74052,1.7,2,2.00595,-1.92061,11.6063,-3.4831,14.9601,0.286545,15.2047,-1.92061,11.6063,-1.5552,11.6916,0.00594664,1,-0.666667,-0.0153858,0,0.0995462,1
-2.86101,13.3886,-2.80719,1.7,2,2.0151,-1.91001,11.612,-3.65617,14.8741,0.286545,15.2047,-1.91001,11.612,-2.2372,11.3684,0.0151038,1,0.666667,0.0806018,0,0.11361,1
-2.95463,13.3535,-2.74985,1.7,2,2.03207,-1.92496,11.6016,-3.79978,14.7915,0.286545,15.2047,-1.92496,11.6016,-2.24555,11.345,0.0320702,1,0.666667,0.143715,0,0.118056,1
-3.04571,13.3123,-2.68319,1.7,2,2.04453,-2.04625,11.5287,-3.85498,14.7565,0.286545,15.2047,-2.04625,11.5287,-1.70876,11.6768,0.0445328,1,0.666667,0.128907,0,0.0966794,1
-3.13384,13.2651,-2.61652,1.7,2,2.05061,-2.07512,11.5089,-3.98543,14.6776,0.286545,15.2047,-2.07512,11.5089,-1.73255,11.6579,0.0506063,1,0.666667,0.0524731,0,0.115744,1
-3.21864,13.2121,-2.54985,1.7,2,2.05357,-2.07315,11.5077,-4.13702,14.5786,0.286545,15.2047,-2.07315,11.5077,-1.71162,11.6463,0.0535719,1,0.666667,0.0263104,0,0.112719,1
-3.29972,13.1536,-2.48319,1.7,2,2.05251,-2.1013,11.4873,-4.26165,14.4911,0.286545,15.2047,-2.1013,11.4873,-2.39517,11.1891,0.0525086,1,0.666667,-0.0106281,0,0.10005,1
-3.37672,13.0898,-2.41652,1.7,2,2.05001,-2.12751,11.4644,-4.38216,14.3981,0.286545,15.2047,-2.12751,11.4644,-2.40833,11.1512,0.0500133,1,0.666667,-0.0212965,0,0.117169,1
-3.4493,13.0211,-2.34985,1.7,2,2.04411,-2.15285,11.4407,-4.49951,14.3013,0.286545,15.2047,-2.15285,11.4407,-2.43152,11.1358,0.0441148,1,0.666667,-0.052956,0,0.111385,1
-3.51713,12.9476,-2.28319,1.7,2,2.03213,-2.23324,11.3724,-4.57089,14.2404,0.286545,15.2047,-2.23324,11.3724,-1.91507,11.5639,0.0321279,1,-0.666667,-0.122609,0,0.0977656,1
-3.58431,12.8736,-2.34052,1.7,2,2.01836,-2.28969,11.3251,-4.66295,14.1637,0.286545,15.2047,-2.28969,11.3251,-1.98007,11.5226,0.0183568,1,-0.666667,-0.120936,0,0.11387,1
-3.65624,12.8041,-2.40719,1.7,2,2.01443,-2.28039,11.3327,-4.80748,14.0353,0.286545,15.2047,-2.28039,11.3327,-1.96593,11.534,0.0144331,1,0.666667,-0.0346185,0,0.11334,1
-3.72888,12.7354,-2.35119,1.7,2,2.01845,-2.26993,11.3406,-4.94432,13.8974,0.286545,15.2047,-2.26993,11.3406,-2.49825,10.9965,0.0184541,1,0.666667,0.0399448,0,0.100662,1
-3.79682,12.6621,-2.28452,1.7,2,2.02088,-2.2925,11.3126,-5.04674,13.7833,0.286545,15.2047,-2.2925,11.3126,-2.51926,10.9732,0.0208778,1,0.666667,0.0214977,0,0.112745,1
-3.85972,12.5843,-2.21785,1.7,2,2.01946,-2.31439,11.2843,-5.14569,13.6662,0.286545,15.2047,-2.31439,11.2843,-2.52932,10.9371,0.0194645,1,0.666667,-0.0125732,0,0.11241,1
-3.9173,12.5026,-2.15119,1.7,2,2.01227,-2.38156,11.2023,-5.20535,13.5932,0.286545,15.2047,-2.38156,11.2023,-2.09418,11.4392,0.012274,1,-0.666667,-0.0717731,0,0.100183,1
-3.97414,12.4204,-2.20852,1.7,2,2.00317,-2.42932,11.1451,-5.28273,13.5006,0.286545,15.2047,-2.42932,11.1451,-2.16595,11.3957,0.00316596,1,-0.666667,-0.0805972,0,0.113007,1
-4.03631,12.3421,-2.27519,1.7,2,2.00535,-2.44235,11.1252,-5.38331,13.3704,0.286545,15.2047,-2.44235,11.1252,-2.18585,11.3846,0.00535202,1,0.666667,0.019015,0,0.114965,1
-4.09928,12.2644,-2.21919,1.7,2,2.01406,-2.4325,11.1338,-5.49451,13.2108,0.286545,15.2047,-2.4325,11.1338,-2.17426,11.4013,0.0140648,1,0.666667,0.0874603,0,0.0996197,1
-4.15697,12.1827,-2.15252,1.7,2,2.02053,-2.43107,11.1321,-5.59155,13.056,0.286545,15.2047,-2.43107,11.1321,-2.60761,10.7714,0.0205286,1,0.666667,0.0567305,0,0.113938,1
-4.20909,12.0974,-2.08585,1.7,2,2.02386,-2.4478,11.1005,-5.66778,12.9231,-5.66778,12.9231,-2.4478,11.1005,-2.62557,10.7444,0.0238552,2,0.666667,0.029007,0,0.114685,1
-4.25541,12.0088,-2.01919,1.7,2,2.02138,-2.51717,10.9771,-5.69892,12.8656,-5.66778,12.9231,-2.51717,10.9771,-2.29659,11.269,0.0175528,2,-0.666667,-0.0642748,0,0.0980548,1
-4.30083,11.9197,-2.07519,1.7,2,2.0169,-2.5351,10.945,-5.77433,12.7331,-5.66778,12.9231,-2.5351,10.945,-2.70665,10.5868,0.0168991,1,0.666667,-0.00583981,0,0.111931,1
-4.34689,11.831,-2.01652,1.7,2,2.01822,-2.54132,10.9293,-5.85147,12.5824,-5.85147,12.5824,-2.54132,10.9293,-2.70703,10.5709,0.0182211,2,0.666667,0.0114549,0,0.115412,1
-4.38696,11.7394,-1.94985,1.7,2,2.01621,-2.5555,10.8963,-5.91648,12.4435,-5.85147,12.5824,-2.5555,10.8963,-2.71847,10.5396,0.0101926,2,-0.666667,-0.0807804,0,0.0993877,1
-4.42621,11.6474,-2.00719,1.7,2,2.0132,-2.60168,10.7965,-5.95493,12.3604,-5.85147,12.5824,-2.60168,10.7965,-2.77062,10.4444,0.0132003,1,0.666667,0.0263725,0,0.114048,1
-4.46648,11.5559,-1.95252,1.7,2,2.01254,-2.6406,10.7095,-5.99744,12.2656,-5.99744,12.2656,-2.6406,10.7095,-2.80304,10.3531,0.012536,2,0.666667,-0.00586489,0,0.113256,1
-4.50061,11.4619,-1.88585,1.7,2,2.00511,-2.68413,10.6129,-6.03606,12.1796,-5.99744,12.2656,-2.68413,10.6129,-2.85189,10.2618,0.00105566,2,-0.666667,-0.115831,0,0.0991133,1
-4.53378,11.3676,-1.94185,1.7,2,1.99511,-2.74458,10.4849,-6.06272,12.1219,-5.99744,12.2656,-2.74458,10.4849,-2.59104,10.801,-0.00489104,1,-0.666667,-0.0524851,0,0.113303,1
-4.57312,11.2757,-2.00852,1.7,2,1.99198,-2.76895,10.4313,-6.1201,11.9997,-6.1201,11.9997,-2.76895,10.4313,-2.93562,10.0825,-0.00802147,2,-0.666667,-0.0275639,0,0.11357,1
-4.61849,11.1866,-2.07519,1.7,2,1.99619,-2.80785,10.3462,-6.16393,11.904,-6.1201,11.9997,-2.80785,10.3462,-2.66018,10.6656,-0.00761587,2,-0.666667,0.00406354,0,0.099815,1
-4.6697,11.1007,-2.14185,1.7,2,2.00755,-2.84611,10.2612,-6.20707,11.8085,-6.1201,11.9997,-2.84611,10.2612,-2.69905,10.583,0.00755024,1,0.666667,0.133776,0,0.113369,1
-4.72168,11.0153,-2.08452,1.7,2,2.02135,-2.88137,10.1792,-6.24998,11.7097,-6.24998,11.7097,-2.88137,10.1792,-2.73332,10.5035,0.0213547,2,0.666667,0.120745,0,0.114327,1
-4.76789,10.9267,-2.01785,1.7,2,2.02838,-2.92383,10.0818,-6.28761,11.6229,-6.24998,11.7097,-2.92383,10.0818,-2.77444,10.4069,0.0283751,1,0.666667,0.0710368,0,0.0988286,1
-4.80808,10.8351,-1.95119,1.7,2,2.0279,-2.96712,9.98468,-6.32604,11.5364,-6.32604,11.5364,-2.96712,9.98468,-2.81764,10.3094,0.0279012,2,0.666667,-0.00391622,0,0.121029,1
-4.84209,10.7411,-1.88452,1.7,2,2.02026,-3.01074,9.8881,-6.36475,11.4503,-6.32604,11.5364,-3.01074,9.8881,-3.17986,9.53453,0.0202637,1,-0.666667,-0.0715376,0,0.106762,1
-4.87513,10.6467,-1.94052,1.7,2,2.01008,-3.07131,9.75979,-6.39163,11.3924,-6.39163,11.3924,-3.07131,9.75979,-2.91642,10.0783,0.0100844,2,-0.666667,-0.0993247,0,0.102485,1
-4.91435,10.5548,-2.00719,1.7,2,2.00679,-3.09563,9.70656,-6.44887,11.2704,-6.39163,11.3924,-3.09563,9.70656,-3.26365,9.35532,0.00678754,1,-0.666667,-0.0251954,0,0.130851,1
-4.9596,10.4656,-2.07385,1.7,2,2.01082,-3.14958,9.58972,-6.48011,11.2014,-6.48011,11.2014,-3.14958,9.58972,-2.9999,9.91022,0.0108154,2,0.666667,0.0408773,0,0.098535,1
-5.00497,10.3765,-2.00852,1.7,2,2.01645,-3.164,9.55379,-6.54202,11.0634,-6.48011,11.2014,-3.164,9.55379,-3.32617,9.19752,0.0164495,1,0.666667,0.0465435,0,0.121049,1
-5.04431,10.2846,-1.94185,1.7,2,2.0151,-3.22189,9.42471,-6.5681,11.0036,-6.5681,11.0036,-3.22189,9.42471,-3.07272,9.74671,0.0151021,2,0.666667,-0.0123158,0,0.109397,1
-5.07744,10.1903,-1.87519,1.7,2,2.00656,-3.25068,9.36007,-6.61913,10.8909,-6.5681,11.0036,-3.25068,9.36007,-3.41286,9.00555,0.0065608,1,-0.666667,-0.0858389,0,0.0995044,1
-5.10995,10.0957,-1.93519,1.7,2,1.99575,-3.31433,9.22466,-6.64331,10.8396,-6.64331,10.8396,-3.31433,9.22466,-3.1605,9.54121,-0.00425136,2,-0.666667,-0.0947991,0,0.114053,1
-5.14868,10.0035,-2.00185,1.7,2,1.99196,-3.35374,9.13979,-6.68779,10.7442,-6.64331,10.8396,-3.35374,9.13979,-3.20513,9.45732,-0.00804293,1,-0.666667,-0.0326449,0,0.116146,1
-5.19346,9.91416,-2.06852,1.7,2,1.99558,-3.37781,9.08605,-6.7442,10.6214,-6.7442,10.6214,-3.37781,9.08605,-3.23001,9.40573,-0.00442111,2,0.666667,0.035746,0,0.101321,1
-5.23926,9.82528,-2.01385,1.7,2,2.00476,-3.37253,9.09426,-6.81778,10.4434,-6.7442,10.6214,-3.37253,9.09426,-3.22713,9.4201,0.00476193,1,0.666667,0.0819216,0,0.112096,1
-5.27909,9.73357,-1.94719,1.7,2,2.0118,-3.38345,9.05985,-6.86981,10.2989,-6.86981,10.2989,-3.38345,9.05985,-3.23362,9.38887,0.0118027,2,0.666667,0.0618487,0,0.113838,1
-5.31272,9.63942,-1.88052,1.7,2,2.01358,-3.41754,8.95913,-6.89998,10.2092,-6.86981,10.2989,-3.41754,8.95913,-3.27775,9.28989,0.0135756,1,0.666667,0.0177737,0,0.0997475,1
-5.34,9.54323,-1.81385,1.7,2,2.00846,-3.45178,8.85873,-6.93027,10.1197,-6.93027,10.1197,-3.45178,8.85873,-3.31512,9.18888,0.00846171,2,-0.666667,-0.0438032,0,0.116746,1
-5.36618,9.44674,-1.86852,1.7,2,2.00348,-3.45084,8.85902,-6.98806,9.9444,-6.93027,10.1197,-3.45084,8.85902,-3.30402,9.1914,0.00348496,1,-0.666667,-0.0439099,0,0.11334,1
-5.39868,9.35218,-1.93519,1.7,2,2.00993,-3.44742,8.87009,-7.03941,9.75756,-6.93027,10.1197,-3.44742,8.87009,-3.30274,9.2101,0.00992942,1,0.666667,0.0645336,0,0.0998619,1
-5.43226,9.25801,-1.88052,1.7,2,2.02456,-3.44321,8.88052,-7.07832,9.5704,-6.93027,10.1197,-3.44321,8.88052,-3.45744,8.4703,0.0245571,1,0.666667,0.130402,0,0.112174,1
-5.45954,9.16182,-1.81385,1.7,2,2.03643,-3.44778,8.84584,-7.10297,9.41995,-6.93027,10.1197,-3.44778,8.84584,-3.46115,8.43738,0.0364308,1,0.666667,0.101333,0,0.117176,1
-5.48036,9.06403,-1.74719,1.7,2,2.04338,-3.46273,8.74062,-7.1161,9.32622,-6.93027,10.1197,-3.46273,8.74062,-3.34569,9.09732,0.0433817,1,0.666667,0.0696158,0,0.099846,1
-5.49461,8.96507,-1.68052,1.7,2,2.04324,-3.4727,8.67058,-7.13407,9.20386,-6.93027,10.1197,-3.4727,8.67058,-3.37865,9.02836,0.0432444,1,0.666667,-0.00120446,0,0.114017,1
-5.50224,8.86538,-1.61385,1.7,2,2.03892,-3.4763,8.63573,-7.15275,9.05247,-6.93027,10.1197,-3.4763,8.63573,-3.37976,8.99642,0.038919,1,0.666667,-0.0381939,0,0.113248,1
-5.50322,8.7654,-1.54719,1.7,2,2.03216,-3.47774,8.60075,-7.16557,8.90054,-6.93027,10.1197,-3.47774,8.60075,-3.38009,8.96433,0.0321605,1,0.666667,-0.067562,0,0.100033,1
-5.49752,8.66558,-1.48052,1.7,2,2.02317,-3.47538,8.60106,-7.1735,8.71906,-6.93027,10.1197,-3.47538,8.60106,-3.43023,8.19486,0.0231717,1,-0.666667,-0.0758641,0,0.118486,1
-5.49033,8.56586,-1.53119,1.7,2,2.01448,-3.47587,8.57533,-7.17583,8.55794,-6.93027,10.1197,-3.47587,8.57533,-3.43275,8.17594,0.0144832,1,-0.666667,-0.0770116,0,0.11282,1
-5.48971,8.46588,-1.59785,1.7,2,2.01512,-3.47465,8.48169,-7.17453,8.45266,-6.93027,10.1197,-3.47465,8.48169,-3.41786,8.84799,0.0151212,1,0.666667,0.00634116,0,0.100614,1
-5.49035,8.3659,-1.54452,1.7,2,2.01927,-3.473,8.45417,-7.16947,8.29243,-6.93027,10.1197,-3.473,8.45417,-3.43295,8.82222,0.0192707,1,0.666667,0.0372202,0,0.111483,1
-5.48439,8.2661,-1.47785,1.7,2,2.01964,-3.4705,8.41841,-7.15996,8.13937,-6.93027,10.1197,-3.4705,8.41841,-3.4453,8.78681,0.0196438,1,0.666667,0.00323576,0,0.115313,1
-5.4718,8.16691,-1.41119,1.7,2,2.01831,-3.46509,8.38295,-7.14383,7.9869,-6.93027,10.1197,-3.46509,8.38295,-3.43981,8.75514,0.0183079,1,0.666667,-0.0137737,0,0.0969863,1
-5.45263,8.06878,-1.34452,1.7,2,2.01474,-3.4625,8.38273,-7.1173,7.80618,-6.93027,10.1197,-3.4625,8.38273,-3.33523,7.99353,0.0147388,1,0.666667,-0.0312267,0,0.114297,1
-5.42696,7.97215,-1.27785,1.7,2,2.00776,-3.45466,8.34783,-7.08931,7.65551,-6.93027,10.1197,-3.45466,8.34783,-3.33078,7.96426,0.00776219,1,-0.666667,-0.0602919,0,0.115714,1
-5.40031,7.87579,-1.33385,1.7,2,2.00014,-3.43414,8.24288,-7.07129,7.5638,-6.93027,10.1197,-3.43414,8.24288,-3.44308,8.61052,0.000142574,1,-0.666667,-0.0767489,0,0.0992798,1
-5.38009,7.77787,-1.40052,1.7,2,1.99916,-3.42286,8.18519,-7.04525,7.43134,-6.93027,10.1197,-3.42286,8.18519,-3.45665,8.54548,-0.000840068,1,-0.666667,-0.0084546,0,0.116226,1
-5.36644,7.67883,-1.46719,1.7,2,2.00858,-3.42572,8.19653,-7.00071,7.24287,-6.93027,10.1197,-3.42572,8.19653,-3.46772,8.56165,0.00858402,1,0.666667,0.0836426,0,0.112671,1
-5.35393,7.57963,-1.41252,1.7,2,2.02593,-3.4279,8.20798,-6.94544,7.06041,-6.93027,10.1197,-3.4279,8.20798,-3.47369,8.58225,0.0259299,1,0.666667,0.172294,0,0.100676,1
-5.33489,7.48148,-1.34585,1.7,2,2.04222,-3.41447,8.17621,-6.89379,6.91752,-6.93027,10.1197,-3.41447,8.17621,-3.20908,7.81392,0.0422184,1,0.666667,0.144793,0,0.112495,1
-5.30935,7.38481,-1.27919,1.7,2,2.05535,-3.39976,8.14504,-6.83736,6.7765,-6.93027,10.1197,-3.39976,8.14504,-3.19444,7.78473,0.0553501,1,0.666667,0.116868,0,0.112362,1
-5.27743,7.29006,-1.21252,1.7,2,2.06379,-3.35761,8.04737,-6.7995,6.68966,-6.93027,10.1197,-3.35761,8.04737,-3.43676,8.41925,0.0637922,1,0.666667,0.083972,0,0.100535,1
-5.23927,7.19765,-1.14585,1.7,2,2.06487,-3.32948,7.98276,-6.7516,6.57594,-6.93027,10.1197,-3.32948,7.98276,-3.4346,8.34061,0.0648668,1,0.666667,0.00938008,0,0.114557,1
-5.19504,7.10799,-1.07919,1.7,2,2.06229,-3.3135,7.95228,-6.68921,6.43751,-6.93027,10.1197,-3.3135,7.95228,-3.41858,8.31377,0.0622854,1,0.666667,-0.0223391,0,0.115553,1
-5.14493,7.02147,-1.01252,1.7,2,2.05784,-3.29514,7.92314,-6.62106,6.30193,-6.93027,10.1197,-3.29514,7.92314,-3.40185,8.28727,0.0578432,1,0.666667,-0.0446997,0,0.0993791,1
-5.08917,6.93848,-0.945853,1.7,2,2.04967,-3.29314,7.92612,-6.53527,6.14326,-6.93027,10.1197,-3.29314,7.92612,-3.0367,7.59771,0.0496743,1,0.666667,-0.0710169,0,0.115028,1
-5.02801,6.85939,-0.879186,1.7,2,2.03763,-3.29299,7.92787,-6.44349,5.98768,-6.93027,10.1197,-3.29299,7.92787,-3.03875,7.60814,0.0376294,1,-0.666667,-0.102033,0,0.11805,1
-4.96557,6.7813,-0.928519,1.7,2,2.02549,-3.22575,7.81842,-6.40391,5.92388,-6.93027,10.1197,-3.22575,7.81842,-3.35374,8.17257,0.0254853,1,-0.666667,-0.127793,0,0.0950296,1
-4.90838,6.69929,-0.995186,1.7,2,2.01997,-3.19497,7.76911,-6.33343,5.80951,-6.93027,10.1197,-3.19497,7.76911,-3.35589,8.09617,0.0199709,1,0.666667,-0.0474265,0,0.116272,1
-4.85223,6.61656,-0.941853,1.7,2,2.02052,-3.19784,7.77651,-6.22738,5.65239,-6.93027,10.1197,-3.19784,7.77651,-3.36473,8.10591,0.0205178,1,0.666667,0.00482157,0,0.113434,1
-4.79075,6.53771,-0.875186,1.7,2,2.01991,-3.17451,7.74925,-6.13508,5.53,-6.93027,10.1197,-3.17451,7.74925,-3.34347,8.0819,0.0199094,1,0.666667,-0.00608337,0,0.100018,1
-4.72415,6.46314,-0.808519,1.7,2,2.01609,-3.17241,7.75028,-6.02022,5.38808,-6.93027,10.1197,-3.17241,7.75028,-2.86349,7.48077,0.0160937,1,0.666667,-0.0339158,0,0.112504,1
-4.65274,6.39317,-0.741853,1.7,2,2.00866,-3.14822,7.72401,-5.91958,5.27256,-6.93027,10.1197,-3.14822,7.72401,-2.84571,7.45737,0.00865602,1,-0.666667,-0.0641406,0,0.115959,1
-4.58044,6.3241,-0.795186,1.7,2,2.00108,-3.08031,7.64847,-5.85405,5.19972,-6.93027,10.1197,-3.08031,7.64847,-3.27183,7.96566,0.00108194,1,-0.666667,-0.0773384,0,0.0979343,1
-4.51286,6.25042,-0.861853,1.7,2,2.00089,-3.04046,7.60528,-5.76318,5.09992,-6.93027,10.1197,-3.04046,7.60528,-3.25164,7.90118,0.000891685,1,0.666667,-0.00168364,0,0.113004,1
-4.44603,6.17606,-0.805853,1.7,2,2.00749,-3.04718,7.61593,-5.6254,4.9621,-6.93027,10.1197,-3.04718,7.61593,-3.26516,7.91547,0.00748634,1,0.666667,0.0656773,0,0.10041,1
-4.37443,6.10627,-0.739186,1.7,2,2.00937,-3.02074,7.59123,-5.51339,4.85687,-6.93027,10.1197,-3.02074,7.59123,-3.23993,7.89725,0.00936675,1,0.666667,0.0159261,0,0.118071,1
-4.29833,6.04142,-0.672519,1.7,2,2.00963,-3.01917,7.59137,-5.37429,4.7377,-6.93027,10.1197,-3.01917,7.59137,-2.67983,7.37407,0.00962901,1,0.666667,0.00232627,0,0.112739,1
-4.21809,5.98178,-0.605853,1.7,2,2.00682,-2.99051,7.56934,-5.25382,4.64233,-6.93027,10.1197,-2.99051,7.56934,-2.64033,7.36724,0.0068202,1,-0.666667,-0.0292559,0,0.0960083,1
-4.13739,5.92276,-0.664519,1.7,2,2.00401,-2.90155,7.50034,-5.18327,4.58766,-6.93027,10.1197,-2.90155,7.50034,-3.14157,7.78977,0.0040133,1,-0.666667,-0.0244587,0,0.114761,1
-4.06078,5.85851,-0.731186,1.7,2,2.00858,-2.8271,7.44358,-5.09965,4.52373,-5.09965,4.52373,-2.8271,7.44358,-3.0932,7.6864,0.00858021,2,0.666667,0.0400306,0,0.114085,1
-3.98491,5.79339,-0.676519,1.7,2,2.01947,-2.8626,7.47229,-4.91885,4.39628,-5.09965,4.52373,-2.8626,7.47229,-1.34331,5.57334,0.0194743,1,0.666667,0.110304,0,0.0987641,1
-3.90491,5.73343,-0.609853,1.7,2,2.027,-2.8325,7.4535,-4.79003,4.31375,-4.79003,4.31375,-2.8325,7.4535,-1.34029,5.55669,0.0269985,2,0.666667,0.0645903,0,0.116492,1
-3.82109,5.67893,-0.543186,1.7,2,2.03365,-2.8005,7.43795,-4.65734,4.23761,-4.79003,4.31375,-2.8005,7.43795,-1.32513,5.49903,0.0259133,2,0.666667,-0.00955275,0,0.113607,1
-3.73382,5.63013,-0.476519,1.7,2,2.03467,-2.80054,7.43813,-4.49769,4.15032,-4.79003,4.31375,-2.80054,7.43813,-1.32895,5.49135,0.0122668,2,-0.666667,-0.136865,0,0.0997068,1
-3.64594,5.58244,-0.529853,1.7,2,2.03658,-2.67859,7.37462,-4.43604,4.11864,-4.79003,4.31375,-2.67859,7.37462,-1.32172,5.44605,-0.00836918,2,-0.666667,-0.184133,0,0.112072,1
-3.5614,5.52906,-0.596519,1.7,2,2.04578,-2.65888,7.365,-4.29119,4.04452,-4.79003,4.31375,-2.65888,7.365,-1.29339,5.40313,-0.0281557,2,-0.666667,-0.169972,0,0.11641,1
-3.48061,5.47017,-0.663186,1.7,2,2.0648,-2.64085,7.35649,-4.14565,3.97632,-4.79003,4.31375,-2.64085,7.35649,-1.3,5.43219,-0.0469722,2,-0.666667,-0.193705,0,0.0971395,1
-3.40391,5.40603,-0.729853,1.7,2,2.05911,-1.36096,5.66348,-5.03192,5.20087,-4.79003,4.31375,-1.36096,5.66348,-2.98793,7.58305,-0.0647673,2,-0.666667,-0.154232,0,0.115379,1
-3.33166,5.33692,-0.796519,1.7,2,1.99775,-1.35515,5.62747,-5.01581,5.08935,-4.79003,4.31375,-1.35515,5.62747,-2.95677,7.54468,-0.0814936,2,-0.666667,-0.147181,0,0.113645,1
-3.26418,5.26315,-0.863186,1.7,2,1.94617,-1.35736,5.65258,-4.98253,4.91221,-4.79003,4.31375,-1.35736,5.65258,-2.96469,7.55119,-0.0971078,2,-0.666667,-0.157974,0,0.09884,1
-3.20175,5.18505,-0.929853,1.7,2,1.90227,-1.35379,5.63633,-4.94816,4.75857,-4.79003,4.31375,-1.35379,5.63633,-2.94505,7.51893,-0.11157,2,-0.666667,-0.122401,0,0.118155,1
-3.14467,5.10296,-0.996519,1.7,2,1.86979,-1.35566,5.64662,-4.89581,4.57081,-4.79003,4.31375,-1.35566,5.64662,-2.89143,7.47395,-0.124844,2,-0.666667,-0.112364,0,0.118135,1
-3.09319,5.01726,-1.06319,1.7,2,1.84966,-1.356,5.65242,-4.83101,4.38186,-4.79003,4.31375,-1.356,5.65242,-2.92409,7.48742,-0.136898,2,-0.666667,-0.124288,0,0.0969805,1
-3.04753,4.92831,-1.12985,1.7,2,1.83852,-1.3228,5.56508,-4.79379,4.28359,-4.79003,4.31375,-1.3228,5.56508,-2.88273,7.45208,-0.161479,1,-0.666667,-0.212919,0,0.11545,1
-3.00789,4.83652,-1.19652,1.7,2,1.83701,-1.32253,5.56739,-4.71709,4.09531,-4.79003,4.31375,-1.32253,5.56739,-1.38419,5.90896,-0.162991,1,-0.666667,-0.0132552,0,0.114036,1
-2.97446,4.74229,-1.26319,1.7,2,1.84534,-1.32479,5.56927,-4.63245,3.91114,-4.79003,4.31375,-1.32479,5.56927,-1.39979,5.9128,-0.154656,1,-0.666667,0.0841941,0,0.0989917,1
-2.94738,4.64605,-1.32985,1.7,2,1.86732,-1.31111,5.54578,-4.55329,3.76301,-4.79003,4.31375,-1.31111,5.54578,-1.40621,5.8854,-0.132676,1,-0.666667,0.19253,0,0.114166,1
-2.92677,4.54821,-1.39652,1.7,2,1.90019,-1.31506,5.55475,-4.45334,3.59485,-4.79003,4.31375,-1.31506,5.55475,-1.02697,5.27692,-0.0998101,1,0.666667,0.281621,0,0.116703,1
-2.90729,4.45015,-1.34185,1.7,2,1.9386,-1.28361,5.50931,-4.38255,3.4878,-4.79003,4.31375,-1.28361,5.50931,-1.41023,5.85192,-0.0614005,1,0.666667,0.385714,0,0.0995805,1
-2.88136,4.35359,-1.27519,1.7,2,1.97295,-1.26398,5.48345,-4.29717,3.36454,-4.79003,4.31375,-1.26398,5.48345,-1.39742,5.83427,-0.0270534,1,0.666667,0.291801,0,0.117708,1
-2.84906,4.25897,-1.20852,1.7,2,2.00418,-1.24335,5.4583,-4.20773,3.24415,-4.79003,4.31375,-1.24335,5.4583,-1.38519,5.81548,0.00417638,1,0.666667,0.279963,0,0.11155,1
-2.81053,4.16671,-1.14185,1.7,2,2.03517,-1.21949,5.43575,-4.11206,3.12859,-4.79003,4.31375,-1.21949,5.43575,-1.37439,5.79435,0.0351677,1,0.666667,0.307242,0,0.100869,1
-2.76594,4.07722,-1.07519,1.7,2,2.05892,-1.22144,5.43871,-3.99701,2.99203,-4.79003,4.31375,-1.22144,5.43871,-0.871431,5.18856,0.0589204,1,0.666667,0.209229,0,0.113525,1
-2.71549,3.9909,-1.00852,1.7,2,2.08185,-1.17364,5.38975,-3.91392,2.90362,-4.79003,4.31375,-1.17364,5.38975,-1.3403,5.76481,0.0818462,1,0.666667,0.198783,0,0.115331,1
-2.6594,3.90814,-0.941853,1.7,2,2.09871,-1.12539,5.34041,-3.82983,2.81533,-4.79003,4.31375,-1.12539,5.34041,-1.32083,5.68678,0.098707,1,0.666667,0.170683,0,0.0987837,1
-2.59792,3.82929,-0.875186,1.7,2,2.11077,-1.10162,5.31806,-3.72451,2.70837,-4.79003,4.31375,-1.10162,5.31806,-1.29637,5.67815,0.110766,1,0.666667,0.104605,0,0.115279,1
-2.53132,3.75472,-0.808519,1.7,2,2.11931,-1.07719,5.29646,-3.61589,2.60481,-4.79003,4.31375,-1.07719,5.29646,-1.29009,5.64253,0.119314,1,0.666667,0.0733618,0,0.116519,1
-2.45991,3.68475,-0.741853,1.7,2,2.12838,-1.04946,5.27868,-3.5014,2.50776,-4.79003,4.31375,-1.04946,5.27868,-1.26665,5.63158,0.128378,1,0.666667,0.0929898,0,0.0974726,1
-2.38399,3.61969,-0.675186,1.7,2,2.12917,-1.05316,5.2817,-3.36583,2.39352,-4.79003,4.31375,-1.05316,5.2817,-0.64017,5.09931,0.129173,1,0.666667,0.00679445,0,0.117026,1
-2.30391,3.55983,-0.608519,1.7,2,2.12815,-0.997618,5.2399,-3.26873,2.31893,-4.79003,4.31375,-0.997618,5.2399,-1.23492,5.58172,0.128154,1,0.666667,-0.00914359,0,0.11147,1
-2.22001,3.50544,-0.541853,1.7,2,2.12124,-0.94206,5.19851,-3.17115,2.24535,-4.79003,4.31375,-0.94206,5.19851,-1.19189,5.51924,0.121238,1,0.666667,-0.0682668,0,0.101309,1
-2.13268,3.45676,-0.475186,1.7,2,2.11058,-0.915287,5.18085,-3.04947,2.15839,-4.79003,4.31375,-0.915287,5.18085,-1.1677,5.50501,0.110575,1,0.666667,-0.0902997,0,0.118077,1
-2.0423,3.41401,-0.408519,1.7,2,2.09696,-0.918493,5.1844,-2.90141,2.06061,-4.79003,4.31375,-0.918493,5.1844,-1.17947,5.5067,0.0969577,1,0.666667,-0.12199,0,0.111628,1
-1.94928,3.37737,-0.341853,1.7,2,2.07981,-0.890976,5.16779,-2.7737,1.98262,-4.79003,4.31375,-0.890976,5.16779,-0.452541,5.06396,0.0798123,1,0.666667,-0.172387,0,0.0994585,1
-1.85402,3.34701,-0.275186,1.7,2,2.05999,-0.862641,5.15276,-2.64327,1.90941,-4.79003,4.31375,-0.862641,5.15276,-0.443857,5.04151,0.059993,1,-0.666667,-0.175601,0,0.112865,1
-1.75845,3.31763,-0.331186,1.7,2,2.03993,-0.770227,5.10221,-2.56265,1.86536,-4.79003,4.31375,-0.770227,5.10221,-1.05873,5.35254,0.0399296,1,-0.666667,-0.173686,0,0.115515,1
-1.66504,3.28198,-0.397853,1.7,2,2.0281,-0.750755,5.09231,-2.41874,1.78961,-4.79003,4.31375,-0.750755,5.09231,-1.04584,5.33344,0.0281,1,-0.666667,-0.120103,0,0.0984958,1
-1.57421,3.2402,-0.464519,1.7,2,2.02888,-0.761453,5.09918,-2.24364,1.70902,-4.79003,4.31375,-0.761453,5.09918,-1.06482,5.34333,0.0288825,1,0.666667,0.00682177,0,0.114705,1
-1.48381,3.19748,-0.408519,1.7,2,2.0361,-0.773858,5.1058,-2.06397,1.63801,-4.79003,4.31375,-0.773858,5.1058,-1.08816,5.35182,0.0361042,1,0.666667,0.0722153,0,0.100002,1
-1.39078,3.16084,-0.341853,1.7,2,2.0419,-0.739941,5.09624,-1.91929,1.58922,-4.79003,4.31375,-0.739941,5.09624,-0.303995,5.07495,0.0418968,1,0.666667,0.0497338,0,0.116473,1
-1.29552,3.13048,-0.275186,1.7,2,2.04287,-0.672139,5.07592,-1.80119,1.55239,-4.79003,4.31375,-0.672139,5.07592,-1.00299,5.27511,0.0428674,1,0.666667,0.00860796,0,0.112756,1
-1.19845,3.10654,-0.208519,1.7,2,2.03802,-0.604377,5.05605,-1.68291,1.51673,-4.79003,4.31375,-0.604377,5.05605,-0.938933,5.23627,0.0380175,1,0.666667,-0.0481113,0,0.100806,1
-1.1,3.08911,-0.141853,1.7,2,2.03124,-0.604202,5.05892,-1.50731,1.47083,-4.79003,4.31375,-0.604202,5.05892,-0.943469,5.25808,0.0312433,1,0.666667,-0.0602242,0,0.112483,1
-1.0006,3.07828,-0.0751859,1.7,2,2.02002,-0.604511,5.05909,-1.33002,1.43092,-4.79003,4.31375,-0.604511,5.05909,-0.188442,5.05775,0.0200229,1,-0.666667,-0.100099,0,0.112093,1
-0.901103,3.06847,-0.131186,1.7,2,2.01035,-0.568726,5.05116,-1.18046,1.40208,-4.79003,4.31375,-0.568726,5.05116,-0.157996,5.05425,0.010349,1,-0.666667,-0.0970527,0,0.0996761,1
-0.802471,3.0521,-0.197853,1.7,2,2.01221,-0.545527,5.04784,-1.01799,1.37813,-4.79003,4.31375,-0.545527,5.04784,-0.130508,5.07962,0.0122106,1,0.666667,0.0163069,0,0.114158,1
-0.704011,3.03472,-0.141853,1.7,2,2.01928,-0.488464,5.04246,-0.88342,1.3636,-4.79003,4.31375,-0.488464,5.04246,-0.848768,5.17332,0.0192778,1,0.666667,0.060503,0,0.116807,1
-0.604618,3.02389,-0.0751859,1.7,2,2.02091,-0.452812,5.03909,-0.730748,1.34954,-4.79003,4.31375,-0.452812,5.03909,-0.0388438,5.09088,0.0209086,1,0.666667,0.0161247,0,0.101136,1
-0.504724,3.0197,-0.00851927,1.7,2,2.02142,-0.416964,5.03922,-0.577599,1.3427,-4.79003,4.31375,-0.416964,5.03922,-0.00871954,5.08758,0.0214188,1,0.666667,0.00434308,0,0.117478,1
-0.404773,3.02218,0.0581474,1.7,2,2.01865,-0.416451,5.0408,-0.395047,1.34086,-4.79003,4.31375,-0.416451,5.0408,-0.0146892,5.09287,0.0186505,1,0.666667,-0.0247603,0,0.111803,1
-0.30521,3.03132,0.124814,1.7,2,2.01357,-0.380792,5.04347,-0.241908,1.34608,-4.79003,4.31375,-0.380792,5.04347,0.0155155,5.09146,0.013572,1,-0.666667,-0.049971,0,0.10163,1
-0.20578,3.04183,0.0728141,1.7,2,2.00829,-0.281886,5.04868,-0.141672,1.35133,-4.79003,4.31375,-0.281886,5.04868,0.113507,5.09761,0.00828719,1,-0.666667,-0.0471565,0,0.112069,1
-0.105877,3.04578,0.0061474,1.7,2,2.00997,-0.258403,5.04995,0.0223707,1.36062,-4.79003,4.31375,-0.258403,5.04995,0.134996,5.11244,0.00997186,1,0.666667,0.0148409,0,0.113515,1
-0.00593319,3.04858,0.0608141,1.7,2,2.01931,-0.268956,5.05069,0.212982,1.38221,0.212982,1.38221,-0.268956,5.05069,0.121023,5.11496,0.0193126,2,0.666667,0.0938358,0,0.0995437,1
0.0936055,3.05798,0.127481,1.7,2,2.02682,-0.199117,5.06355,0.335254,1.40234,0.212982,1.38221,-0.199117,5.06355,0.19081,5.12221,0.0199851,2,0.666667,0.00592277,0,0.113544,1
0.192297,3.07399,0.194147,1.7,2,2.02759,-0.0942217,5.08123,0.428626,1.41835,0.212982,1.38221,-0.0942217,5.08123,0.29608,5.13958,0.0275853,1,0.666667,0.0658261,0,0.115458,1
0.289703,3.09653,0.260814,1.7,2,2.02117,0.0103874,5.09831,0.521708,1.43382,0.521708,1.43382,0.0103874,5.09831,0.399316,5.14928,0.021173,2,-0.666667,-0.0641425,0,0.099969,1
0.386845,3.1202,0.206147,1.7,2,2.0113,0.148308,5.1173,0.587123,1.44341,0.521708,1.43382,0.148308,5.1173,-0.202973,5.07239,0.00823387,2,-0.666667,-0.112144,0,0.115379,1
0.485337,3.13739,0.139481,1.7,2,2.00735,0.206264,5.12524,0.720661,1.46117,0.521708,1.43382,0.206264,5.12524,0.59254,5.17715,0.0073452,1,0.666667,-0.00782579,0,0.113557,1
0.584022,3.15345,0.194147,1.7,2,2.00704,0.300406,5.14035,0.823254,1.47748,0.823254,1.47748,0.300406,5.14035,-0.0495647,5.0892,0.00704122,2,0.666667,-0.00304492,0,0.0998331,1
0.681427,3.176,0.260814,1.7,2,2.00063,0.404951,5.15744,0.916271,1.49294,0.823254,1.47748,0.404951,5.15744,0.789927,5.20788,0.000629902,1,-0.666667,-0.0552836,0,0.115971,1
0.778513,3.1999,0.208814,1.7,2,1.99053,0.537169,5.17575,0.985779,1.50304,0.985779,1.50304,0.537169,5.17575,0.189335,5.13135,-0.00946569,2,-0.666667,-0.0890589,0,0.113359,1
0.876959,3.21735,0.142147,1.7,2,1.98633,0.595563,5.18364,1.11973,1.52096,0.985779,1.50304,0.595563,5.18364,0.977601,5.23491,-0.0136747,1,-0.666667,-0.0419288,0,0.100385,1
0.976349,3.22821,0.0754807,1.7,2,1.98942,0.68832,5.19667,1.22401,1.53565,1.22401,1.53565,0.68832,5.19667,0.341313,5.14563,-0.0105797,2,0.666667,0.0266819,0,0.115997,1
1.07586,3.23793,0.130147,1.7,2,1.99601,0.78232,5.21224,1.32645,1.55247,1.22401,1.53565,0.78232,5.21224,0.433953,5.16121,-0.0039885,1,0.666667,0.0583709,0,0.112919,1
1.17451,3.2542,0.196814,1.7,2,1.99653,0.887107,5.22994,1.41972,1.56848,1.41972,1.56848,0.887107,5.22994,0.538782,5.17911,-0.00346625,2,-0.666667,0.00521207,0,0.100201,1
1.27296,3.2716,0.142147,1.7,2,1.99351,0.990551,5.245,1.51472,1.58232,1.41972,1.56848,0.990551,5.245,1.37397,5.29646,-0.006495,1,-0.666667,-0.0262839,0,0.115232,1
1.37235,3.28246,0.0754807,1.7,2,1.9966,1.08328,5.25803,1.61897,1.59701,1.61897,1.59701,1.08328,5.25803,0.735025,5.2068,-0.00339663,2,0.666667,0.0272052,0,0.113889,1
1.47188,3.29206,0.128814,1.7,2,2.00331,1.17991,5.27398,1.71916,1.61349,1.61897,1.59701,1.17991,5.27398,0.830372,5.2227,0.0033133,1,0.666667,0.0682128,0,0.0983677,1
1.57055,3.3082,0.195481,1.7,2,2.00395,1.28472,5.29166,1.81245,1.62949,1.81245,1.62949,1.28472,5.29166,0.935197,5.24062,0.00395036,2,0.666667,0.00550722,0,0.115676,1
1.66792,3.33088,0.262147,1.7,2,1.99738,1.38926,5.30873,1.90546,1.64491,1.81245,1.62949,1.38926,5.30873,1.77351,5.35906,-0.00261712,1,-0.666667,-0.0569999,0,0.115219,1
1.76498,3.3549,0.210147,1.7,2,1.98714,1.52141,5.32706,1.97492,1.65496,1.97492,1.65496,1.52141,5.32706,1.17408,5.28278,-0.0128572,2,-0.666667,-0.102828,0,0.0995849,1
1.8634,3.37249,0.143481,1.7,2,1.9828,1.57988,5.33492,2.10893,1.67294,1.97492,1.65496,1.57988,5.33492,1.96115,5.38605,-0.0171961,1,-0.666667,-0.0379105,0,0.11445,1
1.96277,3.38348,0.0768141,1.7,2,1.98573,1.70699,5.35267,2.18359,1.6835,2.18359,1.6835,1.70699,5.35267,1.36119,5.30303,-0.0142661,2,-0.666667,0.0251935,0,0.116297,1
2.06266,3.38783,0.0101474,1.7,2,1.99589,1.76485,5.36137,2.31693,1.7028,2.18359,1.6835,1.76485,5.36137,1.41692,5.30869,-0.00410879,1,0.666667,0.103481,0,0.0981567,1
2.16259,3.39103,0.0648141,1.7,2,2.00945,1.85818,5.37729,2.4187,1.71999,2.4187,1.71999,1.85818,5.37729,1.50747,5.32502,0.00945306,2,0.666667,0.120124,0,0.112898,1
2.26209,3.40083,0.131481,1.7,2,2.01711,1.96279,5.3956,2.5118,1.73656,2.4187,1.71999,1.96279,5.3956,1.61064,5.34408,0.0171075,1,0.666667,0.0657027,0,0.116501,1
2.36072,3.41723,0.198147,1.7,2,2.01753,2.06763,5.41336,2.60513,1.75261,2.60513,1.75261,2.06763,5.41336,1.71556,5.362,0.0175316,2,0.666667,0.00436333,0,0.0972072,1
2.45803,3.44017,0.264814,1.7,2,2.01064,2.17221,5.43039,2.69819,1.76797,2.60513,1.75261,2.17221,5.43039,2.55883,5.48102,0.0106423,1,-0.666667,-0.0595647,0,0.115662,1
2.55511,3.4641,0.208814,1.7,2,2.00043,2.31257,5.44977,2.76118,1.77707,2.76118,1.77707,2.31257,5.44977,1.963,5.40515,0.000431776,2,-0.666667,-0.0884866,0,0.115391,1
2.65356,3.48155,0.142147,1.7,2,1.99622,2.37076,5.45764,2.89492,1.79496,2.76118,1.77707,2.37076,5.45764,2.7547,5.50917,-0.00377977,1,-0.666667,-0.0422627,0,0.0996515,1
2.75295,3.49241,0.0754807,1.7,2,1.99932,2.46348,5.47067,2.99917,1.80965,2.99917,1.80965,2.46348,5.47067,2.11475,5.41936,-0.000680566,2,0.666667,0.0268765,0,0.115313,1
2.85246,3.50213,0.130147,1.7,2,2.00591,2.55746,5.48623,3.10159,1.82646,2.99917,1.80965,2.55746,5.48623,2.20737,5.43494,0.00591183,1,0.666667,0.0575675,0,0.114516,1
2.9511,3.5184,0.196814,1.7,2,2.00644,2.66228,5.50394,3.19489,1.84248,3.19489,1.84248,2.66228,5.50394,2.31223,5.45285,0.00643682,2,0.666667,0.00528587,0,0.099321,1
3.04845,3.54121,0.263481,1.7,2,1.99971,2.76682,5.52099,3.28791,1.85787,3.19489,1.84248,2.76682,5.52099,3.15143,5.57136,-0.000287414,1,-0.666667,-0.0587288,0,0.114496,1
3.14553,3.56513,0.208814,1.7,2,1.98953,2.90431,5.53999,3.35292,1.86728,3.35292,1.86728,2.90431,5.53999,2.55665,5.49562,-0.010468,2,-0.666667,-0.088216,0,0.115405,1
3.24397,3.58259,0.142147,1.7,2,1.98532,2.96272,5.54789,3.48689,1.8852,3.35292,1.86728,2.96272,5.54789,3.34461,5.6,-0.0146776,1,-0.666667,-0.0416907,0,0.100973,1
3.34336,3.59345,0.0754807,1.7,2,1.98841,3.05548,5.56091,3.59117,1.89989,3.59117,1.89989,3.05548,5.56091,2.70865,5.50989,-0.0115873,2,-0.666667,0.0274817,0,0.112452,1
3.44326,3.59766,0.00881406,1.7,2,1.99872,3.14766,5.5744,3.69487,1.91509,3.59117,1.89989,3.14766,5.5744,2.79933,5.5216,-0.00128233,1,0.666667,0.0915187,0,0.112599,1
3.54319,3.60085,0.0648141,1.7,2,2.01232,3.23834,5.58994,3.79886,1.93264,3.79886,1.93264,3.23834,5.58994,2.88713,5.53759,0.0123153,2,0.666667,0.136168,0,0.0998587,1
3.64269,3.61065,0.131481,1.7,2,2.02057,3.30805,5.60331,3.92083,1.95441,3.79886,1.93264,3.30805,5.60331,2.95452,5.5504,0.0205688,1,0.666667,0.0707744,0,0.116618,1
3.74132,3.62705,0.198147,1.7,2,2.02518,3.30807,5.60534,4.09961,1.991,4.09961,1.991,3.30807,5.60534,2.94802,5.55624,0.0251796,2,0.666667,0.0394053,0,0.117009,1
3.83863,3.64999,0.264814,1.7,2,2.02716,3.37667,5.62381,4.21984,2.02117,4.09961,1.991,3.37667,5.62381,3.01788,5.56747,0.0271635,1,0.666667,0.0201996,0,0.0982137,1
3.9342,3.67936,0.331481,1.7,2,2.02281,3.47943,5.65038,4.31127,2.0451,4.31127,2.0451,3.47943,5.65038,3.12264,5.59199,0.0228057,2,0.666667,-0.0377834,0,0.115337,1
4.0276,3.71503,0.398147,1.7,2,2.01413,3.47879,5.65294,4.48697,2.09295,4.31127,2.0451,3.47879,5.65294,3.11625,5.59924,0.0141284,1,-0.666667,-0.0755561,0,0.114845,1
4.12059,3.75177,0.343481,1.7,2,2.00698,3.51107,5.66396,4.63476,2.13871,4.31127,2.0451,3.51107,5.66396,3.14975,5.60253,0.00698209,1,-0.666667,-0.0709009,0,0.100794,1
4.2158,3.78228,0.276814,1.7,2,2.01001,3.50006,5.66054,4.81759,2.20307,4.31127,2.0451,3.50006,5.66054,3.1266,5.60509,0.0100143,1,0.666667,0.0262629,0,0.115456,1
4.31143,3.81147,0.328814,1.7,2,2.02179,3.49427,5.66077,4.98972,2.27645,4.31127,2.0451,3.49427,5.66077,3.833,5.91061,0.0217915,1,0.666667,0.104023,0,0.113217,1
4.40493,3.8469,0.395481,1.7,2,2.02994,3.59032,5.70621,5.07512,2.3172,4.31127,2.0451,3.59032,5.70621,3.2254,5.61826,0.0299354,1,0.666667,0.081959,0,0.0993656,1
4.49586,3.88847,0.462147,1.7,2,2.03181,3.62181,5.72267,5.21348,2.38252,4.31127,2.0451,3.62181,5.72267,3.26113,5.62084,0.0318074,1,0.666667,0.0160656,0,0.116526,1
4.58381,3.936,0.528814,1.7,2,2.03186,3.62057,5.72504,5.37462,2.46723,4.31127,2.0451,3.62057,5.72504,3.24598,5.63008,0.0318639,1,0.666667,0.000584243,0,0.0967152,1
4.66841,3.98929,0.595481,1.7,2,2.02717,3.6512,5.74278,5.50781,2.54232,4.31127,2.0451,3.6512,5.74278,3.27126,5.64738,0.0271749,1,0.666667,-0.0404197,0,0.116007,1
4.74927,4.0481,0.662147,1.7,2,2.02106,3.68012,5.76322,5.63743,2.62332,4.31127,2.0451,3.68012,5.76322,3.29637,5.66522,0.0210612,1,-0.666667,-0.0529688,0,0.115422,1
4.82945,4.10783,0.607481,1.7,2,2.01569,3.73736,5.80204,5.742,2.69215,4.31127,2.0451,3.73736,5.80204,3.37717,5.67582,0.0156851,1,-0.666667,-0.054969,0,0.0978023,1
4.9134,4.16214,0.540814,1.7,2,2.01777,3.78548,5.83521,5.85375,2.76728,4.31127,2.0451,3.78548,5.83521,3.44506,5.68337,0.0177696,1,0.666667,0.0179223,0,0.116307,1
4.9979,4.21558,0.596814,1.7,2,2.02603,3.77311,5.82948,6.00986,2.88212,4.31127,2.0451,3.77311,5.82948,3.42597,5.67146,0.0260332,1,0.666667,0.0722757,0,0.114334,1
5.07868,4.27449,0.663481,1.7,2,2.03444,3.77057,5.83263,6.1496,2.99887,4.31127,2.0451,3.77057,5.83263,3.40181,5.68083,0.034435,1,0.666667,0.0813708,0,0.103254,1
5.15535,4.33866,0.730147,1.7,2,2.03685,3.77054,5.83233,6.28609,3.11903,4.31127,2.0451,3.77054,5.83233,4.01263,6.17922,0.0368505,1,0.666667,0.0214505,0,0.112604,1
5.22758,4.40779,0.796814,1.7,2,2.03697,3.79595,5.85682,6.3964,3.22477,4.31127,2.0451,3.79595,5.85682,4.03391,6.20075,0.0369709,1,0.666667,0.00102957,0,0.116944,1
5.29505,4.48158,0.863481,1.7,2,2.03203,3.89697,5.9562,6.44265,3.27114,4.31127,2.0451,3.89697,5.9562,3.5771,5.75401,0.032027,1,0.666667,-0.0509101,0,0.0971094,1
5.35745,4.5597,0.930147,1.7,2,2.02178,3.89593,5.95668,6.57061,3.4001,4.31127,2.0451,3.89593,5.95668,3.55445,5.76245,0.0217791,1,-0.666667,-0.0861041,0,0.119018,1
5.41876,4.63868,0.878147,1.7,2,2.01426,3.91451,5.97826,6.67767,3.51758,4.31127,2.0451,3.91451,5.97826,3.58208,5.77241,0.0142589,1,-0.666667,-0.0678,0,0.110917,1
5.48513,4.71345,0.811481,1.7,2,2.01621,3.9295,5.99607,6.78428,3.6423,4.31127,2.0451,3.9295,5.99607,3.60936,5.77496,0.0162108,1,0.666667,0.0195593,0,0.0997955,1
5.55227,4.78754,0.867481,1.7,2,2.02612,3.91931,5.98694,6.90135,3.79664,4.31127,2.0451,3.91931,5.98694,3.59629,5.75412,0.0261161,1,0.666667,0.0854276,0,0.11595,1
5.61435,4.8659,0.934147,1.7,2,2.03264,3.95908,6.04562,6.97216,3.8982,4.31127,2.0451,3.95908,6.04562,3.65287,5.80054,0.0326445,1,0.666667,0.057073,0,0.114386,1
5.67108,4.94823,1.00081,1.7,2,2.0332,3.99865,6.10446,7.04213,4.00037,4.31127,2.0451,3.99865,6.10446,3.73223,5.83828,0.0331998,1,0.666667,0.00554485,0,0.100143,1
5.7222,5.03416,1.06748,1.7,2,2.03027,3.9974,6.10517,7.14071,4.15334,4.31127,2.0451,3.9974,6.10517,3.71201,5.83973,0.0302672,1,0.666667,-0.0257694,0,0.1138,1
5.76748,5.1233,1.13415,1.7,2,2.02359,4.01532,6.13565,7.21903,4.28463,4.31127,2.0451,4.01532,6.13565,3.72662,5.86685,0.0235851,1,0.666667,-0.0579231,0,0.115363,1
5.80672,5.21526,1.20081,1.7,2,2.0172,4.02893,6.16845,7.28979,4.42009,4.31127,2.0451,4.02893,6.16845,3.74091,5.89441,0.0172029,1,-0.666667,-0.0638488,0,0.0999585,1
5.84513,5.30757,1.14348,1.7,2,2.00918,4.03142,6.17203,7.37145,4.58009,4.31127,2.0451,4.03142,6.17203,4.13066,6.57545,0.00917959,1,-0.666667,-0.0695488,0,0.115362,1
5.88957,5.39713,1.07681,1.7,2,2.01077,4.07172,6.25655,7.41674,4.67514,4.31127,2.0451,4.07172,6.25655,3.8487,5.95558,0.010767,1,0.666667,0.0136212,0,0.116538,1
5.93515,5.48612,1.13015,1.7,2,2.01835,4.06705,6.25029,7.49161,4.84944,4.31127,2.0451,4.06705,6.25029,3.8457,5.93969,0.0183523,1,0.666667,0.0760128,0,0.0997896,1
5.97476,5.57792,1.19681,1.7,2,2.02591,4.07625,6.28502,7.54356,4.99362,4.31127,2.0451,4.07625,6.28502,3.85283,5.96843,0.0259123,1,0.666667,0.0669032,0,0.112999,1
6.00816,5.67216,1.26348,1.7,2,2.02598,4.0771,6.28503,7.60374,5.16577,4.31127,2.0451,4.0771,6.28503,4.09333,6.71651,0.0259838,1,0.666667,0.000586587,0,0.121935,1
6.03521,5.76841,1.33015,1.7,2,2.02575,4.08589,6.31959,7.6463,5.31288,4.31127,2.0451,4.08589,6.31959,4.10172,6.74459,0.0257478,1,0.666667,-0.00243197,0,0.0970546,1
6.05579,5.86625,1.39681,1.7,2,2.02115,4.11263,6.42229,7.66986,5.40438,4.31127,2.0451,4.11263,6.42229,3.93819,6.08765,0.0211511,1,0.666667,-0.0397414,0,0.115666,1
6.06981,5.96525,1.46348,1.7,2,2.01121,4.11133,6.42276,7.71432,5.58108,4.31127,2.0451,4.11133,6.42276,3.91207,6.08395,0.0112057,1,-0.666667,-0.0823744,0,0.120734,1
6.08281,6.06438,1.40748,1.7,2,2.00223,4.11979,6.45868,7.74733,5.73004,4.31127,2.0451,4.11979,6.45868,3.94843,6.11496,0.00222993,1,-0.666667,-0.0898371,0,0.0999114,1
6.10234,6.16244,1.34081,1.7,2,2.00507,4.12294,6.48222,7.77558,5.89212,4.31127,2.0451,4.12294,6.48222,3.97206,6.13184,0.00506854,1,0.666667,0.0243351,0,0.116647,1
6.12312,6.26024,1.39415,1.7,2,2.01495,4.11965,6.4751,7.79856,6.08055,4.31127,2.0451,4.11965,6.4751,3.97037,6.11429,0.0149536,1,0.666667,0.0847025,0,0.116704,1
6.1374,6.35919,1.46081,1.7,2,2.02262,4.12047,6.51091,7.81005,6.23338,4.31127,2.0451,4.12047,6.51091,3.96849,6.14277,0.0226243,1,0.666667,0.0787991,0,0.0973443,1
6.14505,6.45888,1.52748,1.7,2,2.02476,4.12404,6.58185,7.81721,6.35714,4.31127,2.0451,4.12404,6.58185,4.02287,6.21641,0.0247557,1,0.666667,0.0182318,0,0.116909,1
6.14605,6.55886,1.59415,1.7,2,2.0229,4.124,6.61754,7.82245,6.51021,4.31127,2.0451,4.124,6.61754,4.02223,6.2476,0.0228999,1,0.666667,-0.0159103,0,0.116644,1
6.14039,6.65868,1.66081,1.7,2,2.01955,4.12085,6.65313,7.82083,6.6633,4.31127,2.0451,4.12085,6.65313,4.02107,6.27898,0.0195494,1,0.666667,-0.0341123,0,0.0982196,1
6.12809,6.7579,1.72748,1.7,2,2.01287,4.11793,6.65336,7.81294,6.84553,4.31127,2.0451,4.11793,6.65336,3.98941,7.05934,0.0128734,1,-0.666667,-0.0577679,0,0.115565,1
6.11465,6.85698,1.67281,1.7,2,2.00687,4.11495,6.68748,7.80173,6.99998,4.31127,2.0451,4.11495,6.68748,3.98369,7.08678,0.00686669,1,-0.666667,-0.0514475,0,0.116754,1
6.10779,6.95672,1.60615,1.7,2,2.0091,4.10641,6.78073,7.79218,7.10484,4.31127,2.0451,4.10641,6.78073,4.07526,6.41115,0.00910401,1,0.666667,0.0224549,0,0.0996362,1
6.10207,7.05654,1.66081,1.7,2,2.01726,4.10522,6.7703,7.76778,7.29531,4.31127,2.0451,4.10522,6.7703,4.07666,6.39229,0.0172594,1,0.666667,0.0691667,0,0.117909,1
6.08977,7.15576,1.72748,1.7,2,2.02589,4.10094,6.77,7.73325,7.47454,4.31127,2.0451,4.10094,6.77,4.0562,6.37608,0.0258896,1,0.666667,0.0755386,0,0.11425,1
6.07088,7.25395,1.79415,1.7,2,2.02827,4.09299,6.80469,7.70109,7.62423,4.31127,2.0451,4.09299,6.80469,3.87907,7.18518,0.0282683,1,0.666667,0.024305,0,0.0978687,1
6.0455,7.35065,1.86081,1.7,2,2.02866,4.09173,6.80454,7.65514,7.80058,4.31127,2.0451,4.09173,6.80454,3.9059,7.17788,0.028657,1,0.666667,0.00332046,0,0.117039,1
6.01373,7.44545,1.92748,1.7,2,2.02574,4.06106,6.90626,7.62759,7.89108,4.31127,2.0451,4.06106,6.90626,4.06612,6.51914,0.0257437,1,0.666667,-0.0248227,0,0.117362,1
5.97572,7.53792,1.99415,1.7,2,2.01647,4.05001,6.93975,7.58347,8.03733,7.58347,8.03733,4.05001,6.93975,4.04255,9.26298,0.0164704,2,-0.666667,-0.0932695,0,0.0994247,1
5.93643,7.62986,1.94215,1.7,2,2.00868,4.04036,6.96674,7.53292,8.18822,7.58347,8.03733,4.04036,6.96674,4.06162,9.30162,0.00330243,2,-0.666667,-0.116768,0,0.112771,1
5.90327,7.72419,1.87548,1.7,2,2.01132,4.03134,6.98844,7.47491,8.34191,7.58347,8.03733,4.03134,6.98844,4.06821,9.35017,-0.00913094,2,-0.666667,-0.106631,0,0.116602,1
5.87647,7.82051,1.80881,1.7,2,2.02568,4.03519,6.97606,7.39837,8.51849,7.58347,8.03733,4.03519,6.97606,4.0526,9.31667,-0.0207127,2,-0.666667,-0.115824,0,0.0999946,1
5.85615,7.91841,1.74215,1.7,2,2.0515,4.02529,6.99287,7.32735,8.66213,7.58347,8.03733,4.02529,6.99287,4.0355,9.29948,-0.0314089,2,-0.666667,-0.0930053,0,0.115007,1
5.84239,8.01744,1.67548,1.7,2,2.08499,4.00142,7.03866,7.2684,8.77558,7.58347,8.03733,4.00142,7.03866,4.02885,9.2874,-0.0411888,2,-0.666667,-0.0996254,0,0.0981669,1
5.83527,8.11716,1.60881,1.7,2,2.1123,3.95022,9.07027,7.25215,7.40076,7.58347,8.03733,3.95022,9.07027,4.10532,6.7569,-0.0500247,2,-0.666667,-0.0743369,0,0.118862,1
5.8348,8.21714,1.54215,1.7,2,2.06703,3.956,9.07897,7.31906,7.53629,7.58347,8.03733,3.956,9.07897,4.10097,6.79507,-0.0578917,2,-0.666667,-0.0693072,0,0.11351,1
5.84099,8.31693,1.47548,1.7,2,2.03318,3.96205,9.09373,7.38136,7.68011,7.58347,8.03733,3.96205,9.09373,4.11517,6.78797,-0.0647682,2,-0.666667,-0.0687655,0,0.0999992,1
5.85382,8.41609,1.40881,1.7,2,2.01053,3.95606,9.07997,7.44852,7.85822,7.58347,8.03733,3.95606,9.07997,4.09913,6.85168,-0.0706353,2,-0.666667,-0.0508897,0,0.11529,1
5.87322,8.51417,1.34215,1.7,2,1.99944,3.95221,9.06867,7.50708,8.04256,7.58347,8.03733,3.95221,9.06867,4.11608,6.82328,-0.075477,2,-0.666667,-0.0417985,0,0.115834,1
5.89912,8.61074,1.27548,1.7,2,1.99876,3.97702,9.15901,7.5351,8.14408,7.58347,8.03733,3.97702,9.15901,4.10586,6.87419,-0.0792802,2,-0.666667,-0.0390557,0,0.0973806,1
5.93139,8.70537,1.20881,1.7,2,2.0051,3.99228,9.21554,7.57051,8.27412,7.58347,8.03733,3.99228,9.21554,4.13417,6.82733,0.00509858,1,0.666667,0.693792,0,0.12162,1
5.96497,8.79955,1.26081,1.7,2,2.01808,3.98925,9.21088,7.61158,8.45672,7.58347,8.03733,3.98925,9.21088,3.86124,8.86422,0.0180798,1,0.666667,0.116486,0,0.11144,1
5.99228,8.89573,1.32748,1.7,2,2.0295,3.98743,9.21115,7.64247,8.6361,7.58347,8.03733,3.98743,9.21115,3.98262,9.62484,0.0295033,1,0.666667,0.114391,0,0.099864,1
6.01312,8.99351,1.39415,1.7,2,2.03636,3.99246,9.24596,7.66392,8.78727,7.58347,8.03733,3.99246,9.24596,3.86044,8.88527,0.0363648,1,0.666667,0.0590422,0,0.116213,1
6.0274,9.09247,1.46081,1.7,2,2.04264,3.99349,9.28121,7.67766,8.93933,7.58347,8.03733,3.99349,9.28121,3.96485,9.69566,0.0426419,1,0.666667,0.0527913,0,0.118904,1
6.03505,9.19215,1.52748,1.7,2,2.04386,3.99744,9.35187,7.68613,9.06274,7.58347,8.03733,3.99744,9.35187,3.89524,8.98543,0.04386,1,0.666667,0.0122122,0,0.0997429,1
6.03605,9.29213,1.59415,1.7,2,2.03868,4.00411,9.45784,7.69187,9.1571,7.58347,8.03733,4.00411,9.45784,3.93111,9.09546,0.0386841,1,0.666667,-0.0462238,0,0.111973,1
6.03039,9.39195,1.66081,1.7,2,2.0292,4.00223,9.4572,7.70032,9.33823,7.58347,8.03733,4.00223,9.4572,3.913,9.08844,0.0292032,1,-0.666667,-0.081641,0,0.11613,1
6.02346,9.4917,1.60748,1.7,2,2.02079,4.00267,9.48811,7.70267,9.49468,7.58347,8.03733,4.00267,9.48811,3.93391,9.89401,0.0207856,1,-0.666667,-0.0836165,0,0.100669,1
6.02312,9.59168,1.54081,1.7,2,2.02269,4.00204,9.51114,7.69911,9.65846,7.58347,8.03733,4.00204,9.51114,3.94282,9.13878,0.0226851,1,0.666667,0.0163688,0,0.116042,1
6.02393,9.69166,1.59548,1.7,2,2.0325,4.0005,9.49988,7.68399,9.84899,7.58347,8.03733,4.0005,9.49988,3.89051,9.90031,0.0325017,1,0.666667,0.0842655,0,0.116497,1
6.01814,9.79147,1.66215,1.7,2,2.03921,3.99098,9.57004,7.6691,9.97181,7.58347,8.03733,3.99098,9.57004,3.86764,9.97077,0.0392129,1,0.666667,0.0668698,0,0.100363,1
6.0057,9.89067,1.72881,1.7,2,2.03883,3.97824,9.67566,7.6576,10.0659,7.58347,8.03733,3.97824,9.67566,3.97652,9.30676,0.0388348,1,0.666667,-0.0031303,0,0.120797,1
5.98669,9.98883,1.79548,1.7,2,2.03395,3.97191,9.71021,7.63703,10.2171,7.58347,8.03733,3.97191,9.71021,3.96882,9.33812,0.0339518,1,0.666667,-0.0427247,0,0.114291,1
5.96117,10.0855,1.86215,1.7,2,2.02871,3.96769,9.70908,7.60344,10.3956,7.58347,8.03733,3.96769,9.70908,3.82002,10.097,0.0287139,1,0.666667,-0.0533471,0,0.0981838,1
5.92928,10.1803,1.92881,1.7,2,2.01714,3.96005,9.74323,7.57216,10.5449,7.58347,8.03733,3.96005,9.74323,3.79454,10.1239,0.0171447,1,-0.666667,-0.102781,0,0.112563,1
5.89653,10.2747,1.87148,1.7,2,2.0081,3.95893,9.74728,7.52902,10.7191,7.58347,8.03733,3.95893,9.74728,3.82332,10.1215,0.0081048,1,-0.666667,-0.0767962,0,0.117713,1
5.87012,10.3712,1.80481,1.7,2,2.00907,3.93326,9.83736,7.50028,10.8204,7.58347,8.03733,3.93326,9.83736,3.96416,9.46581,0.00906825,1,0.666667,0.00966831,0,0.0996502,1
5.84481,10.4679,1.85948,1.7,2,2.01288,3.91522,9.89484,7.46212,10.9482,7.58347,8.03733,3.91522,9.89484,3.97292,9.53295,0.012882,1,0.666667,0.0326799,0,0.1167,1
5.81317,10.5627,1.92615,1.7,2,2.01392,3.90177,9.92837,7.41343,11.0938,7.58347,8.03733,3.90177,9.92837,3.97244,9.56911,0.0139165,1,0.666667,0.00917761,0,0.11272,1
5.77528,10.6553,1.99281,1.7,2,2.01157,3.89959,9.92848,7.34966,11.2653,7.58347,8.03733,3.89959,9.92848,3.96355,9.5589,0.0115685,1,0.666667,-0.0235787,0,0.099579,1
5.73131,10.745,2.05948,1.7,2,2.00591,3.88485,9.96129,7.29073,11.407,7.58347,8.03733,3.88485,9.96129,3.6594,10.3047,0.00591397,1,-0.666667,-0.0491181,0,0.115122,1
5.68642,10.8344,2.00348,1.7,2,2.00282,3.88311,9.96299,7.21455,11.5728,7.58347,8.03733,3.88311,9.96299,3.67574,10.3035,0.00281715,1,-0.666667,-0.0269201,0,0.115037,1
5.64755,10.9265,1.93681,1.7,2,2.0087,3.8417,10.0469,7.16805,11.6671,7.58347,8.03733,3.8417,10.0469,3.93202,9.68142,0.00870132,1,0.666667,0.058726,0,0.100197,1
5.60962,11.019,1.99281,1.7,2,2.01733,3.79924,10.129,7.11967,11.7614,7.11967,11.7614,3.79924,10.129,3.9314,9.79165,0.017328,2,0.666667,0.0749238,0,0.11514,1
5.56565,11.1088,2.05948,1.7,2,2.02425,3.79519,10.1274,7.0313,11.9212,7.11967,11.7614,3.79519,10.1274,3.92456,9.77991,0.0242491,1,0.666667,0.059725,0,0.115882,1
5.5158,11.1955,2.12615,1.7,2,2.02488,3.79522,10.1279,6.93917,12.0787,7.11967,11.7614,3.79522,10.1279,3.51664,10.4353,0.0248802,1,0.666667,0.00624283,0,0.101091,1
5.46028,11.2786,2.19281,1.7,2,2.02484,3.77451,10.1569,6.85493,12.2066,7.11967,11.7614,3.77451,10.1569,3.49955,10.4609,0.0248399,1,0.666667,-0.000345396,0,0.116657,1
5.39935,11.3579,2.25948,1.7,2,2.0216,3.75268,10.1851,6.76646,12.3316,7.11967,11.7614,3.75268,10.1851,3.46334,10.4773,0.0215983,1,0.666667,-0.0266897,0,0.121453,1
5.33327,11.4329,2.32615,1.7,2,2.01332,3.71022,10.2416,6.69299,12.4309,7.11967,11.7614,3.71022,10.2416,3.41505,10.5271,0.0133219,1,-0.666667,-0.0874111,0,0.0946844,1
5.26652,11.5074,2.26881,1.7,2,2.00284,3.62575,10.3588,6.65686,12.4806,6.65686,12.4806,3.62575,10.3588,3.80574,10.0469,0.0028429,2,-0.666667,-0.0895752,0,0.116985,1
5.20485,11.5861,2.20215,1.7,2,2.00194,3.63104,10.3488,6.53976,12.6355,6.65686,12.4806,3.63104,10.3488,3.81591,10.0341,0.00193977,1,-0.666667,-0.00774271,0,0.116643,1
5.14856,11.6687,2.13548,1.7,2,2.01543,3.63569,10.3371,6.41307,12.7817,6.65686,12.4806,3.63569,10.3371,3.83279,10.0232,0.0154264,1,0.666667,0.137004,0,0.09844,1
5.09322,11.752,2.19015,1.7,2,2.03324,3.64266,10.3272,6.28232,12.9199,6.65686,12.4806,3.64266,10.3272,3.84909,10.0087,0.0332439,1,0.666667,0.15027,0,0.11857,1
5.0325,11.8314,2.25681,1.7,2,2.04812,3.6437,10.3261,6.15261,13.0455,6.65686,12.4806,3.6437,10.3261,3.3144,10.5691,0.0481181,1,0.666667,0.128326,0,0.11591,1
4.96662,11.9066,2.32348,1.7,2,2.05938,3.5393,10.4221,6.1037,13.0893,6.65686,12.4806,3.5393,10.4221,3.77133,10.1261,0.059382,1,0.666667,0.111926,0,0.100636,1
4.89588,11.9772,2.39015,1.7,2,2.06334,3.48724,10.4696,6.01322,13.1732,6.65686,12.4806,3.48724,10.4696,3.72709,10.1812,0.0633383,1,0.666667,0.0346902,0,0.114047,1
4.82059,12.043,2.45681,1.7,2,2.06404,3.48737,10.4673,5.8773,13.2919,6.65686,12.4806,3.48737,10.4673,3.73453,10.1796,0.0640352,1,0.666667,0.0059547,0,0.117033,1
4.74108,12.1037,2.52348,1.7,2,2.06071,3.46064,10.489,5.75967,13.3881,6.65686,12.4806,3.46064,10.489,3.7093,10.1966,0.0607066,1,0.666667,-0.0339386,0,0.0980761,1
4.65771,12.1588,2.59015,1.7,2,2.05467,3.43279,10.5092,5.6386,13.4798,6.65686,12.4806,3.43279,10.5092,3.05177,10.6922,0.0546715,1,0.666667,-0.0493069,0,0.122398,1
4.57085,12.2084,2.65681,1.7,2,2.04711,3.40325,10.5269,5.51361,13.566,6.65686,12.4806,3.40325,10.5269,3.03228,10.7109,0.0471072,1,0.666667,-0.0761101,0,0.0993863,1
4.48089,12.252,2.72348,1.7,2,2.03382,3.34488,10.565,5.41155,13.634,6.65686,12.4806,3.34488,10.565,3.6131,10.2989,0.0338175,1,-0.666667,-0.110504,0,0.120265,1
4.39048,12.2947,2.66748,1.7,2,2.01831,3.25705,10.6247,5.33487,13.6862,6.65686,12.4806,3.25705,10.6247,3.53285,10.3832,0.0183098,1,-0.666667,-0.133394,0,0.116255,1
4.3031,12.3433,2.60081,1.7,2,2.01225,3.26718,10.6181,5.17196,13.7902,6.65686,12.4806,3.26718,10.6181,3.54701,10.372,0.0122511,1,-0.666667,-0.0605515,0,0.100059,1
4.21915,12.3976,2.53415,1.7,2,2.01884,3.27745,10.6118,5.00333,13.8846,6.65686,12.4806,3.27745,10.6118,2.88498,10.7384,0.0188403,1,0.666667,0.0571604,0,0.115275,1
4.13575,12.4527,2.59015,1.7,2,2.03239,3.28985,10.6047,4.82983,13.969,6.65686,12.4806,3.28985,10.6047,2.89947,10.7256,0.0323865,1,0.666667,0.11562,0,0.117161,1
4.04889,12.5022,2.65681,1.7,2,2.04258,3.25815,10.6189,4.69053,14.0304,6.65686,12.4806,3.25815,10.6189,2.86835,10.7372,0.0425787,1,0.666667,0.103394,0,0.0985759,1
3.95893,12.5459,2.72348,1.7,2,2.04942,3.1596,10.6587,4.6027,14.0657,6.65686,12.4806,3.1596,10.6587,3.47492,10.442,0.0494175,1,0.666667,0.0587163,0,0.116472,1
3.86626,12.5834,2.79015,1.7,2,2.04891,3.06119,10.6993,4.51501,14.1017,6.65686,12.4806,3.06119,10.6993,3.38565,10.524,0.0489123,1,0.666667,-0.0044483,0,0.113574,1
3.77129,12.6147,2.85681,1.7,2,2.04455,3.02805,10.71,4.37309,14.1568,6.65686,12.4806,3.02805,10.71,3.35474,10.5332,0.0445457,1,0.666667,-0.0437451,0,0.0998199,1
3.67445,12.6395,2.92348,1.7,2,2.03746,3.02806,10.7073,4.20191,14.2162,6.65686,12.4806,3.02806,10.7073,3.35768,10.5192,0.0374601,1,0.666667,-0.0603596,0,0.117389,1
3.57618,12.6579,2.99015,1.7,2,2.02707,3.02842,10.7062,4.02823,14.2686,6.65686,12.4806,3.02842,10.7062,2.62544,10.7657,0.027071,1,-0.666667,-0.0894773,0,0.116109,1
3.47769,12.6751,2.93548,1.7,2,2.01901,2.99576,10.7145,3.87893,14.3075,3.87893,14.3075,2.99576,10.7145,0.891188,12.1164,0.0190115,2,-0.666667,-0.0796993,0,0.101124,1
3.38056,12.6989,2.86881,1.7,2,2.01981,2.90462,10.7359,3.77648,14.3317,3.87893,14.3075,2.90462,10.7359,0.889528,12.1067,0.0158835,2,0.666667,-0.0271117,0,0.115374,1
3.28371,12.7237,2.92348,1.7,2,2.02416,2.8457,10.7475,3.64634,14.3598,3.87893,14.3075,2.8457,10.7475,0.882392,12.1025,0.00798519,2,-0.666667,-0.0660429,0,0.119594,1
3.18648,12.747,2.87415,1.7,2,2.02813,2.82302,10.7517,3.48609,14.3918,3.87893,14.3075,2.82302,10.7517,0.834277,12.1746,-0.0072899,2,-0.666667,-0.155249,0,0.0983907,1
3.09099,12.7766,2.80748,1.7,2,2.04317,2.83691,10.7493,3.29702,14.4206,3.87893,14.3075,2.83691,10.7493,0.825633,12.1757,-0.0218112,2,-0.666667,-0.129208,0,0.112387,1
2.99768,12.8125,2.74081,1.7,2,2.06933,2.85466,10.7481,3.11038,14.4393,3.87893,14.3075,2.85466,10.7481,0.77701,12.216,-0.0354252,2,-0.666667,-0.11705,0,0.11631,1
2.90697,12.8546,2.67415,1.7,2,2.10723,2.84141,10.7484,2.95652,14.4466,3.87893,14.3075,2.84141,10.7484,0.783895,12.1967,-0.0480934,2,-0.666667,-0.126089,0,0.10047,1
2.81927,12.9026,2.60748,1.7,2,2.07728,0.991947,11.9146,4.24672,13.6743,3.87893,14.3075,0.991947,11.9146,3.06537,10.7076,-0.0597805,2,-0.666667,-0.0993123,0,0.11768,1
2.73495,12.9563,2.54081,1.7,2,2.03076,0.986591,11.9232,4.17207,13.8055,3.87893,14.3075,0.986591,11.9232,3.07403,10.7084,-0.0704544,2,-0.666667,-0.095193,0,0.11213,1
2.65441,13.0155,2.47415,1.7,2,1.99617,0.9757,11.9354,4.08726,13.9375,3.87893,14.3075,0.9757,11.9354,3.09157,10.7147,-0.0800864,2,-0.666667,-0.0968803,0,0.0994218,1
2.57799,13.08,2.40748,1.7,2,1.96981,0.943759,11.9803,4.01342,14.046,3.87893,14.3075,0.943759,11.9803,3.07627,10.7233,-0.0886509,2,-0.666667,-0.0734813,0,0.116553,1
2.50603,13.1494,2.34081,1.7,2,1.95103,0.910162,12.0271,3.93662,14.1556,3.87893,14.3075,0.910162,12.0271,3.06992,10.7298,-0.0961252,2,-0.666667,-0.0642947,0,0.116251,1
2.43886,13.2235,2.27415,1.7,2,1.94253,0.91439,12.0196,3.81811,14.3127,3.87893,14.3075,0.91439,12.0196,3.07234,10.738,-0.10249,2,-0.666667,-0.0634777,0,0.100268,1
2.37677,13.3019,2.20748,1.7,2,1.94645,0.918504,12.0126,3.69053,14.4633,3.87893,14.3075,0.918504,12.0126,2.98618,10.7594,-0.0535547,1,0.666667,0.424048,0,0.1154,1
2.31559,13.3809,2.26215,1.7,2,1.95588,0.923218,12.0073,3.5572,14.6058,3.87893,14.3075,0.923218,12.0073,0.611372,12.2482,-0.0441159,1,-0.666667,0.0776574,0,0.121544,1
2.25354,13.4593,2.20748,1.7,2,1.96912,0.897569,12.0315,3.44546,14.7144,3.87893,14.3075,0.897569,12.0315,0.578334,12.2653,-0.0308826,1,0.666667,0.130156,0,0.101673,1
2.19254,13.5385,2.25948,1.7,2,1.98715,0.848984,12.0744,3.35064,14.8006,3.87893,14.3075,0.848984,12.0744,1.07145,11.7816,-0.012851,1,0.666667,0.155758,0,0.115767,1
2.12646,13.6136,2.32615,1.7,2,1.99854,0.770578,12.1453,3.2808,14.8636,3.2808,14.8636,0.770578,12.1453,1.01207,11.8792,-0.00146031,2,0.666667,0.101264,0,0.112485,1
2.05553,13.684,2.39281,1.7,2,2.00535,0.742497,12.1683,3.16514,14.9649,3.2808,14.8636,0.742497,12.1683,0.986036,11.8972,0.00534964,1,0.666667,0.0678958,0,0.1003,1
1.98007,13.7496,2.45948,1.7,2,2.01107,0.739653,12.1667,3.02179,15.079,3.2808,14.8636,0.739653,12.1667,0.98407,11.8829,0.0110726,1,0.666667,0.0490536,0,0.116668,1
1.9004,13.81,2.52615,1.7,2,2.01154,0.739091,12.1676,2.87519,15.1887,3.2808,14.8636,0.739091,12.1676,0.379782,12.355,0.0115378,1,0.666667,0.00401017,0,0.115994,1
1.81689,13.865,2.59281,1.7,2,2.01103,0.708596,12.1869,2.74769,15.2743,3.2808,14.8636,0.708596,12.1869,0.353201,12.3726,0.0110319,1,0.666667,-0.0050239,0,0.100703,1
1.72989,13.9143,2.65948,1.7,2,2.00563,0.619322,12.2442,2.66812,15.3252,3.2808,14.8636,0.619322,12.2442,0.884825,11.9821,0.00562882,1,-0.666667,-0.0463158,0,0.116657,1
1.64234,13.9626,2.60481,1.7,2,1.99736,0.532514,12.3019,2.58841,15.3782,3.2808,14.8636,0.532514,12.3019,0.811706,12.0753,-0.00263762,1,-0.666667,-0.0718338,0,0.115077,1
1.55817,14.0165,2.53815,1.7,2,1.99914,0.541278,12.2953,2.42334,15.4809,3.2808,14.8636,0.541278,12.2953,0.827055,12.0688,-0.0008564,1,0.666667,0.018198,0,0.0978802,1
1.4745,14.0713,2.59548,1.7,2,2.00835,0.553677,12.2864,2.25011,15.5746,3.2808,14.8636,0.553677,12.2864,0.847781,12.0579,0.00834751,1,0.666667,0.0793638,0,0.115971,1
1.38737,14.1203,2.66215,1.7,2,2.0144,0.521091,12.3017,2.11225,15.6421,3.2808,14.8636,0.521091,12.3017,0.819218,12.0675,0.0144024,1,0.666667,0.0513136,0,0.117998,1
1.29718,14.1634,2.72881,1.7,2,2.01868,0.519759,12.3005,1.94467,15.7151,3.2808,14.8636,0.519759,12.3005,0.131343,12.4121,0.018682,1,0.666667,0.0432909,0,0.0988571,1
1.20431,14.2005,2.79548,1.7,2,2.018,0.421296,12.3406,1.85694,15.7507,3.2808,14.8636,0.421296,12.3406,0.733751,12.1345,0.0180016,1,0.666667,-0.00596064,0,0.114157,1
1.10918,14.2312,2.86215,1.7,2,2.01117,0.355415,12.3667,1.74213,15.797,3.2808,14.8636,0.355415,12.3667,0.671685,12.175,0.0111678,1,-0.666667,-0.0683228,0,0.100022,1
1.01396,14.2618,2.79815,1.7,2,2.00364,0.306442,12.3872,1.61298,15.8488,3.2808,14.8636,0.306442,12.3872,0.628157,12.2157,0.0036428,1,-0.666667,-0.0630563,0,0.119337,1
0.920996,14.2985,2.73148,1.7,2,2.00763,0.317362,12.3838,1.42984,15.9126,3.2808,14.8636,0.317362,12.3838,0.644651,12.1989,0.00763011,1,0.666667,0.0349666,0,0.114032,1
0.828408,14.3363,2.78748,1.7,2,2.02019,0.329789,12.3786,1.24301,15.9641,3.2808,14.8636,0.329789,12.3786,-0.0758827,12.4223,0.0201926,1,0.666667,0.126214,0,0.0995338,1
0.733527,14.3678,2.85415,1.7,2,2.0309,0.295013,12.3848,1.09392,15.9975,3.2808,14.8636,0.295013,12.3848,-0.117784,12.4071,0.0308976,1,0.666667,0.0917338,0,0.116696,1
0.636756,14.3929,2.92081,1.7,2,2.03692,0.22544,12.398,0.972581,16.0218,3.2808,14.8636,0.22544,12.398,-0.19172,12.4075,0.0369241,1,0.666667,0.050264,0,0.119897,1
0.538526,14.4116,2.98748,1.7,2,2.03626,0.12107,12.4186,0.87961,16.04,3.2808,14.8636,0.12107,12.4186,0.4711,12.3014,0.0362616,1,0.666667,-0.00672549,0,0.0985156,1
0.439273,14.4236,3.05415,1.7,2,2.03135,0.0861682,12.4232,0.729329,16.0669,3.2808,14.8636,0.0861682,12.4232,0.438888,12.3038,0.0313549,1,0.666667,-0.0426318,0,0.115094,1
0.339438,14.429,3.12081,1.7,2,2.02624,0.0858086,12.4187,0.548946,16.0896,3.2808,14.8636,0.0858086,12.4187,-0.326745,12.4017,0.0262427,1,0.666667,-0.04369,0,0.11701,1
0.239464,14.4278,-3.0957,1.7,2,2.01403,0.050943,12.4226,0.397278,16.1063,3.2808,14.8636,0.050943,12.4226,-0.360501,12.3854,0.0140288,1,-0.666667,-0.122885,0,0.0993932,1
0.139507,14.4255,3.13148,1.7,2,2.00486,0.0143355,12.4245,0.245342,16.1173,3.2808,14.8636,0.0143355,12.4245,-0.391867,12.3825,0.00486302,1,-0.666667,-0.0773959,0,0.118427,1
0.0396203,14.4298,3.06481,1.7,2,2.00454,-0.0442951,12.4271,0.110597,16.1238,3.2808,14.8636,-0.0442951,12.4271,0.31848,12.3401,0.00453663,1,0.666667,-0.00289649,0,0.112686,1
-0.0602183,14.4352,3.12081,1.7,2,2.00753,-0.101935,12.4281,-0.0250486,16.1273,3.2808,14.8636,-0.101935,12.4281,0.260159,12.3679,0.00752568,1,0.666667,0.0296616,0,0.100772,1
-0.160192,14.4339,-3.0957,1.7,2,2.00761,-0.138152,12.4265,-0.178772,16.1262,3.2808,14.8636,-0.138152,12.4265,0.225268,12.38,0.00761127,1,0.666667,0.000741066,0,0.115499,1
-0.25986,14.426,-3.02904,1.7,2,2.00656,-0.139154,12.4231,-0.36173,16.1164,3.2808,14.8636,-0.139154,12.4231,0.23225,12.3681,0.00655746,1,0.666667,-0.00894604,0,0.117796,1
-0.358779,14.4115,-2.96237,1.7,2,2.00024,-0.175112,12.4197,-0.514855,16.1041,3.2808,14.8636,-0.175112,12.4197,-0.569176,12.3153,0.000241041,1,-0.666667,-0.0638523,0,0.0989224,1
-0.457546,14.396,-3.01837,1.7,2,1.99718,-0.177525,12.4185,-0.696295,16.082,3.2808,14.8636,-0.177525,12.4185,-0.563754,12.328,-0.00282121,1,-0.666667,-0.0250444,0,0.122273,1
-0.557124,14.387,-3.08504,1.7,2,2.00232,-0.304773,12.4006,-0.77108,16.0711,3.2808,14.8636,-0.304773,12.4006,0.0583086,12.4038,0.00232148,1,0.666667,0.0440003,0,0.116878,1
-0.656779,14.3789,-3.0277,1.7,2,2.01046,-0.358743,12.3907,-0.907243,16.0498,3.2808,14.8636,-0.358743,12.3907,0.00272564,12.4107,0.0104566,1,0.666667,0.0802647,0,0.101353,1
-0.755679,14.3642,-2.96104,1.7,2,2.01673,-0.35896,12.3869,-1.0868,16.0146,3.2808,14.8636,-0.35896,12.3869,0.0118287,12.4002,0.0167341,1,0.666667,0.0542433,0,0.11573,1
-0.853382,14.343,-2.89437,1.7,2,2.01859,-0.359417,12.3858,-1.26484,15.9733,3.2808,14.8636,-0.359417,12.3858,-0.736053,12.2209,0.0185933,1,0.666667,0.0160245,0,0.116021,1
-0.949455,14.3153,-2.8277,1.7,2,2.01814,-0.393711,12.3752,-1.41259,15.9322,3.2808,14.8636,-0.393711,12.3752,-0.766052,12.2124,0.0181417,1,0.666667,-0.00458838,0,0.0984149,1
-1.04347,14.2813,-2.76104,1.7,2,2.01519,-0.427303,12.3626,-1.55862,15.8854,3.2808,14.8636,-0.427303,12.3626,-0.793623,12.1873,0.0151851,1,0.666667,-0.0249973,0,0.118278,1
-1.13501,14.2411,-2.69437,1.7,2,2.0066,-0.527483,12.3287,-1.64771,15.855,3.2808,14.8636,-0.527483,12.3287,-0.157262,12.3727,0.00659513,1,-0.666667,-0.0736562,0,0.116623,1
-1.22603,14.1997,-2.7477,1.7,2,1.9952,-0.623809,12.2976,-1.7406,15.825,3.2808,14.8636,-0.623809,12.2976,-0.271219,12.3708,-0.00479913,1,-0.666667,-0.113528,0,0.100365,1
-1.31959,14.1645,-2.81437,1.7,2,1.99457,-0.612987,12.2992,-1.92376,15.7593,3.2808,14.8636,-0.612987,12.2992,-0.256025,12.3766,-0.00543404,1,-0.666667,-0.00557513,0,0.113882,1
-1.41528,14.1355,-2.88104,1.7,2,2.00641,-0.601487,12.3015,-2.10219,15.6835,3.2808,14.8636,-0.601487,12.3015,-0.945274,12.088,0.00641251,1,0.666667,0.0994818,0,0.119082,1
-1.51134,14.1077,-2.8277,1.7,2,2.02447,-0.592739,12.3037,-2.2716,15.6009,3.2808,14.8636,-0.592739,12.3037,-0.93254,12.0871,0.0244749,1,0.666667,0.182849,0,0.0987827,1
-1.60535,14.0737,-2.76104,1.7,2,2.03994,-0.622477,12.2862,-2.40519,15.5284,-2.40519,15.5284,-0.622477,12.2862,-0.962602,12.0723,0.0399411,2,0.666667,0.132749,0,0.116507,1
-1.69689,14.0335,-2.69437,1.7,2,2.05053,-0.714572,12.2336,-2.48708,15.4814,-2.40519,15.5284,-0.714572,12.2336,-1.05321,12.0073,0.045811,2,0.666667,0.0508298,0,0.115482,1
-1.78555,13.9873,-2.6277,1.7,2,2.05399,-0.775879,12.1986,-2.59467,15.4207,-2.40519,15.5284,-0.775879,12.1986,-1.11404,11.9738,0.053992,1,0.666667,0.0810805,0,0.1009,1
-1.87093,13.9353,-2.56104,1.7,2,2.05353,-0.805209,12.1799,-2.7254,15.3427,-2.7254,15.3427,-0.805209,12.1799,-1.14179,11.9603,0.0535328,2,0.666667,-0.0039272,0,0.116927,1
-1.95266,13.8777,-2.49437,1.7,2,2.04998,-0.833672,12.16,-2.85332,15.2602,-2.7254,15.3427,-0.833672,12.16,-1.16672,11.9405,0.0437088,2,0.666667,-0.0844116,0,0.116383,1
-2.03036,13.8148,-2.4277,1.7,2,2.04099,-0.921673,12.1012,-2.93156,15.2077,-2.7254,15.3427,-0.921673,12.1012,-1.25416,11.8841,0.0409904,1,0.666667,-0.0277026,0,0.0981284,1
-2.10371,13.7468,-2.36104,1.7,2,2.02484,-1.03904,12.0245,-2.98451,15.1717,-2.98451,15.1717,-1.03904,12.0245,-0.730464,12.2067,0.0248387,2,-0.666667,-0.139696,0,0.11562,1
-2.17635,13.6781,-2.41704,1.7,2,2.00613,-1.09805,11.9864,-3.08681,15.1065,-2.98451,15.1717,-1.09805,11.9864,-1.42815,11.78,0.00613403,1,-0.666667,-0.157787,0,0.118543,1
-2.25339,13.6144,-2.4837,1.7,2,1.99413,-1.20571,11.9177,-3.14962,15.0659,-3.14962,15.0659,-1.20571,11.9177,-0.908183,12.1042,-0.00587261,2,-0.666667,-0.122998,0,0.0976165,1
-2.33449,13.5559,-2.55037,1.7,2,1.98951,-1.25459,11.885,-3.26294,14.9925,-3.14962,15.0659,-1.25459,11.885,-0.960759,12.0763,-0.0104874,1,-0.666667,-0.0392531,0,0.117566,1
-2.41932,13.503,-2.61704,1.7,2,1.99227,-1.33266,11.8332,-3.35078,14.9343,-3.35078,14.9343,-1.33266,11.8332,-1.03859,12.0252,-0.00772846,2,0.666667,0.0237856,0,0.115994,1
-2.5048,13.4511,-2.5637,1.7,2,1.99773,-1.3845,11.7971,-3.45942,14.8606,-3.35078,14.9343,-1.3845,11.7971,-1.70701,11.5817,-0.00227118,1,0.666667,0.0549818,0,0.0992561,1
-2.58668,13.3938,-2.49704,1.7,2,1.99644,-1.50139,11.7181,-3.51277,14.8236,-3.51277,14.8236,-1.50139,11.7181,-1.20775,11.9114,-0.00356197,2,-0.666667,-0.0110306,0,0.11702,1
-2.66797,13.3356,-2.55304,1.7,2,1.99256,-1.59088,11.6592,-3.59094,14.772,-3.51277,14.8236,-1.59088,11.6592,-1.29673,11.8507,-0.00744081,1,-0.666667,-0.0320938,0,0.120859,1
-2.75293,13.2829,-2.6197,1.7,2,1.99556,-1.66894,11.6074,-3.67879,14.7139,-3.67879,14.7139,-1.66894,11.6074,-1.37452,11.7996,-0.00443792,2,0.666667,0.0306544,0,0.0979594,1
-2.83837,13.2309,-2.56237,1.7,2,2.00097,-1.71404,11.5757,-3.79304,14.6364,-3.67879,14.7139,-1.71404,11.5757,-2.03703,11.3601,0.000972033,1,0.666667,0.0461438,0,0.117241,1
-2.92017,13.1734,-2.4957,1.7,2,1.9995,-1.83098,11.4966,-3.84649,14.5995,-3.84649,14.5995,-1.83098,11.4966,-1.53675,11.6902,-0.000504851,2,-0.666667,-0.0124898,0,0.118247,1
-3.00124,13.1149,-2.54904,1.7,2,1.99525,-1.91599,11.4406,-3.92849,14.5454,-3.84649,14.5995,-1.91599,11.4406,-1.62114,11.6324,-0.0047549,1,-0.666667,-0.0427626,0,0.0993871,1
-3.08599,13.0619,-2.6157,1.7,2,1.99784,-1.99406,11.3888,-4.01632,14.4873,-4.01632,14.4873,-1.99406,11.3888,-1.69901,11.5813,-0.00215912,2,0.666667,0.0222589,0,0.116618,1
-3.17141,13.0099,-2.56237,1.7,2,2.0031,-2.04588,11.3529,-4.12488,14.4136,-4.01632,14.4873,-2.04588,11.3529,-2.36924,11.1371,0.00310421,1,0.666667,0.0534751,0,0.0984257,1
-3.25321,12.9524,-2.4957,1.7,2,2.00162,-2.16286,11.2738,-4.17838,14.3767,-4.17838,14.3767,-2.16286,11.2738,-1.86829,11.4676,0.00161791,2,-0.666667,-0.012697,0,0.11706,1
-3.33442,12.8941,-2.5517,1.7,2,1.99757,-2.25238,11.215,-4.25659,14.3251,-4.17838,14.3767,-2.25238,11.215,-1.95734,11.4069,-0.00242698,1,-0.666667,-0.034185,0,0.118323,1
-3.41932,12.8413,-2.61837,1.7,2,2.00042,-2.33045,11.1632,-4.34443,14.267,-4.34443,14.267,-2.33045,11.1632,-2.03515,11.3558,0.000418901,2,0.666667,0.0284546,0,0.100015,1
-3.50468,12.7892,-2.56104,1.7,2,2.00565,-2.37551,11.1316,-4.45859,14.1895,-4.34443,14.267,-2.37551,11.1316,-2.07961,11.327,0.00565362,1,0.666667,0.0454513,0,0.115172,1
-3.58641,12.7316,-2.49437,1.7,2,2.00399,-2.49253,11.0525,-4.51218,14.1527,-4.51218,14.1527,-2.49253,11.0525,-2.19748,11.2465,0.00399303,2,-0.666667,-0.0142728,0,0.116346,1
-3.66754,12.6732,-2.55037,1.7,2,2.00333,-2.52208,11.0297,-4.63766,14.0652,-4.51218,14.1527,-2.52208,11.0297,-2.22266,11.222,0.00333095,1,0.666667,-0.00668258,0,0.0990767,1
-3.74917,12.6155,-2.49304,1.7,2,2.00711,-2.50908,11.0373,-4.79513,13.9466,-4.79513,13.9466,-2.50908,11.0373,-2.20822,11.2357,0.0071075,2,0.666667,0.0317185,0,0.119065,1
-3.8268,12.5525,-2.42637,1.7,2,2.00748,-2.56402,10.9919,-4.89145,13.8682,-4.79513,13.9466,-2.56402,10.9919,-2.26785,11.1963,0.00748301,1,0.666667,0.00318138,0,0.118034,1
-3.90005,12.4844,-2.3597,1.7,2,2.00126,-2.64609,10.9247,-4.96446,13.8083,-4.96446,13.8083,-2.64609,10.9247,-2.35285,11.1299,0.0012598,2,-0.666667,-0.0632582,0,0.0983777,1
-3.97261,12.4156,-2.4157,1.7,2,1.99424,-2.67506,10.9012,-5.08245,13.7109,-4.96446,13.8083,-2.67506,10.9012,-2.38383,11.1101,-0.00575745,1,-0.666667,-0.0592748,0,0.118385,1
-4.04955,12.3518,-2.48237,1.7,2,1.99961,-2.66628,10.9078,-5.22583,13.5797,-4.96446,13.8083,-2.66628,10.9078,-2.36473,11.1173,-0.000389576,1,0.666667,0.045998,0,0.116698,1
-4.1273,12.2889,-2.42904,1.7,2,2.01195,-2.66002,10.9123,-5.35837,13.4439,-4.96446,13.8083,-2.66002,10.9123,-2.88935,10.5741,0.0119545,1,0.666667,0.123434,0,0.100006,1
-4.20074,12.2211,-2.36237,1.7,2,2.02244,-2.68261,10.8848,-5.45998,13.3295,-4.96446,13.8083,-2.68261,10.8848,-2.38373,11.114,0.0224404,1,0.666667,0.0920062,0,0.113969,1
-4.26949,12.1485,-2.2957,1.7,2,2.02845,-2.72783,10.8302,-5.53989,13.2348,-4.96446,13.8083,-2.72783,10.8302,-2.43247,11.0649,0.0284536,1,0.666667,0.0504045,0,0.119298,1
-4.33325,12.0715,-2.22904,1.7,2,2.02747,-2.7965,10.749,-5.60098,13.1624,-4.96446,13.8083,-2.7965,10.749,-2.53,11.0002,0.0274723,1,0.666667,-0.00979792,0,0.100157,1
-4.39175,11.9904,-2.16237,1.7,2,2.0217,-2.81826,10.721,-5.69797,13.0442,-4.96446,13.8083,-2.81826,10.721,-2.54872,10.9732,0.021697,1,0.666667,-0.0495543,0,0.116543,1
-4.44471,11.9056,-2.0957,1.7,2,2.01544,-2.81574,10.7188,-5.80625,12.8975,-4.96446,13.8083,-2.81574,10.7188,-2.99514,10.347,0.0154364,1,-0.666667,-0.05259,0,0.119046,1
-4.49659,11.8201,-2.14904,1.7,2,2.00669,-2.83553,10.6942,-5.89824,12.7702,-4.96446,13.8083,-2.83553,10.6942,-3.01,10.3267,0.00669241,1,-0.666667,-0.0895646,0,0.0976279,1
-4.55399,11.7383,-2.2157,1.7,2,2.01114,-2.82922,10.7039,-6.00238,12.6068,-4.96446,13.8083,-2.82922,10.7039,-3.00009,10.3415,0.0111418,1,0.666667,0.0380814,0,0.116838,1
-4.61233,11.6571,-2.16104,1.7,2,2.0217,-2.87611,10.6213,-6.05365,12.5169,-4.96446,13.8083,-2.87611,10.6213,-2.63917,10.9068,0.0217006,1,0.666667,0.0900204,0,0.117294,1
-4.66518,11.5722,-2.09437,1.7,2,2.02553,-2.911,10.5595,-6.11533,12.4094,-4.96446,13.8083,-2.911,10.5595,-2.6837,10.851,0.0255303,1,0.666667,0.0385577,0,0.0993244,1
-4.71226,11.484,-2.02771,1.7,2,2.02443,-2.92777,10.528,-6.18923,12.2752,-4.96446,13.8083,-2.92777,10.528,-2.71217,10.8272,0.0244339,1,0.666667,-0.00943096,0,0.116265,1
-4.75335,11.3928,-1.96104,1.7,2,2.02239,-2.94124,10.4949,-6.25654,12.1377,-4.96446,13.8083,-2.94124,10.4949,-2.7246,10.7973,0.0223866,1,0.666667,-0.0175492,0,0.11666,1
-4.78828,11.2992,-1.89437,1.7,2,2.01637,-2.9397,10.4938,-6.33181,11.9716,-4.96446,13.8083,-2.9397,10.4938,-3.03672,10.0935,0.0163715,1,-0.666667,-0.0615415,0,0.09774,1
-4.82237,11.2052,-1.95171,1.7,2,2.01242,-2.94141,10.4897,-6.3997,11.8051,-4.96446,13.8083,-2.94141,10.4897,-3.0449,10.102,0.0124249,1,-0.666667,-0.0334647,0,0.117932,1
-4.86261,11.1136,-2.01837,1.7,2,2.01787,-2.97432,10.4022,-6.43673,11.7067,-4.96446,13.8083,-2.97432,10.4022,-2.77161,10.7206,0.0178673,1,0.666667,0.0461547,0,0.117916,1
-4.90401,11.0226,-1.96504,1.7,2,2.02693,-2.99439,10.3431,-6.48025,11.5835,-4.96446,13.8083,-2.99439,10.3431,-2.83598,10.6733,0.0269277,1,0.666667,0.0932525,0,0.0971597,1
-4.93932,10.9291,-1.89837,1.7,2,2.03469,-2.99115,10.3421,-6.53381,11.4095,-4.96446,13.8083,-2.99115,10.3421,-2.81752,10.6772,0.0346897,1,0.666667,0.06663,0,0.116493,1
-4.96831,10.8334,-1.83171,1.7,2,2.03523,-3.00196,10.3084,-6.57674,11.2628,-4.96446,13.8083,-3.00196,10.3084,-3.02855,9.88945,0.0352311,1,0.666667,0.00458106,0,0.118193,1
-4.99087,10.736,-1.76504,1.7,2,2.03672,-3.00739,10.2734,-6.61067,11.1138,-4.96446,13.8083,-3.00739,10.2734,-3.03448,9.85966,0.0367188,1,0.666667,0.0148313,0,0.10031,1
-5.00689,10.6373,-1.69837,1.7,2,2.03445,-3.01194,10.2383,-6.64009,10.9639,-4.96446,13.8083,-3.01194,10.2383,-3.02011,9.82208,0.0344512,1,0.666667,-0.0190958,0,0.118749,1
-5.0163,10.5378,-1.63171,1.7,2,2.02768,-3.02251,10.1686,-6.66067,10.8422,-4.96446,13.8083,-3.02251,10.1686,-3.02191,9.75256,0.0276754,1,0.666667,-0.0579385,0,0.116949,1
-5.01905,10.4378,-1.56504,1.7,2,2.01388,-3.03999,10.0649,-6.67601,10.75,-4.96446,13.8083,-3.03999,10.0649,-2.93839,10.4135,0.0138838,1,-0.666667,-0.140049,0,0.0984767,1
-5.02091,10.3379,-1.62237,1.7,2,1.99958,-3.0457,10.0266,-6.7006,10.6026,-4.96446,13.8083,-3.0457,10.0266,-2.94088,10.3758,-0.000418425,1,-0.666667,-0.121784,0,0.11744,1
-5.02939,10.2382,-1.68904,1.7,2,1.99932,-3.04022,10.0371,-6.72144,10.4094,-4.96446,13.8083,-3.04022,10.0371,-2.93875,10.3927,-0.000682473,1,-0.666667,-0.00226231,0,0.116716,1
-5.04448,10.1394,-1.75571,1.7,2,2.00641,-3.03885,10.0836,-6.73742,10.1865,-4.96446,13.8083,-3.03885,10.0836,-2.99932,9.68246,0.00641179,1,0.666667,0.0716584,0,0.0990011,1
-5.06047,10.0407,-1.69837,1.7,2,2.02253,-3.03808,10.0651,-6.73782,10.0205,-4.96446,13.8083,-3.03808,10.0651,-2.98334,9.66287,0.0225337,1,0.666667,0.132413,0,0.121754,1
-5.06988,9.94117,-1.63171,1.7,2,2.03541,-3.03455,9.95929,-6.73441,9.92635,-4.96446,13.8083,-3.03455,9.95929,-2.97497,10.3298,0.0354087,1,0.666667,0.110769,0,0.116234,1
-5.07264,9.84123,-1.56504,1.7,2,2.04121,-3.03197,9.8886,-6.73098,9.80273,-4.96446,13.8083,-3.03197,9.8886,-2.98289,10.2599,0.0412138,1,0.666667,0.0582745,0,0.099615,1
-5.06873,9.74132,-1.49837,1.7,2,2.04243,-3.02938,9.85353,-6.72379,9.65025,-4.96446,13.8083,-3.02938,9.85353,-2.9963,10.2255,0.0424318,1,0.666667,0.0100976,0,0.12063,1
-5.05818,9.6419,-1.43171,1.7,2,2.04103,-3.02481,9.81869,-6.71091,9.4982,-4.96446,13.8083,-3.02481,9.81869,-2.99064,10.1947,0.0410342,1,0.666667,-0.0119439,0,0.117014,1
-5.04102,9.5434,-1.36504,1.7,2,2.03736,-3.01795,9.78424,-6.69201,9.34686,-4.96446,13.8083,-3.01795,9.78424,-2.98427,10.1639,0.0373554,1,0.666667,-0.0367118,0,0.100207,1
-5.01734,9.44626,-1.29837,1.7,2,2.02967,-3.01615,9.78505,-6.66424,9.16746,-4.96446,13.8083,-3.01615,9.78505,-2.89966,9.39483,0.0296695,1,0.666667,-0.0659054,0,0.11662,1
-4.98725,9.35092,-1.23171,1.7,2,2.01797,-2.99654,9.68149,-6.64656,9.07538,-4.96446,13.8083,-2.99654,9.68149,-2.99756,10.0527,0.0179653,1,-0.666667,-0.096111,0,0.121778,1
-4.95561,9.25607,-1.28104,1.7,2,2.00296,-2.98071,9.59016,-6.62888,8.97301,-4.96446,13.8083,-2.98071,9.59016,-2.99467,9.9544,0.00295949,1,-0.666667,-0.154719,0,0.0969877,1
-4.93025,9.15936,-1.34771,1.7,2,1.99767,-2.98209,9.60133,-6.5904,8.78273,-4.96446,13.8083,-2.98209,9.60133,-2.99557,9.97191,-0.0023315,1,-0.666667,-0.0441786,0,0.119764,1
-4.91139,9.06117,-1.41437,1.7,2,2.00484,-2.98385,9.61251,-6.54119,8.59499,-4.96446,13.8083,-2.98385,9.61251,-2.80852,9.24376,0.00484061,1,0.666667,0.0742827,0,0.0965515,1
-4.89292,8.96291,-1.35171,1.7,2,2.01671,-2.98102,9.60459,-6.48873,8.42732,-4.96446,13.8083,-2.98102,9.60459,-2.79477,9.24111,0.0167089,1,0.666667,0.101413,0,0.117029,1
-4.86795,8.8661,-1.28504,1.7,2,2.02761,-2.96717,9.57196,-6.43573,8.2839,-4.96446,13.8083,-2.96717,9.57196,-2.75899,9.2142,0.0276141,1,0.666667,0.0956256,0,0.114041,1
-4.83659,8.77116,-1.21837,1.7,2,2.03357,-2.94054,9.5063,-6.39032,8.16875,-4.96446,13.8083,-2.94054,9.5063,-2.71987,9.15173,0.0335727,1,0.666667,0.0596369,0,0.099914,1
-4.79897,8.67853,-1.15171,1.7,2,2.03238,-2.90173,9.40727,-6.3557,8.08058,-4.96446,13.8083,-2.90173,9.40727,-2.99465,9.76319,0.0323815,1,0.666667,-0.00993536,0,0.119889,1
-4.75526,8.58861,-1.08504,1.7,2,2.02659,-2.88746,9.37498,-6.29756,7.93928,-4.96446,13.8083,-2.88746,9.37498,-2.9798,9.73421,0.0265863,1,0.666667,-0.0490452,0,0.118161,1
-4.70566,8.5018,-1.01837,1.7,2,2.02042,-2.88436,9.37643,-6.21971,7.77471,-6.21971,7.77471,-2.88436,9.37643,-2.64737,6.93104,0.020421,2,-0.666667,-0.0615062,0,0.100238,1
-4.65486,8.41568,-1.07037,1.7,2,2.01142,-2.87351,9.3498,-6.1503,7.63149,-6.21971,7.77471,-2.87351,9.3498,-2.66614,6.89914,0.00897089,2,-0.666667,-0.0993231,0,0.115282,1
-4.60984,8.32641,-1.13704,1.7,2,2.01575,-2.86156,9.32978,-6.07061,7.48804,-6.21971,7.77471,-2.86156,9.32978,-2.65724,6.90006,-0.00177463,2,-0.666667,-0.0882154,0,0.12181,1
-4.57087,8.23434,-1.20371,1.7,2,2.03025,-2.8312,9.28098,-6.00163,7.37354,-6.21971,7.77471,-2.8312,9.28098,-2.65328,6.89325,-0.0117029,2,-0.666667,-0.101488,0,0.0978264,1
-4.53811,8.13987,-1.27037,1.7,2,2.05238,-2.80165,9.23393,-5.93212,7.26158,-6.21971,7.77471,-2.80165,9.23393,-2.64999,6.82822,-0.0207842,2,-0.666667,-0.0779916,0,0.11644,1
-4.51173,8.04343,-1.33704,1.7,2,2.08286,-2.79299,9.21998,-5.84616,7.12996,-6.21971,7.77471,-2.79299,9.21998,-2.63563,6.88894,-0.0289919,2,-0.666667,-0.0697543,0,0.117666,1
-4.49182,7.94545,-1.40371,1.7,2,2.09598,-2.58345,7.07871,-5.95227,8.60876,-6.21971,7.77471,-2.58345,7.07871,-2.96387,9.55972,-0.0363021,2,-0.666667,-0.0738106,0,0.0990406,1
-4.47849,7.84637,-1.47037,1.7,2,2.0456,-2.58515,7.07193,-6.00975,8.4727,-6.21971,7.77471,-2.58515,7.07193,-2.96987,9.56684,-0.0426939,2,-0.666667,-0.0546816,0,0.116891,1
-4.47178,7.74661,-1.53704,1.7,2,2.00665,-2.57521,7.09112,-6.07224,8.29975,-6.21971,7.77471,-2.57521,7.09112,-2.95233,9.49048,-0.0481491,2,-0.666667,-0.0476925,0,0.114382,1
-4.47174,7.64663,-1.60371,1.7,2,1.97663,-2.5706,7.10559,-6.1293,8.11835,-6.21971,7.77471,-2.5706,7.10559,-2.93055,9.42673,-0.0526523,2,-0.666667,-0.0453772,0,0.0992383,1
-4.47836,7.54687,-1.67037,1.7,2,1.95791,-2.5762,7.08298,-6.17085,7.95962,-6.21971,7.77471,-2.5762,7.08298,-2.95007,9.45412,-0.0561908,2,-0.666667,-0.0296296,0,0.119425,1
-4.49161,7.44777,-1.73704,1.7,2,1.95046,-2.58048,7.05807,-6.20588,7.79732,-6.21971,7.77471,-2.58048,7.05807,-2.93121,9.40769,-0.0587548,2,-0.666667,-0.0219113,0,0.117019,1
-4.51143,7.34977,-1.80371,1.7,2,1.9516,-2.59155,6.99932,-6.23141,7.66373,-6.21971,7.77471,-2.59155,6.99932,-2.96761,9.44799,-0.0483972,1,-0.666667,0.10322,0,0.100345,1
-4.53774,7.25331,-1.87037,1.7,2,1.96351,-2.58956,7.00842,-6.26067,7.46988,-6.21971,7.77471,-2.58956,7.00842,-2.44781,7.35682,-0.036489,1,0.666667,0.10166,0,0.117137,1
-4.56526,7.15719,-1.81704,1.7,2,1.98322,-2.58714,7.01509,-6.27763,7.2802,-6.21971,7.77471,-2.58714,7.01509,-2.44399,7.37607,-0.016777,1,0.666667,0.171653,0,0.114836,1
-4.58639,7.05947,-1.75037,1.7,2,2.00033,-2.58656,7.01447,-6.28563,7.0977,-6.21971,7.77471,-2.58656,7.01447,-2.50344,6.60573,0.000330687,1,0.666667,0.172279,0,0.0993025,1
-4.60096,6.96055,-1.68371,1.7,2,2.01565,-2.5854,6.97922,-6.28524,6.94495,-6.21971,7.77471,-2.5854,6.97922,-2.49831,6.57201,0.0156476,1,0.666667,0.128506,0,0.119193,1
-4.60891,6.86089,-1.61704,1.7,2,2.02644,-2.5826,6.83791,-6.28236,6.87986,-6.21971,7.77471,-2.5826,6.83791,-2.51354,7.20591,0.0264394,1,0.666667,0.0933012,0,0.115666,1
-4.6102,6.76091,-1.55037,1.7,2,2.03109,-2.58056,6.83782,-6.27791,6.69772,-6.21971,7.77471,-2.58056,6.83782,-2.49249,7.21762,0.0310903,1,0.666667,0.0465454,0,0.0999202,1
-4.60482,6.66108,-1.48371,1.7,2,2.0336,-2.57616,6.80257,-6.26719,6.54513,-6.21971,7.77471,-2.57616,6.80257,-2.51244,7.18237,0.0335956,1,0.666667,0.0210117,0,0.119234,1
-4.59281,6.56182,-1.41704,1.7,2,2.03306,-2.5741,6.80288,-6.248,6.36417,-6.21971,7.77471,-2.5741,6.80288,-2.42827,6.40323,0.0330577,1,0.666667,-0.00431804,0,0.124564,1
-4.57422,6.46358,-1.35037,1.7,2,2.02857,-2.56861,6.76795,-6.22672,6.2128,-6.21971,7.77471,-2.56861,6.76795,-2.39235,6.37325,0.0285716,1,0.666667,-0.0466039,0,0.0962598,1
-4.54912,6.3668,-1.28371,1.7,2,2.02172,-2.55483,6.69871,-6.20463,6.09128,-6.21971,7.77471,-2.55483,6.69871,-2.49723,7.09136,0.0217209,1,-0.666667,-0.0570896,0,0.119999,1
-4.52268,6.27038,-1.33571,1.7,2,2.01232,-2.53778,6.60145,-6.18736,5.99271,-6.21971,7.77471,-2.53778,6.60145,-2.53317,6.97371,0.0123174,1,-0.666667,-0.0826483,0,0.113777,1
-4.50264,6.17243,-1.40237,1.7,2,2.01303,-2.53847,6.61326,-6.14866,5.80299,-6.21971,7.77471,-2.53847,6.61326,-2.53658,6.99283,0.0130324,1,0.666667,0.00719984,0,0.0993102,1
-4.48349,6.0743,-1.34504,1.7,2,2.02125,-2.53991,6.62922,-6.09773,5.61341,-6.21971,7.77471,-2.53991,6.62922,-2.53972,7.0196,0.0212519,1,0.666667,0.0675655,0,0.121652,1
-4.45787,5.97765,-1.27837,1.7,2,2.02888,-2.52563,6.59634,-6.04941,5.46806,-6.21971,7.77471,-2.52563,6.59634,-2.52693,6.99376,0.0288758,1,0.666667,0.0671873,0,0.113473,1
-4.42588,5.88293,-1.21171,1.7,2,2.03026,-2.52512,6.5964,-5.98912,5.29614,-6.21971,7.77471,-2.52512,6.5964,-2.29253,6.24277,0.0302563,1,0.666667,0.0140728,0,0.0980928,1
-4.38764,5.79055,-1.14504,1.7,2,2.02764,-2.47506,6.46385,-5.96511,5.23522,-6.21971,7.77471,-2.47506,6.46385,-2.53826,6.83236,0.0276394,1,0.666667,-0.0218686,0,0.119664,1
-4.34334,5.70092,-1.07837,1.7,2,2.02041,-2.47288,6.46476,-5.89826,5.06593,-6.21971,7.77471,-2.47288,6.46476,-2.5257,6.84615,0.0204141,1,-0.666667,-0.0632458,0,0.114241,1
-4.29823,5.61169,-1.13571,1.7,2,2.01469,-2.45669,6.42885,-5.83868,4.92813,-6.21971,7.77471,-2.45669,6.42885,-2.5254,6.80427,0.014694,1,-0.666667,-0.0574507,0,0.099566,1
-4.25913,5.51967,-1.20237,1.7,2,2.01961,-2.46139,6.43997,-5.75492,4.75394,-6.21971,7.77471,-2.46139,6.43997,-2.17099,6.12274,0.0196075,1,0.666667,0.0408143,0,0.120389,1
-4.22131,5.42711,-1.15037,1.7,2,2.03299,-2.46226,6.44633,-5.66369,4.59138,-6.21971,7.77471,-2.46226,6.44633,-2.16192,6.13977,0.032994,1,0.666667,0.115399,0,0.116001,1
-4.17748,5.33725,-1.08371,1.7,2,2.0426,-2.42495,6.38646,-5.59952,4.4859,-6.21971,7.77471,-2.42495,6.38646,-2.53112,6.76378,0.0425982,1,0.666667,0.0991646,0,0.0968513,1
-4.12777,5.25051,-1.01704,1.7,2,2.0464,-2.40624,6.35689,-5.51886,4.35649,-6.21971,7.77471,-2.40624,6.35689,-2.51252,6.74246,0.0463979,1,0.666667,0.030618,0,0.1241,1
-4.07238,5.16727,-0.950372,1.7,2,2.0465,-2.38677,6.32782,-5.4343,4.22958,-6.21971,7.77471,-2.38677,6.32782,-2.51787,6.69742,0.0465035,1,0.666667,0.0010582,0,0.0998108,1
-4.01158,5.0879,-0.883705,1.7,2,2.04316,-2.36636,6.29941,-5.34572,4.10546,-6.21971,7.77471,-2.36636,6.29941,-2.49892,6.67453,0.0431583,1,0.666667,-0.0279053,0,0.119879,1
-3.94562,5.01276,-0.817038,1.7,2,2.03856,-2.34331,6.27306,-5.2515,3.98561,-6.21971,7.77471,-2.34331,6.27306,-2.47944,6.65184,0.0385649,1,0.666667,-0.0393561,0,0.116713,1
-3.8748,4.94218,-0.750372,1.7,2,2.03045,-2.31954,6.24751,-5.15363,3.86886,-6.21971,7.77471,-2.31954,6.24751,-1.97295,5.99669,0.0304463,1,-0.666667,-0.0813277,0,0.0998262,1
-3.80344,4.87216,-0.809038,1.7,2,2.02101,-2.24725,6.16163,-5.09628,3.8009,-6.21971,7.77471,-2.24725,6.16163,-2.43269,6.48537,0.0210083,1,-0.666667,-0.0812591,0,0.116147,1
-3.73688,4.79755,-0.875705,1.7,2,2.02124,-2.25445,6.17152,-4.96813,3.65638,-6.21971,7.77471,-2.25445,6.17152,-2.44595,6.49987,0.0212381,1,0.666667,0.00191949,0,0.119738,1
-3.67136,4.72202,-0.823705,1.7,2,2.02906,-2.2569,6.1768,-4.83618,3.524,-6.21971,7.77471,-2.2569,6.1768,-2.45886,6.5065,0.0290592,1,0.666667,0.0789245,0,0.0990957,1
-3.60102,4.65097,-0.757038,1.7,2,2.03675,-2.25475,6.17934,-4.70041,3.40288,-6.21971,7.77471,-2.25475,6.17934,-1.88179,5.97614,0.0367506,1,0.666667,0.0662616,0,0.116076,1
-3.5261,4.58477,-0.690372,1.7,2,2.03831,-2.25567,6.17874,-4.56178,3.28532,-6.21971,7.77471,-2.25567,6.17874,-1.89731,5.97316,0.0383139,1,0.666667,0.013362,0,0.116997,1
-3.44693,4.5237,-0.623705,1.7,2,2.0372,-2.14465,6.09031,-4.50988,3.24501,-6.21971,7.77471,-2.14465,6.09031,-2.38395,6.38461,0.0371995,1,0.666667,-0.0112,0,0.0994969,1
-3.36387,4.46805,-0.557038,1.7,2,2.03023,-2.11628,6.06972,-4.38996,3.15075,-6.21971,7.77471,-2.11628,6.06972,-2.35819,6.36616,0.0302339,1,0.666667,-0.0593068,0,0.117451,1
-3.27729,4.41805,-0.490372,1.7,2,2.02,-2.11588,6.07079,-4.24321,3.0435,-6.21971,7.77471,-2.11588,6.07079,-1.74749,5.8904,0.020004,1,-0.666667,-0.0865831,0,0.11815,1
-3.19014,4.36904,-0.545038,1.7,2,2.01194,-2.08764,6.05201,-4.11517,2.95699,-6.21971,7.77471,-2.08764,6.05201,-1.72452,5.87467,0.0119395,1,-0.666667,-0.0811336,0,0.0993979,1
-3.10642,4.31439,-0.611705,1.7,2,2.01455,-2.09768,6.05819,-3.95038,2.85546,-6.21971,7.77471,-2.09768,6.05819,-1.73781,5.88612,0.0145533,1,0.666667,0.0222595,0,0.117423,1
-3.02327,4.25887,-0.555705,1.7,2,2.02478,-2.04659,6.03253,-3.83133,2.79143,-6.21971,7.77471,-2.04659,6.03253,-1.67542,5.87433,0.0247819,1,0.666667,0.086436,0,0.118338,1
-2.93662,4.20899,-0.489038,1.7,2,2.02972,-1.9831,6.00079,-3.72128,2.73449,-6.21971,7.77471,-1.9831,6.00079,-1.61352,5.84172,0.0297153,1,0.666667,0.0505502,0,0.0975933,1
-2.84684,4.16499,-0.422372,1.7,2,2.03098,-1.98208,6.00267,-3.55748,2.65482,-3.55748,2.65482,-1.98208,6.00267,-1.61931,5.84218,0.0309837,2,0.666667,0.0108666,0,0.116724,1
-2.75433,4.12707,-0.355705,1.7,2,2.02878,-1.94924,5.98926,-3.41753,2.59307,-3.55748,2.65482,-1.94924,5.98926,-1.58752,5.83239,0.0229326,2,-0.666667,-0.0687619,0,0.117086,1
-2.66143,4.09009,-0.411705,1.7,2,2.02538,-1.85093,5.94623,-3.33158,2.5554,-3.55748,2.65482,-1.85093,5.94623,-1.49279,5.78483,0.0253775,1,0.666667,0.0245583,0,0.0995539,1
-2.56886,4.05232,-0.354372,1.7,2,2.0243,-1.7357,5.89722,-3.25855,2.52514,-3.25855,2.52514,-1.7357,5.89722,-2.05887,6.05248,0.0243022,2,0.666667,-0.00922553,0,0.116553,1
-2.47399,4.02077,-0.287705,1.7,2,2.01696,-1.67023,5.87067,-3.14468,2.47714,-3.25855,2.52514,-1.67023,5.87067,-1.3144,5.70896,0.0169616,1,-0.666667,-0.0624029,0,0.117634,1
-2.37876,3.99031,-0.342372,1.7,2,2.00619,-1.54309,5.81417,-3.0843,2.45045,-3.0843,2.45045,-1.54309,5.81417,-1.86464,5.9617,0.00619411,2,-0.666667,-0.109112,0,0.0986827,1
-2.28575,3.95363,-0.409038,1.7,2,2.00143,-1.4578,5.77577,-2.98842,2.40721,-3.0843,2.45045,-1.4578,5.77577,-1.78007,5.91795,0.00142598,1,-0.666667,-0.0402083,0,0.118586,1
-2.19539,3.91083,-0.475705,1.7,2,2.00383,-1.37219,5.73776,-2.8922,2.3644,-2.8922,2.3644,-1.37219,5.73776,-1.69513,5.87976,0.00383139,2,0.666667,0.0207384,0,0.115988,1
-2.10553,3.86699,-0.421038,1.7,2,2.00983,-1.31623,5.71535,-2.7693,2.31261,-2.8922,2.3644,-1.31623,5.71535,-0.957901,5.56051,0.0098269,1,0.666667,0.0604336,0,0.0992082,1
-2.01297,3.82919,-0.354372,1.7,2,2.00984,-1.18576,5.66091,-2.70861,2.28883,-2.70861,2.28883,-1.18576,5.66091,-1.5096,5.8034,0.00984383,2,0.666667,0.000145582,0,0.116276,1
-1.9181,3.79764,-0.287705,1.7,2,2.00251,-1.1201,5.63428,-2.59455,2.24075,-2.70861,2.28883,-1.1201,5.63428,-0.76683,5.47372,0.0025053,1,-0.666667,-0.0628031,0,0.11685,1
-1.8229,3.76707,-0.343705,1.7,2,1.99182,-0.99081,5.57675,-2.53651,2.21508,-2.53651,2.21508,-0.99081,5.57675,-1.30999,5.72316,-0.00818074,2,-0.666667,-0.106633,0,0.100213,1
-1.72995,3.73026,-0.410372,1.7,2,1.9872,-0.937145,5.55247,-2.41327,2.15967,-2.53651,2.21508,-0.937145,5.55247,-0.585869,5.39411,-0.012796,1,-0.666667,-0.0395767,0,0.116617,1
-1.63965,3.68734,-0.477038,1.7,2,1.98976,-0.819804,5.50035,-2.34432,2.12902,-2.34432,2.12902,-0.819804,5.50035,-1.14041,5.6413,-0.0102389,2,-0.666667,0.021806,0,0.117268,1
-1.55241,3.63849,-0.543705,1.7,2,1.99964,-0.7662,5.47709,-2.22094,2.07507,-2.34432,2.12902,-0.7662,5.47709,-1.09018,5.61663,-0.000363588,1,0.666667,0.0993623,0,0.0993867,1
-1.46567,3.58876,-0.487705,1.7,2,2.01281,-0.681025,5.44234,-2.12338,2.03505,-2.12338,2.03505,-0.681025,5.44234,-0.322486,5.2872,0.0128107,2,0.666667,0.112593,0,0.117008,1
-1.37583,3.54488,-0.421038,1.7,2,2.01999,-0.582542,5.40258,-2.03561,1.99984,-2.12338,2.03505,-0.582542,5.40258,-0.222397,5.24697,0.0152395,2,0.666667,0.0208045,0,0.116743,1
-1.28327,3.50708,-0.354372,1.7,2,2.02001,-0.451874,5.34807,-1.97472,1.97598,-2.12338,2.03505,-0.451874,5.34807,-0.777353,5.49127,0.0200119,1,0.666667,0.0479083,0,0.0996158,1
-1.1884,3.47553,-0.287705,1.7,2,2.01267,-0.38635,5.32149,-1.8608,1.92796,-1.8608,1.92796,-0.38635,5.32149,-0.0312832,5.16012,0.0126669,2,-0.666667,-0.0622842,0,0.117926,1
-1.09321,3.44495,-0.343705,1.7,2,2.002,-0.25686,5.26389,-1.80256,1.90222,-1.8608,1.92796,-0.25686,5.26389,-0.577672,5.41103,-0.000137039,2,-0.666667,-0.106988,0,0.119677,1
-1.00025,3.40814,-0.410372,1.7,2,1.99738,-0.203387,5.23968,-1.67951,1.84689,-1.8608,1.92796,-0.203387,5.23968,0.149692,5.08052,-0.00262177,1,-0.666667,-0.0247506,0,0.100391,1
-0.909947,3.36522,-0.477038,1.7,2,1.99994,-0.0859117,5.18751,-1.61042,1.81618,-1.61042,1.81618,-0.0859117,5.18751,-0.408157,5.32917,-6.22272e-05,2,0.666667,0.0220222,0,0.116226,1
-0.820196,3.32116,-0.423705,1.7,2,2.00618,-0.0274098,5.16406,-1.48954,1.76521,-1.61042,1.81618,-0.0274098,5.16406,-0.351917,5.30573,0.00618291,1,0.666667,0.0524374,0,0.119097,1
-0.727736,3.28312,-0.357039,1.7,2,2.00646,0.0709564,5.12376,-1.40187,1.72953,-1.40187,1.72953,0.0709564,5.12376,-0.253386,5.26549,0.00646377,2,0.666667,0.00287822,0,0.0975801,1
-0.632948,3.25131,-0.290372,1.7,2,1.9994,0.168699,5.08297,-1.3148,1.69339,-1.40187,1.72953,0.168699,5.08297,0.521602,4.9226,-0.000603199,1,-0.666667,-0.0603954,0,0.117012,1
-0.537799,3.2206,-0.345039,1.7,2,1.98892,0.295494,5.02654,-1.25468,1.66694,-1.25468,1.66694,0.295494,5.02654,-0.0231567,5.17266,-0.0110778,2,-0.666667,-0.0902004,0,0.116125,1
-0.44489,3.18366,-0.411705,1.7,2,1.98444,0.349232,5.00228,-1.13142,1.61145,-1.25468,1.66694,0.349232,5.00228,0.700122,4.84413,-0.0155646,1,-0.666667,-0.0449846,0,0.0997407,1
-0.354647,3.14062,-0.478372,1.7,2,1.98717,0.466539,4.95018,-1.06247,1.58088,-1.06247,1.58088,0.466539,4.95018,0.146418,5.09089,-0.0128338,2,-0.666667,0.0234131,0,0.116632,1
-0.267472,3.09167,-0.545038,1.7,2,1.99717,0.520212,4.92695,-0.939068,1.52687,-1.06247,1.58088,0.520212,4.92695,0.196696,5.06623,-0.00282824,1,0.666667,0.0852789,0,0.117328,1
-0.180802,3.04182,-0.489038,1.7,2,2.01048,0.605401,4.8922,-0.841493,1.48684,-0.841493,1.48684,0.605401,4.8922,0.963635,4.73724,0.0104804,2,0.666667,0.133189,0,0.099923,1
-0.0910235,2.99782,-0.422372,1.7,2,2.01782,0.703888,4.85246,-0.753713,1.45167,-0.841493,1.48684,0.703888,4.85246,0.377435,4.99506,0.0129133,2,0.666667,0.0209158,0,0.116317,1
0.00148676,2.95989,-0.355705,1.7,2,2.018,0.802302,4.81219,-0.665993,1.416,-0.841493,1.48684,0.802302,4.81219,0.476024,4.95479,0.0179992,1,0.666667,0.0435253,0,0.11685,1
0.0963179,2.92822,-0.289039,1.7,2,2.01078,0.900072,4.77137,-0.578902,1.37982,-0.578902,1.37982,0.900072,4.77137,1.2549,4.61013,0.0107796,2,-0.666667,-0.0724781,0,0.0996101,1
0.191431,2.8974,-0.346372,1.7,2,2.00035,1.03193,4.7126,-0.522724,1.35506,-0.578902,1.37982,1.03193,4.7126,0.711514,4.85948,-0.00189929,2,-0.666667,-0.104764,0,0.121023,1
0.284292,2.86034,-0.413038,1.7,2,1.99599,1.08548,4.68848,-0.399691,1.29963,-0.578902,1.37982,1.08548,4.68848,0.764417,4.83506,-0.00400615,1,-0.666667,-0.017482,0,0.120516,1
0.374477,2.81718,-0.479705,1.7,2,1.9989,1.20294,4.63632,-0.330558,1.26906,-0.330558,1.26906,1.20294,4.63632,0.880989,4.7778,-0.00109756,2,0.666667,0.0297544,0,0.0977531,1
0.464163,2.77298,-0.425038,1.7,2,2.00533,1.25907,4.61404,-0.207598,1.21714,-0.330558,1.26906,1.25907,4.61404,0.934759,4.75554,0.00532794,1,0.666667,0.0557994,0,0.115154,1
0.556572,2.73482,-0.358372,1.7,2,2.00573,1.35742,4.57372,-0.119922,1.18146,-0.119922,1.18146,1.35742,4.57372,1.03327,4.71532,0.00572801,2,0.666667,0.0032365,0,0.123611,1
0.651318,2.70289,-0.291705,1.7,2,2.00177,1.39191,4.56262,0.0230262,1.12515,-0.119922,1.18146,1.39191,4.56262,1.06696,4.70752,0.00176644,1,-0.666667,-0.039421,0,0.100494,1
0.746425,2.67205,-0.346372,1.7,2,1.99855,1.392,4.56346,0.196819,1.06181,-0.119922,1.18146,1.392,4.56346,1.06436,4.71496,-0.00145125,1,-0.666667,-0.0280534,0,0.114699,1
0.839285,2.63499,-0.413038,1.7,2,2.004,1.48065,4.53358,0.296492,1.02819,0.296492,1.02819,1.48065,4.53358,1.15014,4.67462,0.00399852,2,0.666667,0.0460872,0,0.118249,1
0.931716,2.59687,-0.358372,1.7,2,2.01461,1.50502,4.52818,0.452099,0.981159,0.296492,1.02819,1.50502,4.52818,1.16765,4.65694,0.0146079,1,0.666667,0.10779,0,0.0984264,1
1.02646,2.56494,-0.291705,1.7,2,2.02391,1.50627,4.53115,0.629113,0.936628,0.296492,1.02819,1.50627,4.53115,1.16296,4.66796,0.0239079,1,0.666667,0.0777561,0,0.119605,1
1.12313,2.53939,-0.225039,1.7,2,2.03131,1.54178,4.52709,0.779208,0.906528,0.296492,1.02819,1.54178,4.52709,1.19347,4.66676,0.0313098,1,0.666667,0.0634613,0,0.116637,1
1.22128,2.52034,-0.158372,1.7,2,2.03298,1.5419,4.52788,0.958364,0.874186,0.296492,1.02819,1.5419,4.52788,1.18635,4.68185,0.03298,1,0.666667,0.0166973,0,0.100023,1
1.32048,2.50787,-0.0917052,1.7,2,2.03284,1.61233,4.51966,1.08112,0.85799,0.296492,1.02819,1.61233,4.51966,1.25519,4.65007,0.0328438,1,0.666667,-0.00116098,0,0.117261,1
1.42029,2.50204,-0.0250385,1.7,2,2.02677,1.68255,4.51177,1.20378,0.84288,0.296492,1.02819,1.68255,4.51177,1.32481,4.63315,0.0267713,1,0.666667,-0.0512514,0,0.118485,1
1.52027,2.50287,0.0416281,1.7,2,2.0168,1.68254,4.51314,1.38483,0.825132,0.296492,1.02819,1.68254,4.51314,1.31793,4.64934,0.0168037,1,-0.666667,-0.101514,0,0.0981895,1
1.62023,2.5046,-0.0157052,1.7,2,2.00819,1.72183,4.51022,1.53464,0.814961,0.296492,1.02819,1.72183,4.51022,1.35545,4.63038,0.00819421,1,-0.666667,-0.071514,0,0.12039,1
1.72009,2.4997,-0.0823719,1.7,2,2.01128,1.74536,4.51082,1.69888,0.811111,0.296492,1.02819,1.74536,4.51082,1.37462,4.61394,0.0112777,1,0.666667,0.0308485,0,0.099955,1
1.81993,2.49428,-0.0210385,1.7,2,2.02084,1.75665,4.51413,1.87251,0.815943,0.296492,1.02819,1.75665,4.51413,1.3786,4.60783,0.0208423,1,0.666667,0.0799079,0,0.119696,1
1.9199,2.49551,0.0456281,1.7,2,2.0255,1.82752,4.5189,1.99628,0.82275,0.296492,1.02819,1.82752,4.5189,1.4497,4.59665,0.0255017,1,0.666667,0.0409855,0,0.113685,1
2.01957,2.50339,0.112295,1.7,2,2.02495,1.86303,4.52228,2.14907,0.833357,0.296492,1.02819,1.86303,4.52228,1.48564,4.57783,0.0249517,1,0.666667,-0.0055371,0,0.0993356,1
2.1185,2.5179,0.178961,1.7,2,2.02217,1.89822,4.52803,2.30126,0.850051,0.296492,1.02819,1.89822,4.52803,1.51663,4.58234,0.0221655,1,0.666667,-0.0237706,0,0.11721,1
2.21623,2.53897,0.245628,1.7,2,2.01671,1.93301,4.53569,2.45263,0.872362,0.296492,1.02819,1.93301,4.53569,1.5478,4.58728,0.0167112,1,-0.666667,-0.0457702,0,0.119167,1
2.31372,2.56115,0.190961,1.7,2,2.01164,1.93191,4.53623,2.63417,0.903484,0.296492,1.02819,1.93191,4.53623,2.31593,4.70726,0.0116415,1,-0.666667,-0.0500673,0,0.101258,1
2.41247,2.57685,0.124295,1.7,2,2.01728,1.98887,4.54915,2.76581,0.931645,0.296492,1.02819,1.98887,4.54915,1.59637,4.58448,0.0172803,1,0.666667,0.0480945,0,0.117245,1
2.51142,2.59117,0.176295,1.7,2,2.02704,2.01757,4.55713,2.919,0.96862,0.296492,1.02819,2.01757,4.55713,1.63926,4.54084,0.0270386,1,0.666667,0.0844037,0,0.115614,1
2.60921,2.61198,0.242961,1.7,2,2.03357,2.0514,4.56754,3.06632,1.00946,0.296492,1.02819,2.0514,4.56754,1.66603,4.55262,0.033565,1,0.666667,0.0650531,0,0.100325,1
2.7054,2.63925,0.309628,1.7,2,2.03858,2.05045,4.56976,3.23918,1.06591,0.296492,1.02819,2.05045,4.56976,1.64534,4.57226,0.0385804,1,0.666667,0.0428093,0,0.117156,1
2.79956,2.67287,0.376295,1.7,2,2.04021,2.08306,4.58313,3.38246,1.1188,0.296492,1.02819,2.08306,4.58313,1.68598,4.55884,0.0402062,1,0.666667,0.0140001,0,0.116126,1
2.89127,2.71269,0.442961,1.7,2,2.03818,2.11525,4.59736,3.52399,1.17604,0.296492,1.02819,2.11525,4.59736,1.71274,4.57122,0.0381787,1,0.666667,-0.0202698,0,0.100026,1
2.98012,2.75853,0.509628,1.7,2,2.03136,2.1799,4.62564,3.63745,1.22482,0.296492,1.02819,2.1799,4.62564,1.79056,4.57641,0.031364,1,0.666667,-0.0584257,0,0.116639,1
3.06572,2.81019,0.576295,1.7,2,2.0188,2.21193,4.63956,3.77674,1.28675,0.296492,1.02819,2.21193,4.63956,1.81948,4.58875,0.0188015,1,-0.666667,-0.107484,0,0.116878,1
3.15079,2.86272,0.520295,1.7,2,2.00854,2.24486,4.65536,3.91371,1.35309,0.296492,1.02819,2.24486,4.65536,1.86347,4.58287,0.00854397,1,-0.666667,-0.102724,0,0.0998544,1
3.23915,2.90951,0.453628,1.7,2,2.01095,2.26451,4.66848,4.05778,1.4321,0.296492,1.02819,2.26451,4.66848,1.89032,4.57572,0.0109518,1,0.666667,0.0206619,0,0.116533,1
3.32804,2.95528,0.508295,1.7,2,2.01904,2.22476,4.64623,4.24658,1.54748,0.296492,1.02819,2.22476,4.64623,2.51191,4.96287,0.0190439,1,0.666667,0.0689783,0,0.117315,1
3.41372,3.00682,0.574961,1.7,2,2.02381,2.31317,4.70524,4.32523,1.60014,0.296492,1.02819,2.31317,4.70524,1.94508,4.5849,0.0238142,1,0.666667,0.0480717,0,0.0992327,1
3.49576,3.06396,0.641628,1.7,2,2.02283,2.3424,4.72576,4.45204,1.68613,0.296492,1.02819,2.3424,4.72576,1.98898,4.58329,0.0228286,1,0.666667,-0.00808518,0,0.121905,1
3.57382,3.12644,0.708295,1.7,2,2.01823,2.37101,4.74708,4.57611,1.77597,0.296492,1.02819,2.37101,4.74708,2.01382,4.60257,0.0182323,1,0.666667,-0.040458,0,0.113605,1
3.64755,3.19397,0.774961,1.7,2,2.01266,2.39733,4.77124,4.69567,1.87165,0.296492,1.02819,2.39733,4.77124,2.03843,4.62252,0.0126648,1,-0.666667,-0.0562431,0,0.0989908,1
3.72057,3.26226,0.718961,1.7,2,2.00771,2.3983,4.77304,4.83512,1.98882,0.296492,1.02819,2.3983,4.77304,2.63863,5.12173,0.00770617,1,-0.666667,-0.041697,0,0.118921,1
3.79796,3.32557,0.652295,1.7,2,2.01334,2.4153,4.78904,4.95628,2.09954,0.296492,1.02819,2.4153,4.78904,2.64017,5.15182,0.0133364,1,0.666667,0.047745,0,0.117923,1
3.87622,3.38779,0.704295,1.7,2,2.02334,2.46175,4.83458,5.04833,2.1889,0.296492,1.02819,2.46175,4.83458,2.14842,4.62692,0.0233436,1,0.666667,0.0994113,0,0.100664,1
3.95021,3.45503,0.770961,1.7,2,2.02978,2.48587,4.86063,5.15516,2.29843,0.296492,1.02819,2.48587,4.86063,2.16625,4.65053,0.029778,1,0.666667,0.056086,0,0.114725,1
4.01956,3.52705,0.837628,1.7,2,2.03514,2.4838,4.86243,5.27591,2.43464,0.296492,1.02819,2.4838,4.86243,2.14124,4.656,0.0351377,1,0.666667,0.0450897,0,0.118866,1
4.08396,3.60353,0.904295,1.7,2,2.0368,2.48306,4.86277,5.39122,2.57527,0.296492,1.02819,2.48306,4.86277,2.66806,5.24317,0.036798,1,0.666667,0.0168731,0,0.098402,1
4.14312,3.68414,0.970961,1.7,2,2.03617,2.50355,4.89153,5.48288,2.69753,0.296492,1.02819,2.50355,4.89153,2.68468,5.2684,0.0361686,1,0.666667,-0.00537319,0,0.117142,1
4.19678,3.7685,1.03763,1.7,2,2.0309,2.56524,4.97791,5.53765,2.77455,0.296492,1.02819,2.56524,4.97791,2.2623,4.73503,0.0309033,1,0.666667,-0.0437112,0,0.120455,1
4.2447,3.85625,1.10429,1.7,2,2.01978,2.58472,5.0069,5.6256,2.89904,0.296492,1.02819,2.58472,5.0069,2.28122,4.76054,0.0197847,1,-0.666667,-0.11332,0,0.0981176,1
4.29161,3.94454,1.04963,1.7,2,2.01023,2.60303,5.0353,5.711,3.02767,0.296492,1.02819,2.60303,5.0353,2.31878,4.77631,0.0102301,1,-0.666667,-0.0816637,0,0.117,1
4.34425,4.02954,0.982961,1.7,2,2.01131,2.59682,5.02548,5.81138,3.19337,0.296492,1.02819,2.59682,5.02548,2.30903,4.75748,0.0113146,1,0.666667,0.00911061,0,0.119044,1
4.39807,4.11381,1.03496,1.7,2,2.02121,2.59239,5.02202,5.89783,3.35946,0.296492,1.02819,2.59239,5.02202,2.67068,5.44895,0.0212126,1,0.666667,0.100656,0,0.0983348,1
4.44622,4.20143,1.10163,1.7,2,2.02822,2.62143,5.08677,5.95031,3.47168,0.296492,1.02819,2.62143,5.08677,2.3502,4.79776,0.028224,1,0.666667,0.0592642,0,0.118308,1
4.48843,4.29206,1.16829,1.7,2,2.02873,2.6507,5.15143,6.00235,3.58412,0.296492,1.02819,2.6507,5.15143,2.42528,4.84727,0.0287304,1,0.666667,0.00438589,0,0.115461,1
4.52451,4.38531,1.23496,1.7,2,2.02723,2.6618,5.18529,6.06153,3.72521,0.296492,1.02819,2.6618,5.18529,2.4363,4.87671,0.0272281,1,0.666667,-0.0150764,0,0.0996439,1
4.55429,4.48075,1.30163,1.7,2,2.02166,2.65971,5.18618,6.12715,3.89511,0.296492,1.02819,2.65971,5.18618,2.413,4.87462,0.0216558,1,0.666667,-0.0471924,0,0.118077,1
4.57765,4.57797,1.36829,1.7,2,2.01451,2.66839,5.2206,6.17508,4.04029,0.296492,1.02819,2.66839,5.2206,2.69468,5.64776,0.0145147,1,-0.666667,-0.0608151,0,0.117423,1
4.5999,4.67544,1.31363,1.7,2,2.00679,2.6781,5.25328,6.2214,4.1879,0.296492,1.02819,2.6781,5.25328,2.69977,5.67451,0.00679183,1,-0.666667,-0.0776828,0,0.0994152,1
4.62854,4.77123,1.24696,1.7,2,2.00779,2.70397,5.34331,6.2506,4.28908,0.296492,1.02819,2.70397,5.34331,2.53984,5.01122,0.00779176,1,0.666667,0.00856895,0,0.116692,1
4.65827,4.86669,1.30163,1.7,2,2.01463,2.69867,5.33434,6.29761,4.47547,6.29761,4.47547,2.69867,5.33434,3.85473,7.25745,0.0146253,2,0.666667,0.058227,0,0.117361,1
4.68163,4.96391,1.36829,1.7,2,2.02106,2.69508,5.33578,6.33191,4.65499,6.29761,4.47547,2.69508,5.33578,3.94117,7.32709,0.0118191,2,0.666667,-0.0280952,0,0.0998831,1
4.69847,5.06246,1.43496,1.7,2,2.02277,2.69432,5.33639,6.36024,4.83533,6.29761,4.47547,2.69432,5.33639,3.91718,7.30385,-0.00347351,2,-0.666667,-0.129147,0,0.118412,1
4.71417,5.1612,1.38029,1.7,2,2.02673,2.69823,5.37007,6.37853,4.98877,6.29761,4.47547,2.69823,5.37007,3.99538,7.3623,-0.0255485,2,-0.666667,-0.225139,0,0.0980507,1
4.73636,5.25869,1.31363,1.7,2,2.03979,2.70678,5.46252,6.38826,5.0928,6.29761,4.47547,2.70678,5.46252,3.99674,7.37484,-0.0466917,2,-0.666667,-0.175764,0,0.120293,1
4.765,5.35448,1.24696,1.7,2,2.06148,2.70749,5.48229,6.40037,5.2529,6.29761,4.47547,2.70749,5.48229,4.03175,7.43141,-0.0667934,2,-0.666667,-0.172307,0,0.116662,1
4.79995,5.44816,1.18029,1.7,2,2.03216,3.79539,7.21466,5.62442,3.99835,6.29761,4.47547,3.79539,7.21466,2.65635,5.19916,-0.0858009,2,-0.666667,-0.190125,0,0.099974,1
4.84107,5.53929,1.11363,1.7,2,1.97671,3.7701,7.20073,5.77475,4.09085,6.29761,4.47547,3.7701,7.20073,2.64782,5.16021,-0.103666,2,-0.666667,-0.148331,0,0.120439,1
4.88817,5.62748,1.04696,1.7,2,1.92928,3.78196,7.20812,5.90347,4.17675,6.29761,4.47547,3.78196,7.20812,2.66254,5.19542,-0.120343,2,-0.666667,-0.132903,0,0.125486,1
4.94104,5.71234,0.980295,1.7,2,1.89305,3.77123,7.20069,6.05765,4.29169,6.29761,4.47547,3.77123,7.20069,2.67269,5.1817,-0.135793,2,-0.666667,-0.158376,0,0.0975489,1
4.99944,5.79349,0.913628,1.7,2,1.86883,3.76486,7.19647,6.20914,4.41879,6.29761,4.47547,3.76486,7.19647,2.69442,5.24662,-0.149977,2,-0.666667,-0.119044,0,0.119151,1
5.06313,5.87057,0.846961,1.7,2,1.8539,3.83404,7.25848,6.28704,4.4885,6.29761,4.47547,3.83404,7.25848,2.69439,5.21245,-0.162862,2,-0.666667,-0.112849,0,0.114185,1
5.1318,5.94324,0.780295,1.7,2,1.84604,3.87971,7.29976,6.38926,4.5809,6.29761,4.47547,3.87971,7.29976,2.71174,5.26265,-0.153958,1,-0.666667,0.0882979,0,0.100844,1
5.20516,6.01117,0.713628,1.7,2,1.84947,3.87729,7.29852,6.5338,4.72307,6.29761,4.47547,3.87729,7.29852,3.60694,7.09374,-0.150533,1,-0.666667,0.0289583,0,0.118278,1
5.28289,6.07406,0.646961,1.7,2,1.86553,3.8735,7.29628,6.6688,4.87218,6.29761,4.47547,3.8735,7.29628,3.60801,7.07772,-0.134468,1,-0.666667,0.131945,0,0.121758,1
5.36463,6.13163,0.580295,1.7,2,1.89339,3.86758,7.29084,6.79306,5.02555,6.29761,4.47547,3.86758,7.29084,4.05028,7.63045,-0.106609,1,0.666667,0.292395,0,0.0952774,1
5.44702,6.18826,0.634961,1.7,2,1.92721,3.86104,7.28316,6.90593,5.1811,6.29761,4.47547,3.86104,7.28316,4.03895,7.62712,-0.0727905,1,0.666667,0.291117,0,0.116168,1
5.5255,6.25022,0.701628,1.7,2,1.95683,3.93838,7.39488,6.93932,5.23054,6.29761,4.47547,3.93838,7.39488,3.69772,7.13379,-0.0431653,1,0.666667,0.253338,0,0.11694,1
5.59967,6.31726,0.768295,1.7,2,1.97938,3.97786,7.45202,7.00946,5.33084,6.29761,4.47547,3.97786,7.45202,3.74511,7.18127,-0.0206221,1,0.666667,0.225609,0,0.0999216,1
5.66921,6.38909,0.834961,1.7,2,1.99997,3.97611,7.45366,7.10839,5.48418,6.29761,4.47547,3.97611,7.45366,3.72832,7.17959,-2.99215e-05,1,0.666667,0.170615,0,0.120694,1
5.73381,6.4654,0.901628,1.7,2,2.01672,3.97579,7.4536,7.20116,5.6406,6.29761,4.47547,3.97579,7.4536,4.11757,7.83805,0.0167229,1,0.666667,0.14379,0,0.116509,1
5.79318,6.54585,0.968295,1.7,2,2.03085,3.99215,7.48424,7.27346,5.77457,6.29761,4.47547,3.99215,7.48424,4.13076,7.86919,0.0308454,1,0.666667,0.14503,0,0.097376,1
5.84707,6.63007,1.03496,1.7,2,2.04383,4.00544,7.51643,7.33939,5.91182,6.29761,4.47547,4.00544,7.51643,4.14244,7.90071,0.0438297,1,0.666667,0.10901,0,0.119111,1
5.89522,6.71769,1.10163,1.7,2,2.05089,4.05003,7.61293,7.37892,5.99783,6.29761,4.47547,4.05003,7.61293,3.81876,7.30846,0.0508945,1,0.666667,0.0601721,0,0.11741,1
5.93743,6.80832,1.16829,1.7,2,2.05138,4.07918,7.67728,7.43083,6.10998,6.29761,4.47547,4.07918,7.67728,3.87996,7.362,0.051384,1,0.666667,0.00508746,0,0.0962118,1
5.97351,6.90157,1.23496,1.7,2,2.04791,4.0918,7.70971,7.49153,6.24962,6.29761,4.47547,4.0918,7.70971,3.88937,7.39201,0.0479066,1,0.666667,-0.0289638,0,0.120058,1
6.00329,6.99701,1.30163,1.7,2,2.04093,4.10337,7.74244,7.54775,6.39105,6.29761,4.47547,4.10337,7.74244,3.89783,7.4224,0.0409255,1,0.666667,-0.0585809,0,0.119171,1
6.02665,7.09422,1.36829,1.7,2,2.03263,4.10022,7.74264,7.60691,6.56233,6.29761,4.47547,4.10022,7.74264,4.17987,8.14345,0.0326262,1,-0.666667,-0.0843775,0,0.0983598,1
6.04902,7.19167,1.31229,1.7,2,2.02499,4.11057,7.77734,7.65244,6.70723,6.29761,4.47547,4.11057,7.77734,4.18611,8.17434,0.0249932,1,-0.666667,-0.0644197,0,0.118488,1
6.07778,7.28743,1.24563,1.7,2,2.02612,4.13642,7.86731,7.68164,6.80835,6.29761,4.47547,4.13642,7.86731,3.97351,7.53205,0.0261219,1,0.666667,0.0095396,0,0.118315,1
6.10787,7.38277,1.29763,1.7,2,2.03067,4.14323,7.89641,7.72292,6.96054,6.29761,4.47547,4.14323,7.89641,3.99652,7.55456,0.0306742,1,0.666667,0.0474578,0,0.0959244,1
6.13162,7.47989,1.36429,1.7,2,2.032,4.15037,7.93118,7.75797,7.10945,6.29761,4.47547,4.15037,7.93118,4.01692,7.5845,0.0319982,1,0.666667,0.0110165,0,0.120178,1
6.14885,7.57838,1.43096,1.7,2,2.03208,4.15418,7.96654,7.78606,7.25978,6.29761,4.47547,4.15418,7.96654,4.02022,7.61599,0.0320842,1,0.666667,0.00072594,0,0.118562,1
6.15948,7.6778,1.49763,1.7,2,2.02746,4.15271,7.9667,7.81495,7.43946,6.29761,4.47547,4.15271,7.9667,4.14372,8.37946,0.0274587,1,0.666667,-0.0472867,0,0.0978194,1
6.16346,7.7777,1.56429,1.7,2,2.02077,4.15518,8.00199,7.83232,7.59131,6.29761,4.47547,4.15518,8.00199,4.14945,8.4078,0.020766,1,-0.666667,-0.0571931,0,0.117018,1
6.16642,7.87764,1.50829,1.7,2,2.01301,4.16667,8.10835,7.84229,7.68429,6.29761,4.47547,4.16667,8.10835,4.06164,7.7519,0.0130129,1,-0.666667,-0.0663876,0,0.116786,1
6.17599,7.97716,1.44163,1.7,2,2.01277,4.17216,8.16661,7.85573,7.81835,6.29761,4.47547,4.17216,8.16661,4.09429,7.8097,0.0127654,1,0.666667,-0.00249168,0,0.0993218,1
6.18657,8.07658,1.49763,1.7,2,2.01938,4.16867,8.15383,7.86596,8.01229,6.29761,4.47547,4.16867,8.15383,4.09309,7.78952,0.019383,1,0.666667,0.0524546,0,0.126158,1
6.19055,8.17648,1.56429,1.7,2,2.02242,4.16826,8.15434,7.86804,8.19485,6.29761,4.47547,4.16826,8.15434,4.09929,8.55927,0.0224192,1,0.666667,0.0259807,0,0.116866,1
6.18787,8.27643,1.63096,1.7,2,2.02209,4.16763,8.19009,7.86426,8.34807,6.29761,4.47547,4.16763,8.19009,4.09821,8.5907,0.0220859,1,0.666667,-0.00334543,0,0.0996313,1
6.17854,8.37597,1.69763,1.7,2,2.02025,4.16389,8.22567,7.85363,8.50095,6.29761,4.47547,4.16389,8.22567,4.07574,8.62423,0.0202484,1,0.666667,-0.0156963,0,0.117065,1
6.16259,8.47467,1.76429,1.7,2,2.01245,4.15526,8.33126,7.84585,8.59493,6.29761,4.47547,4.15526,8.33126,4.10702,7.95887,0.0124543,1,-0.666667,-0.0664764,0,0.117247,1
6.14564,8.57321,1.70829,1.7,2,2.00237,4.14785,8.43779,7.83938,8.68802,6.29761,4.47547,4.14785,8.43779,4.13384,8.07616,0.00236917,1,-0.666667,-0.101786,0,0.0990812,1
6.13524,8.67265,1.64163,1.7,2,2.00331,4.14712,8.42649,7.81908,8.88113,6.29761,4.47547,4.14712,8.42649,4.13659,8.05938,0.00330782,1,0.666667,0.00800956,0,0.117192,1
6.12586,8.77219,1.69763,1.7,2,2.01061,4.14745,8.41384,7.7882,9.07329,6.29761,4.47547,4.14745,8.41384,4.14231,8.03976,0.0106108,1,0.666667,0.0606825,0,0.120348,1
6.10992,8.87089,1.76429,1.7,2,2.01723,4.13741,8.44851,7.75539,9.22324,6.29761,4.47547,4.13741,8.44851,3.97519,8.83041,0.0172312,1,0.666667,0.0662254,0,0.0999678,1
6.08743,8.96831,1.83096,1.7,2,2.01835,4.137,8.44912,7.71249,9.40089,6.29761,4.47547,4.137,8.44912,3.99141,8.82519,0.0183544,1,0.666667,0.00964581,0,0.116443,1
6.05851,9.06402,1.89763,1.7,2,2.01536,4.1007,8.58582,7.69504,9.46375,6.29761,4.47547,4.1007,8.58582,4.13829,8.22007,0.0153635,1,0.666667,-0.0298107,0,0.100332,1
6.02327,9.15759,1.96429,1.7,2,2.00571,4.09094,8.62004,7.65558,9.61166,6.29761,4.47547,4.09094,8.62004,4.1292,8.25231,0.00571156,1,-0.666667,-0.0800001,0,0.120649,1
5.98663,9.25061,1.91363,1.7,2,1.99648,4.07378,8.67882,7.61879,9.7385,6.29761,4.47547,4.07378,8.67882,4.12905,8.31867,-0.00351667,1,-0.666667,-0.0786589,0,0.11732,1
5.95618,9.34584,1.84696,1.7,2,1.99793,4.07663,8.66832,7.55739,9.92304,6.29761,4.47547,4.07663,8.66832,4.13655,8.30276,-0.00206625,1,0.666667,0.0145164,0,0.0999157,1
5.9267,9.44138,1.90296,1.7,2,2.0079,4.07886,8.65582,7.48393,10.1034,6.29761,4.47547,4.07886,8.65582,4.14667,8.28403,0.00789738,1,0.666667,0.0858219,0,0.116097,1
5.89097,9.53476,1.96963,1.7,2,2.01511,4.06245,8.68788,7.41984,10.2429,6.29761,4.47547,4.06245,8.68788,3.83303,9.02733,0.0151134,1,0.666667,0.0619235,0,0.116531,1
5.84909,9.62555,2.03629,1.7,2,2.01662,4.01655,8.7838,7.37882,10.3282,6.29761,4.47547,4.01655,8.7838,4.12323,8.4318,0.0166199,1,0.666667,0.0149376,0,0.100858,1
5.80126,9.71335,2.10296,1.7,2,2.01151,3.98556,8.84767,7.32539,10.44,6.29761,4.47547,3.98556,8.84767,4.10228,8.50189,0.0115082,1,-0.666667,-0.0443649,0,0.115219,1
5.75243,9.80059,2.04829,1.7,2,2.00751,3.98584,8.84705,7.24181,10.6045,6.29761,4.47547,3.98584,8.84705,4.09168,8.48626,0.00750589,1,-0.666667,-0.034161,0,0.117161,1
5.70947,9.89087,1.98163,1.7,2,2.01449,3.97442,8.86727,7.16117,10.7473,6.29761,4.47547,3.97442,8.86727,4.09792,8.5126,0.0144866,1,0.666667,0.0698509,0,0.0999366,1
5.66754,9.98164,2.03629,1.7,2,2.02886,3.97905,8.85679,7.05832,10.9082,6.29761,4.47547,3.97905,8.85679,3.69907,9.15938,0.0288627,1,0.666667,0.118565,0,0.121252,1
5.61971,10.0694,2.10296,1.7,2,2.04067,3.95818,8.88469,6.97076,11.0328,6.29761,4.47547,3.95818,8.88469,3.67895,9.18537,0.0406661,1,0.666667,0.102326,0,0.115351,1
5.56613,10.1539,2.16963,1.7,2,2.04726,3.89551,8.97053,6.91483,11.1092,6.29761,4.47547,3.89551,8.97053,4.05745,8.62874,0.0472562,1,0.666667,0.0651767,0,0.101112,1
5.50706,10.2345,2.23629,1.7,2,2.04697,3.85376,9.02758,6.84217,11.2092,6.29761,4.47547,3.85376,9.02758,4.03757,8.70588,0.0469718,1,0.666667,-0.00247407,0,0.114966,1
5.44274,10.3111,2.30296,1.7,2,2.04295,3.83176,9.0547,6.7494,11.3301,6.29761,4.47547,3.83176,9.0547,4.01601,8.72931,0.0429547,1,0.666667,-0.0338139,0,0.118801,1
5.37346,10.3832,2.36963,1.7,2,2.03808,3.80694,9.07939,6.65085,11.4463,6.29761,4.47547,3.80694,9.07939,3.99367,8.75215,0.0380793,1,0.666667,-0.0488618,0,0.0997799,1
5.29953,10.4505,2.43629,1.7,2,2.03003,3.80497,9.07667,6.529,11.5806,6.29761,4.47547,3.80497,9.07667,3.48437,9.33424,0.0300331,1,0.666667,-0.0681018,0,0.118149,1
5.22129,10.5127,2.50296,1.7,2,2.01838,3.77943,9.1003,6.42258,11.6895,6.42258,11.6895,3.77943,9.1003,2.75504,11.4393,0.0183756,2,-0.666667,-0.09783,0,0.11916,1
5.14241,10.5741,2.44696,1.7,2,2.00571,3.7045,9.17582,6.35705,11.7554,6.42258,11.6895,3.7045,9.17582,2.7565,11.3864,0.00212533,2,-0.666667,-0.162377,0,0.100078,1
5.06777,10.6407,2.38029,1.7,2,1.99978,3.6882,9.19295,6.24069,11.8715,6.42258,11.6895,3.6882,9.19295,2.74566,11.4684,-0.0133265,2,-0.666667,-0.132858,0,0.116304,1
4.99773,10.712,2.31363,1.7,2,2.00486,3.67086,9.20905,6.11961,11.9828,6.42258,11.6895,3.67086,9.20905,2.73685,11.4658,-0.0278925,2,-0.666667,-0.123936,0,0.117528,1
4.93259,10.7879,2.24696,1.7,2,2.0216,3.68079,9.20047,5.97188,12.1058,6.42258,11.6895,3.68079,9.20047,2.7299,11.4722,-0.0415311,2,-0.666667,-0.136962,0,0.099579,1
4.87266,10.8679,2.18029,1.7,2,2.05086,3.69404,9.18955,5.82042,12.2175,6.42258,11.6895,3.69404,9.18955,2.70974,11.5324,-0.0542038,2,-0.666667,-0.108421,0,0.116884,1
4.81819,10.9517,2.11363,1.7,2,2.08913,3.68348,9.19763,5.69313,12.3043,6.42258,11.6895,3.68348,9.19763,2.70525,11.5139,-0.0658758,2,-0.666667,-0.0994371,0,0.117381,1
4.76942,11.039,2.04696,1.7,2,2.03818,2.73553,11.1712,6.42774,10.9313,6.42258,11.6895,2.73553,11.1712,3.85211,9.04629,-0.0765155,2,-0.666667,-0.107677,0,0.0988103,1
4.72658,11.1294,1.98029,1.7,2,1.99319,2.73411,11.1828,6.43278,11.0836,6.42258,11.6895,2.73411,11.1828,3.89045,9.01078,-0.0860943,2,-0.666667,-0.0817555,0,0.117165,1
4.68985,11.2223,1.91363,1.7,2,1.95787,2.73279,11.1662,6.43127,11.2723,6.42258,11.6895,2.73279,11.1662,3.87928,9.0378,-0.0945871,2,-0.666667,-0.0702697,0,0.12086,1
4.6594,11.3176,1.84696,1.7,2,1.93265,2.7291,11.2224,6.42461,11.4046,6.42258,11.6895,2.7291,11.2224,3.87073,9.04992,-0.101972,2,-0.666667,-0.077368,0,0.0954479,1
4.63536,11.4146,1.78029,1.7,2,1.91461,2.72542,11.281,6.41639,11.5393,6.42258,11.6895,2.72542,11.281,3.90616,9.02905,-0.108229,2,-0.666667,-0.0523231,0,0.119591,1
4.61784,11.5131,1.71363,1.7,2,1.90674,2.72219,11.3077,6.40067,11.7062,6.42258,11.6895,2.72219,11.3077,3.84197,9.09892,-0.113343,2,-0.666667,-0.0435275,0,0.117492,1
4.60691,11.6124,1.64696,1.7,2,1.91059,2.72178,11.3016,6.37248,11.9036,6.42258,11.6895,2.72178,11.3016,3.89273,9.06078,-0.0894077,1,0.666667,0.239348,0,0.100003,1
4.597,11.7119,1.70296,1.7,2,1.92258,2.72052,11.2934,6.3318,12.0988,6.42258,11.6895,2.72052,11.2934,2.58025,11.6566,-0.077418,1,-0.666667,0.102075,0,0.117459,1
4.58588,11.8113,1.64963,1.7,2,1.93594,2.71175,11.326,6.29362,12.2535,6.42258,11.6895,2.71175,11.326,2.56086,11.6869,-0.0640634,1,-0.666667,0.11525,0,0.115875,1
4.58133,11.9112,1.58296,1.7,2,1.95862,2.6868,11.4143,6.26574,12.353,6.42258,11.6895,2.6868,11.4143,2.73045,11.06,-0.0413823,1,0.666667,0.225175,0,0.100727,1
4.57793,12.0111,1.63763,1.7,2,1.98379,2.6791,11.4368,6.22064,12.508,6.42258,11.6895,2.6791,11.4368,2.73695,11.08,-0.0162141,1,0.666667,0.208698,0,0.120596,1
4.56793,12.1106,1.70429,1.7,2,2.00549,2.66773,11.4693,6.17347,12.6524,6.42258,11.6895,2.66773,11.4693,2.73254,11.1079,0.00549293,1,0.666667,0.177627,0,0.122206,1
4.55133,12.2092,1.77096,1.7,2,2.02704,2.66492,11.4673,6.10821,12.8215,6.42258,11.6895,2.66492,11.4673,2.44449,11.8199,0.0270438,1,0.666667,0.226239,0,0.0952572,1
4.52819,12.3064,1.83763,1.7,2,2.04078,2.65368,11.4996,6.05223,12.9624,6.42258,11.6895,2.65368,11.4996,2.43026,11.8495,0.0407789,1,0.666667,0.115941,0,0.118465,1
4.49863,12.402,1.90429,1.7,2,2.05417,2.63856,11.5303,5.98895,13.1003,6.42258,11.6895,2.63856,11.5303,2.41565,11.8784,0.0541697,1,0.666667,0.113409,0,0.118075,1
4.46277,12.4953,1.97096,1.7,2,2.06294,2.59201,11.6258,5.94732,13.1853,6.42258,11.6895,2.59201,11.6258,2.69052,11.2577,0.062942,1,0.666667,0.0880696,0,0.0996073,1
4.42077,12.586,2.03763,1.7,2,2.06474,2.56103,11.6891,5.89369,13.2964,6.42258,11.6895,2.56103,11.6891,2.68597,11.3373,0.0647371,1,0.666667,0.0152845,0,0.117443,1
4.37283,12.6737,2.10429,1.7,2,2.06203,2.54489,11.7195,5.82483,13.4318,6.42258,11.6895,2.54489,11.7195,2.66925,11.3634,0.0620346,1,0.666667,-0.0272602,0,0.0991364,1
4.31914,12.7581,2.17096,1.7,2,2.05665,2.52712,11.7489,5.75103,13.5645,6.42258,11.6895,2.52712,11.7489,2.65172,11.3891,0.0566549,1,0.666667,-0.046286,0,0.116227,1
4.25995,12.8387,2.23763,1.7,2,2.05056,2.52491,11.7458,5.6556,13.7178,6.42258,11.6895,2.52491,11.7458,2.25376,12.0603,0.0505621,1,0.666667,-0.0524259,0,0.116217,1
4.19553,12.9151,2.30429,1.7,2,2.03825,2.50627,11.7746,5.57276,13.845,6.42258,11.6895,2.50627,11.7746,2.22307,12.0768,0.0382495,1,-0.666667,-0.123217,0,0.0999262,1
4.13052,12.9911,2.24563,1.7,2,2.02762,2.44294,11.8671,5.52243,13.9181,6.42258,11.6895,2.44294,11.8671,2.59624,11.5267,0.0276198,1,-0.666667,-0.0876543,0,0.121268,1
4.07069,13.0712,2.17896,1.7,2,2.02379,2.40977,11.9149,5.44636,14.0289,6.42258,11.6895,2.40977,11.9149,2.58373,11.5923,0.0237865,1,0.666667,-0.0332799,0,0.115183,1
4.01188,13.1521,2.23229,1.7,2,2.02686,2.41253,11.907,5.33211,14.1799,6.42258,11.6895,2.41253,11.907,2.59297,11.5817,0.0268641,1,0.666667,0.0313832,0,0.0980622,1
3.94787,13.2289,2.29896,1.7,2,2.027,2.41161,11.9065,5.21583,14.3203,6.42258,11.6895,2.41161,11.9065,2.59864,11.5792,0.0269966,1,0.666667,0.00111588,0,0.118794,1
3.87888,13.3012,2.36563,1.7,2,2.02464,2.38712,11.9323,5.11328,14.4339,6.42258,11.6895,2.38712,11.9323,2.05044,12.179,0.0246449,1,0.666667,-0.0199797,0,0.117707,1
3.80522,13.3688,2.43229,1.7,2,2.02077,2.36045,11.956,5.0058,14.5429,6.42258,11.6895,2.36045,11.956,2.03107,12.2008,0.0207698,1,0.666667,-0.0386586,0,0.100237,1
3.72723,13.4314,2.49896,1.7,2,2.01217,2.30888,12.0041,4.91695,14.6286,6.42258,11.6895,2.30888,12.0041,2.50999,11.6813,0.0121698,1,-0.666667,-0.0747725,0,0.115016,1
3.64859,13.4931,2.44296,1.7,2,2.0004,2.23339,12.0794,4.851,14.6943,6.42258,11.6895,2.23339,12.0794,2.45912,11.7962,0.00039649,1,-0.666667,-0.100829,0,0.116766,1
3.57422,13.56,2.37629,1.7,2,1.99863,2.2408,12.0712,4.70931,14.8273,6.42258,11.6895,2.2408,12.0712,2.47234,11.7862,-0.00136626,1,-0.666667,-0.0176232,0,0.100024,1
3.50446,13.6316,2.30963,1.7,2,2.00597,2.25112,12.0654,4.56291,14.9543,6.42258,11.6895,2.25112,12.0654,2.49173,11.7794,0.00596714,1,0.666667,0.0614681,0,0.119304,1
3.43553,13.704,2.36429,1.7,2,2.02328,2.25957,12.0576,4.41007,15.0684,6.42258,11.6895,2.25957,12.0576,1.89605,12.2449,0.0232837,1,0.666667,0.148458,0,0.116643,1
3.36197,13.7717,2.43096,1.7,2,2.03925,2.23002,12.0755,4.28382,15.1531,6.42258,11.6895,2.23002,12.0755,1.86628,12.2612,0.0392516,1,0.666667,0.163524,0,0.0976486,1
3.28405,13.8344,2.49763,1.7,2,2.05047,2.14052,12.1324,4.20399,15.2036,6.42258,11.6895,2.14052,12.1324,2.41239,11.867,0.050468,1,0.666667,0.0923297,0,0.121482,1
3.20214,13.8917,2.56429,1.7,2,2.05462,2.08081,12.1701,4.10013,15.2704,6.42258,11.6895,2.08081,12.1701,2.35922,11.9133,0.0546172,1,0.666667,0.0344595,0,0.120408,1
3.11659,13.9434,2.63096,1.7,2,2.05441,2.0506,12.1872,3.97045,15.3502,6.42258,11.6895,2.0506,12.1872,2.33947,11.9458,0.0544143,1,0.666667,-0.00207421,0,0.0978178,1
3.02778,13.9894,2.69763,1.7,2,2.0506,2.01997,12.2035,3.83842,15.4258,6.42258,11.6895,2.01997,12.2035,2.31096,11.9581,0.0505996,1,0.666667,-0.0325023,0,0.117367,1
2.93611,14.0293,2.76429,1.7,2,2.04558,1.98785,12.2168,3.70306,15.4952,6.42258,11.6895,1.98785,12.2168,2.28208,11.9697,0.0455754,1,0.666667,-0.041414,0,0.121316,1
2.84199,14.063,2.83096,1.7,2,2.03683,1.9877,12.214,3.53956,15.5728,6.42258,11.6895,1.9877,12.214,1.60171,12.3432,0.0368295,1,0.666667,-0.0900488,0,0.0971241,1
2.74583,14.0904,2.89763,1.7,2,2.02347,1.89137,12.2562,3.45378,15.6101,6.42258,11.6895,1.89137,12.2562,2.19801,12.0428,0.0234704,1,-0.666667,-0.112718,0,0.118518,1
2.64936,14.1166,2.84296,1.7,2,2.00755,1.82928,12.2842,3.34072,15.6614,6.42258,11.6895,1.82928,12.2842,2.13703,12.0785,0.00754857,1,-0.666667,-0.128165,0,0.12423,1
2.55483,14.1492,2.77629,1.7,2,2.00047,1.80771,12.2935,3.18957,15.7258,6.42258,11.6895,1.80771,12.2935,2.12472,12.1135,0.000465393,1,-0.666667,-0.0721087,0,0.0982292,1
2.46269,14.188,2.70963,1.7,2,2.00612,1.81785,12.2884,3.00717,15.792,6.42258,11.6895,1.81785,12.2884,1.41127,12.3484,0.00612283,1,0.666667,0.0481006,0,0.117617,1
2.37095,14.2278,2.76563,1.7,2,2.01905,1.82998,12.2826,2.82133,15.8473,6.42258,11.6895,1.82998,12.2826,1.42744,12.3388,0.0190477,1,0.666667,0.10901,0,0.118567,1
2.27678,14.2614,2.83229,1.7,2,2.0293,1.79542,12.29,2.67308,15.8844,6.42258,11.6895,1.79542,12.29,1.38726,12.3294,0.0292995,1,0.666667,0.102572,0,0.0999472,1
2.18058,14.2886,2.89896,1.7,2,2.0353,1.72613,12.3047,2.55228,15.9113,6.42258,11.6895,1.72613,12.3047,1.31541,12.3364,0.0352976,1,0.666667,0.0514764,0,0.116522,1
2.08278,14.3094,2.96563,1.7,2,2.03384,1.58792,12.3367,2.48818,15.9255,2.48818,15.9255,1.58792,12.3367,1.93344,12.2169,0.0338409,2,0.666667,-0.0121098,0,0.120294,1
1.98382,14.3236,3.03229,1.7,2,2.02868,1.58761,12.334,2.31023,15.9627,2.48818,15.9255,1.58761,12.334,1.93713,12.2053,0.0286844,1,0.666667,-0.0522171,0,0.0987515,1
1.88412,14.3312,3.09896,1.7,2,2.02142,1.55248,12.3372,2.15951,15.987,2.48818,15.9255,1.55248,12.3372,1.14444,12.3468,0.0214243,1,-0.666667,-0.0614274,0,0.11819,1
1.78435,14.3376,3.04429,1.7,2,2.01323,1.51896,12.342,2.0067,16.0097,2.48818,15.9255,1.51896,12.342,1.11772,12.3539,0.0132279,1,-0.666667,-0.0704065,0,0.116415,1
1.68522,14.3507,2.97763,1.7,2,2.01687,1.53067,12.3397,1.81419,16.0288,1.81419,16.0288,1.53067,12.3397,1.1339,12.3484,0.0168681,2,0.666667,0.0361658,0,0.100652,1
1.58624,14.3648,3.03229,1.7,2,2.02672,1.4709,12.3414,1.68147,16.0354,1.81419,16.0288,1.4709,12.3414,1.06937,12.3315,0.0204355,2,0.666667,0.0306992,0,0.116206,1
1.48655,14.3724,3.09896,1.7,2,2.02988,1.36465,12.3462,1.58684,16.0395,1.81419,16.0288,1.36465,12.3462,1.72541,12.2944,0.0298772,1,0.666667,0.0803818,0,0.11746,1
1.38657,14.3733,-3.11756,1.7,2,2.02877,1.32911,12.3454,1.43391,16.0439,1.43391,16.0439,1.32911,12.3454,0.929205,12.3311,0.0287726,2,0.666667,-0.0110683,0,0.099798,1
1.28675,14.3676,-3.05089,1.7,2,2.02389,1.2937,12.3437,1.281,16.0437,1.43391,16.0439,1.2937,12.3437,0.898888,12.335,0.017264,2,-0.666667,-0.0956158,0,0.120363,1
1.18702,14.3605,-3.10289,1.7,2,2.01893,1.19468,12.3416,1.18065,16.0415,1.43391,16.0439,1.19468,12.3416,0.802295,12.3404,0.0189312,1,0.666667,0.0146393,0,0.113882,1
1.08723,14.3543,-3.04689,1.7,2,2.01625,1.1374,12.3387,1.04534,16.0375,1.04534,16.0375,1.1374,12.3387,0.745594,12.3289,0.0162516,2,0.666667,-0.0272354,0,0.0983862,1
0.98807,14.3415,-2.98022,1.7,2,2.00672,1.03169,12.3353,0.951262,16.0344,1.04534,16.0375,1.03169,12.3353,0.64179,12.3273,0.0030402,2,-0.666667,-0.108471,0,0.121796,1
0.889107,14.3273,-3.03089,1.7,2,1.99429,0.901032,12.333,0.878908,16.033,1.04534,16.0375,0.901032,12.333,1.25296,12.3336,-0.00571275,1,-0.666667,-0.0758625,0,0.115379,1
0.789425,14.3196,-3.09756,1.7,2,1.98846,0.807571,12.3312,0.773806,16.031,0.773806,16.031,0.807571,12.3312,1.15774,12.3368,-0.0115449,2,-0.666667,-0.0584358,0,0.0998053,1
0.689449,14.3185,3.11896,1.7,2,1.99001,0.713871,12.3286,0.668464,16.0284,0.773806,16.031,0.713871,12.3286,1.06444,12.3345,-0.00998807,1,-0.666667,0.0133413,0,0.116696,1
0.589624,14.3241,3.05229,1.7,2,1.99883,0.655319,12.3263,0.533713,16.0243,0.533713,16.0243,0.655319,12.3263,0.267696,12.3179,-0.00116968,2,0.666667,0.0708015,0,0.124551,1
0.489916,14.3315,3.09896,1.7,2,2.01091,0.544564,12.3214,0.444014,16.02,0.533713,16.0243,0.544564,12.3214,0.898115,12.3354,0.00662141,2,0.666667,0.0802204,0,0.0971211,1
0.389939,14.3325,-3.11756,1.7,2,2.01642,0.473568,12.3178,0.320114,16.0146,0.533713,16.0243,0.473568,12.3178,0.0826468,12.3061,0.016417,1,0.666667,0.0842486,0,0.11627,1
0.290122,14.3267,-3.05089,1.7,2,2.01454,0.332195,12.3126,0.254922,16.0118,0.254922,16.0118,0.332195,12.3126,0.687177,12.3208,0.0145352,2,0.666667,-0.0187675,0,0.100271,1
0.190909,14.3144,-2.98422,1.7,2,2.00548,0.226483,12.3092,0.16085,16.0086,0.254922,16.0118,0.226483,12.3092,0.580668,12.3123,0.00547624,1,-0.666667,-0.0755138,0,0.119964,1
0.0918743,14.3006,-3.03622,1.7,2,1.99354,0.0931622,12.3071,0.0907718,16.0071,0.0907718,16.0071,0.0931622,12.3071,0.444601,12.3077,-0.00646329,2,-0.666667,-0.10134,0,0.117817,1
-0.00784792,14.2934,-3.10289,1.7,2,1.98838,0.0343938,12.3055,-0.04421,16.0046,0.0907718,16.0071,0.0343938,12.3055,-0.351139,12.3024,-0.0116165,1,-0.666667,-0.0516535,0,0.0997645,1
-0.107828,14.2929,3.11363,1.7,2,1.9905,-0.0940158,12.3024,-0.11969,16.0023,-0.11969,16.0023,-0.0940158,12.3024,0.256305,12.3084,-0.00950003,2,-0.666667,0.0181474,0,0.116625,1
-0.207622,14.299,3.04696,1.7,2,1.99984,-0.152555,12.2999,-0.254436,15.9985,-0.11969,16.0023,-0.152555,12.2999,0.200205,12.3083,-0.000156403,1,0.666667,0.0773766,0,0.120755,1
-0.30734,14.3063,3.10163,1.7,2,2.01186,-0.247304,12.2953,-0.357716,15.9937,-0.357716,15.9937,-0.247304,12.2953,0.106581,12.3093,0.0118639,2,0.666667,0.119937,0,0.100222,1
-0.407319,14.3069,-3.11489,1.7,2,2.01711,-0.353471,12.2905,-0.452246,15.9892,-0.357716,15.9937,-0.353471,12.2905,0.0023406,12.2987,0.0171075,1,0.666667,0.0449234,0,0.116722,1
-0.507121,14.3009,-3.04822,1.7,2,2.01494,-0.459668,12.2866,-0.546805,15.9855,-0.546805,15.9855,-0.459668,12.2866,-0.104433,12.2947,0.0149388,2,0.666667,-0.0186736,0,0.116135,1
-0.606301,14.2883,-2.98156,1.7,2,2.00557,-0.565378,12.2831,-0.640875,15.9824,-0.546805,15.9855,-0.565378,12.2831,-0.210966,12.2861,0.00557184,1,-0.666667,-0.0945873,0,0.0990301,1
-0.705364,14.2748,-3.03889,1.7,2,1.99379,-0.709393,12.281,-0.701916,15.981,-0.701916,15.981,-0.709393,12.281,-0.358083,12.2817,-0.00620794,2,-0.666667,-0.0962066,0,0.122443,1
-0.805105,14.2678,-3.10556,1.7,2,1.99019,-0.698709,12.2805,-0.896512,15.9752,-0.701916,15.981,-0.698709,12.2805,-0.344472,12.2828,-0.00980556,1,-0.666667,-0.0308583,0,0.116585,1
-0.905086,14.2676,3.11096,1.7,2,1.99868,-0.687677,12.2808,-1.09015,15.9588,-1.09015,15.9588,-0.687677,12.2808,-0.328265,12.2879,-0.00132084,2,0.666667,0.084719,0,0.100151,1
-1.00506,14.2687,-3.12022,1.7,2,2.0133,-0.751888,12.2714,-1.21717,15.942,-1.09015,15.9588,-0.751888,12.2714,-0.390869,12.2875,0.0132966,1,0.666667,0.121398,0,0.12041,1
-1.1049,14.2632,-3.05356,1.7,2,2.02159,-0.856988,12.2569,-1.31072,15.929,-1.31072,15.929,-0.856988,12.2569,-0.497352,12.2815,0.0215912,2,0.666667,0.0730998,0,0.113469,1
-1.20414,14.2511,-2.98689,1.7,2,2.02427,-0.892236,12.251,-1.46234,15.9068,-1.31072,15.929,-0.892236,12.251,-0.528036,12.2723,0.0242729,1,0.666667,0.0270495,0,0.0991415,1
-1.30236,14.2324,-2.92022,1.7,2,2.02488,-0.892317,12.2495,-1.64158,15.8728,-1.31072,15.929,-0.892317,12.2495,-0.524216,12.2754,0.0248847,1,0.666667,0.00522719,0,0.117038,1
-1.39912,14.2072,-2.85356,1.7,2,2.021,-0.92722,12.2421,-1.79116,15.8398,-1.31072,15.929,-0.92722,12.2421,-0.554698,12.2655,0.0209951,1,0.666667,-0.0321459,0,0.120997,1
-1.49398,14.1757,-2.78689,1.7,2,2.01609,-0.961215,12.2312,-1.93896,15.7997,-1.31072,15.929,-0.961215,12.2312,-1.33413,12.061,0.0160902,1,-0.666667,-0.0502057,0,0.0976978,1
-1.58851,14.1431,-2.84289,1.7,2,2.01173,-1.03015,12.2104,-2.0571,15.765,-1.31072,15.929,-1.03015,12.2104,-0.662745,12.2546,0.0117257,1,-0.666667,-0.0359046,0,0.121558,1
-1.685,14.1169,-2.90956,1.7,2,2.01451,-1.11978,12.1833,-2.1579,15.7347,-2.1579,15.7347,-1.11978,12.1833,-0.764431,12.2538,0.014513,2,0.666667,0.0242667,0,0.114863,1
-1.7818,14.0919,-2.85622,1.7,2,2.02224,-1.11175,12.1839,-2.33772,15.6749,-2.1579,15.7347,-1.11175,12.1839,-0.75231,12.2611,0.0222428,1,0.666667,0.0794416,0,0.0973013,1
-1.87675,14.0606,-2.78956,1.7,2,2.02973,-1.11082,12.1809,-2.50704,15.6073,-2.1579,15.7347,-1.11082,12.1809,-0.739222,12.2521,0.0297329,1,0.666667,0.0634836,0,0.117986,1
-1.9694,14.023,-2.72289,1.7,2,2.0304,-1.14389,12.168,-2.64821,15.5483,-2.1579,15.7347,-1.14389,12.168,-1.48752,11.934,0.0304041,1,0.666667,0.00549405,0,0.122159,1
-2.05934,13.9793,-2.65622,1.7,2,2.03034,-1.17537,12.1515,-2.78627,15.4824,-2.1579,15.7347,-1.17537,12.1515,-1.51524,11.9214,0.0303423,1,0.666667,-0.00064831,0,0.0952483,1
-2.14617,13.9297,-2.58956,1.7,2,2.02643,-1.2379,12.1183,-2.89629,15.4258,-2.1579,15.7347,-1.2379,12.1183,-0.871507,12.2152,0.0264282,1,0.666667,-0.0328052,0,0.119314,1
-2.22951,13.8745,-2.52289,1.7,2,2.01629,-1.33145,12.0693,-2.97943,15.382,-2.97943,15.382,-1.33145,12.0693,-0.994331,12.2021,0.0162866,2,-0.666667,-0.083383,0,0.121627,1
-2.31214,13.8182,-2.57622,1.7,2,2.00467,-1.35888,12.0547,-3.1183,15.3096,-2.97943,15.382,-1.35888,12.0547,-1.01768,12.1846,0.00467062,1,-0.666667,-0.118269,0,0.0982166,1
-2.3983,13.7675,-2.64289,1.7,2,2.00471,-1.34865,12.0595,-3.28593,15.2118,-2.97943,15.382,-1.34865,12.0595,-1.00363,12.1952,0.00471473,1,0.666667,0.000373921,0,0.117959,1
-2.48504,13.7178,-2.58822,1.7,2,2.01192,-1.36857,12.044,-3.42179,15.1221,-2.97943,15.382,-1.36857,12.044,-1.02672,12.192,0.0119219,1,0.666667,0.0601594,0,0.119801,1
-2.5683,13.6624,-2.52156,1.7,2,2.01707,-1.36778,12.0415,-3.56994,15.0148,-2.97943,15.382,-1.36778,12.0415,-1.65445,11.7486,0.0170734,1,0.666667,0.0507617,0,0.101484,1
-2.64769,13.6016,-2.45489,1.7,2,2.01886,-1.42302,11.9966,-3.66749,14.9381,-2.97943,15.382,-1.42302,11.9966,-1.08699,12.1637,0.0188599,1,0.666667,0.0153324,0,0.116516,1
-2.72285,13.5357,-2.38822,1.7,2,2.01441,-1.50593,11.9304,-3.74113,14.8789,-2.97943,15.382,-1.50593,11.9304,-1.19227,12.1166,0.0144138,1,-0.666667,-0.0384899,0,0.115511,1
-2.79734,13.469,-2.44422,1.7,2,2.00874,-1.53439,11.907,-3.86067,14.7842,-2.97943,15.382,-1.53439,11.907,-1.22787,12.1026,0.00874305,1,-0.666667,-0.0562848,0,0.100752,1
-2.87607,13.4074,-2.51089,1.7,2,2.01259,-1.52583,11.915,-4.00815,14.6587,-2.97943,15.382,-1.52583,11.915,-1.20577,12.1088,0.0125899,1,0.666667,0.033017,0,0.116512,1
-2.95551,13.3467,-2.45622,1.7,2,2.0255,-1.51657,11.9212,-4.1451,14.5252,-2.97943,15.382,-1.51657,11.9212,-1.75498,11.5847,0.0255032,1,0.666667,0.107563,0,0.120052,1
-3.03077,13.2808,-2.38956,1.7,2,2.03722,-1.5387,11.8938,-4.24859,14.413,-2.97943,15.382,-1.5387,11.8938,-1.76157,11.5396,0.0372212,1,0.666667,0.119247,0,0.0982666,1
-3.10146,13.2101,-2.32289,1.7,2,2.04485,-1.58404,11.8394,-4.3297,14.3196,-2.97943,15.382,-1.58404,11.8394,-1.27101,12.0623,0.0448508,1,0.666667,0.0638098,0,0.119568,1
-3.1673,13.1349,-2.25622,1.7,2,2.0454,-1.65379,11.7591,-4.39163,14.2479,-2.97943,15.382,-1.65379,11.7591,-1.37991,12.0062,0.0454023,1,0.666667,0.00468225,0,0.117777,1
-3.22797,13.0554,-2.18956,1.7,2,2.04071,-1.67511,11.7314,-4.4906,14.132,-2.97943,15.382,-1.67511,11.7314,-1.39802,11.9795,0.0407073,1,0.666667,-0.0475464,0,0.0987444,1
-3.28322,12.9721,-2.12289,1.7,2,2.03528,-1.6714,11.7294,-4.60157,13.9886,-2.97943,15.382,-1.6714,11.7294,-1.38129,11.9764,0.0352836,1,0.666667,-0.0465434,0,0.116532,1
-3.33279,12.8853,-2.05622,1.7,2,2.02395,-1.69151,11.701,-4.69195,13.866,-2.97943,15.382,-1.69151,11.701,-1.8624,11.3188,0.0239456,1,-0.666667,-0.096207,0,0.11785,1
-3.38126,12.7978,-2.10956,1.7,2,2.01464,-1.70847,11.6751,-4.78064,13.7371,-2.97943,15.382,-1.70847,11.6751,-1.8753,11.2987,0.0146387,1,-0.666667,-0.095255,0,0.0977052,1
-3.43539,12.7138,-2.17622,1.7,2,2.01588,-1.73878,11.625,-4.85277,13.6233,-2.97943,15.382,-1.73878,11.625,-1.48021,11.8964,0.0158803,1,0.666667,0.0106457,0,0.116638,1
-3.49037,12.6303,-2.12022,1.7,2,2.02036,-1.76737,11.5752,-4.92281,13.5074,-2.97943,15.382,-1.76737,11.5752,-1.53237,11.8598,0.0203555,1,0.666667,0.0446188,0,0.100297,1
-3.53971,12.5433,-2.05356,1.7,2,2.02015,-1.78426,11.5436,-4.99946,13.3746,-2.97943,15.382,-1.78426,11.5436,-1.56177,11.8366,0.0201468,1,0.666667,-0.00171862,0,0.121386,1
-3.58315,12.4532,-1.98689,1.7,2,2.01756,-1.79912,11.511,-5.07085,13.239,-2.97943,15.382,-1.79912,11.511,-1.57452,11.8068,0.0175626,1,0.666667,-0.02223,0,0.116249,1
-3.62049,12.3605,-1.92022,1.7,2,2.01257,-1.81193,11.4776,-5.13688,13.1008,-2.97943,15.382,-1.81193,11.4776,-1.5867,11.7765,0.0125661,1,-0.666667,-0.0500237,0,0.0998834,1
-3.65711,12.2675,-1.97889,1.7,2,2.00789,-1.80049,11.5029,-5.22175,12.9118,-2.97943,15.382,-1.80049,11.5029,-1.91572,11.12,0.00788951,1,-0.666667,-0.0390818,0,0.119661,1
-3.69983,12.1771,-2.04556,1.7,2,2.01461,-1.83459,11.4158,-5.26026,12.8139,-2.97943,15.382,-1.83459,11.4158,-1.62175,11.7277,0.0146089,1,0.666667,0.0583573,0,0.115142,1
-3.74336,12.0871,-1.98822,1.7,2,2.02401,-1.86563,11.3316,-5.29821,12.7126,-5.29821,12.7126,-1.86563,11.3316,-1.70256,11.6564,0.0240126,2,0.666667,0.0937768,0,0.100278,1
-3.78082,11.9944,-1.92156,1.7,2,2.02866,-1.86381,11.3306,-5.36018,12.5412,-5.29821,12.7126,-1.86381,11.3306,-1.68918,11.6594,0.0286584,1,0.666667,0.0398474,0,0.11659,1
-3.81203,11.8994,-1.85489,1.7,2,2.03161,-1.86185,11.3299,-5.41354,12.367,-5.29821,12.7126,-1.86185,11.3299,-1.90814,10.9177,0.0316103,1,0.666667,0.0241525,0,0.122218,1
-3.83684,11.8025,-1.78822,1.7,2,2.02957,-1.87154,11.2958,-5.45437,12.2196,-5.29821,12.7126,-1.87154,11.2958,-1.91653,10.8883,0.0295675,1,0.666667,-0.0211399,0,0.0966311,1
-3.85514,11.7042,-1.72156,1.7,2,2.02608,-1.87815,11.2609,-5.48851,12.0705,-5.29821,12.7126,-1.87815,11.2609,-1.90416,10.8503,0.026077,1,0.666667,-0.0295143,0,0.118263,1
-3.86685,11.6049,-1.65489,1.7,2,2.01841,-1.89123,11.1915,-5.5128,11.9493,-5.29821,12.7126,-1.89123,11.1915,-1.90865,10.781,0.0184066,1,-0.666667,-0.0624455,0,0.122834,1
-3.87696,11.5055,-1.70422,1.7,2,2.0078,-1.91785,11.0659,-5.52811,11.8759,-5.29821,12.7126,-1.91785,11.0659,-1.80128,11.4096,0.00780249,1,-0.666667,-0.108999,0,0.097287,1
-3.89355,11.4069,-1.77089,1.7,2,2.00716,-1.91372,11.0768,-5.56335,11.6852,-5.29821,12.7126,-1.91372,11.0768,-1.79833,11.4264,0.00715518,1,0.666667,-0.00549804,0,0.117734,1
-3.91151,11.3085,-1.71889,1.7,2,2.01246,-1.91193,11.0812,-5.58826,11.4991,-5.58826,11.4991,-1.91193,11.0812,-2.99541,8.8602,0.0124583,2,0.666667,0.0458071,0,0.115771,1
-3.92296,11.2092,-1.65222,1.7,2,2.01467,-1.91242,11.0804,-5.60485,11.3169,-5.58826,11.4991,-1.91242,11.0804,-2.97019,8.89005,0.00965589,2,-0.666667,-0.0279183,0,0.10038,1
-3.93339,11.1098,-1.70822,1.7,2,2.02033,-1.91561,11.0084,-5.61095,11.194,-5.58826,11.4991,-1.91561,11.0084,-3.05155,8.82745,-5.2062e-05,2,-0.666667,-0.0832384,0,0.116628,1
-3.95038,11.0112,-1.77489,1.7,2,2.03553,-1.91574,10.9511,-5.61413,11.0604,-5.58826,11.4991,-1.91574,10.9511,-3.0503,8.81727,-0.008996,2,-0.666667,-0.0744249,0,0.120174,1
-3.9739,10.914,-1.84156,1.7,2,2.05844,-1.91555,10.8956,-5.6154,10.9288,-5.58826,11.4991,-1.91555,10.8956,-3.08085,8.75659,-0.0171066,2,-0.666667,-0.0833834,0,0.0972688,1
-4.00384,10.8187,-1.90822,1.7,2,2.08942,-1.9153,10.8794,-5.61373,10.7718,-5.58826,11.4991,-1.9153,10.8794,-3.00901,8.83779,-0.0243598,2,-0.666667,-0.0614022,0,0.118127,1
-4.04006,10.7255,-1.97489,1.7,2,2.11686,-2.86102,8.96735,-4.92183,12.0403,-5.58826,11.4991,-2.86102,8.96735,-1.88082,11.2577,-0.0307345,2,-0.666667,-0.0532394,0,0.119735,1
-4.08242,10.6349,-2.04156,1.7,2,2.06819,-2.86597,8.96228,-5.0422,11.9546,-5.58826,11.4991,-2.86597,8.96228,-1.88203,11.267,-0.036212,2,-0.666667,-0.0550634,0,0.0994761,1
-4.13071,10.5474,-2.10822,1.7,2,2.02795,-2.8764,8.95384,-5.16489,11.8612,-5.58826,11.4991,-2.8764,8.95384,-1.89034,11.2843,-0.0407765,2,-0.666667,-0.0396966,0,0.114987,1
-4.18473,10.4632,-2.17489,1.7,2,1.99945,-2.86279,8.96313,-5.30905,11.7391,-5.58826,11.4991,-2.86279,8.96313,-1.90051,11.2671,-0.0444152,2,-0.666667,-0.0303268,0,0.119982,1
-4.24423,10.3829,-2.24156,1.7,2,1.98196,-2.85338,8.97089,-5.44987,11.6068,-5.58826,11.4991,-2.85338,8.97089,-1.92434,11.1622,-0.0471176,2,-0.666667,-0.0279996,0,0.0965151,1
-4.30895,10.3067,-2.30822,1.7,2,1.97581,-2.86986,8.95283,-5.56476,11.4881,-5.58826,11.4991,-2.86986,8.95283,-1.93201,11.1135,-0.0488761,2,-0.666667,-0.0149229,0,0.117836,1
-4.37861,10.2349,-2.37489,1.7,2,1.97798,-2.93369,8.88416,-5.63655,11.4109,-5.58826,11.4991,-2.93369,8.88416,-1.94117,11.1671,-0.0220248,1,0.666667,0.222365,0,0.120753,1
-4.44925,10.1642,-2.32289,1.7,2,1.98642,-2.92962,8.8849,-5.76016,11.2678,-5.58826,11.4991,-2.92962,8.8849,-2.64093,9.11628,-0.0135831,1,0.666667,0.0882634,0,0.095642,1
-4.51508,10.0889,-2.25622,1.7,2,1.99446,-2.92796,8.88109,-5.8723,11.1218,-5.58826,11.4991,-2.92796,8.88109,-2.61904,9.11148,-0.00554037,1,0.666667,0.0661753,0,0.121536,1
-4.57576,10.0095,-2.18956,1.7,2,1.99801,-2.9282,8.87915,-5.97921,10.9723,-5.58826,11.4991,-2.9282,8.87915,-3.0763,8.48614,-0.00198567,1,0.666667,0.0302384,0,0.117556,1
-4.631,9.92614,-2.12289,1.7,2,2.00026,-2.9465,8.84749,-6.06243,10.8427,-5.58826,11.4991,-2.9465,8.84749,-3.09097,8.4579,0.000256062,1,0.666667,0.0226294,0,0.0990628,1
-4.68057,9.83931,-2.05622,1.7,2,1.99758,-3.00173,8.75683,-6.11136,10.7619,-5.58826,11.4991,-3.00173,8.75683,-2.7359,9.02132,-0.0024246,1,-0.666667,-0.02293,0,0.116906,1
-4.72936,9.75204,-2.11356,1.7,2,1.99325,-3.02258,8.72252,-6.19083,10.6336,-5.58826,11.4991,-3.02258,8.72252,-2.75432,8.99001,-0.00675356,1,-0.666667,-0.0368956,0,0.11733,1
-4.78383,9.6682,-2.18022,1.7,2,2.00004,-3.01655,8.73177,-6.28595,10.4641,-5.58826,11.4991,-3.01655,8.73177,-2.74777,9.00987,3.91006e-05,1,0.666667,0.0684693,0,0.0992074,1
-4.83905,9.58485,-2.12289,1.7,2,2.01479,-3.00761,8.74508,-6.3709,10.2872,-5.58826,11.4991,-3.00761,8.74508,-3.08334,8.32637,0.014792,1,0.666667,0.123875,0,0.119095,1
-4.88862,9.49802,-2.05622,1.7,2,2.02701,-3.02017,8.71209,-6.43073,10.1467,-5.58826,11.4991,-3.02017,8.71209,-3.09144,8.29432,0.0270131,1,0.666667,0.10357,0,0.117999,1
-4.93229,9.40808,-1.98956,1.7,2,2.03598,-3.04448,8.64561,-6.47522,10.0313,-5.58826,11.4991,-3.04448,8.64561,-2.79908,8.95491,0.0359826,1,0.666667,0.0892929,0,0.100451,1
-4.96988,9.31544,-1.92289,1.7,2,2.0383,-3.06919,8.57921,-6.5194,9.91564,-5.58826,11.4991,-3.06919,8.57921,-2.86848,8.90035,0.0383012,1,0.666667,0.0186192,0,0.124528,1
-5.00122,9.22049,-1.85622,1.7,2,2.03755,-3.07881,8.54524,-6.56972,9.77143,-5.58826,11.4991,-3.07881,8.54524,-2.87719,8.87061,0.0375495,1,0.666667,-0.00626549,0,0.11998,1
-5.02615,9.12367,-1.78956,1.7,2,2.03334,-3.0769,8.54501,-6.6239,9.59798,-5.58826,11.4991,-3.0769,8.54501,-2.85451,8.87493,0.0333354,1,0.666667,-0.043684,0,0.0964667,1
-5.04459,9.0254,-1.72289,1.7,2,2.02539,-3.08562,8.51095,-6.66428,9.45076,-5.58826,11.4991,-3.08562,8.51095,-3.07465,8.07672,0.0253904,1,-0.666667,-0.0668531,0,0.118844,1
-5.06189,8.92693,-1.77756,1.7,2,2.02028,-3.09219,8.47773,-6.69957,9.3004,-5.58826,11.4991,-3.09219,8.47773,-3.088,8.05442,0.0202773,1,-0.666667,-0.0524098,0,0.0975604,1
-5.08567,8.82981,-1.84422,1.7,2,2.02355,-3.11136,8.3861,-6.72132,9.19742,-5.58826,11.4991,-3.11136,8.3861,-2.96683,8.73114,0.0235519,1,0.666667,0.0274319,0,0.119375,1
-5.11044,8.73295,-1.78822,1.7,2,2.03156,-3.10649,8.39912,-6.7562,9.00711,-5.58826,11.4991,-3.10649,8.39912,-2.96349,8.75326,0.0315628,1,0.666667,0.068692,0,0.11662,1
-5.12874,8.63466,-1.72156,1.7,2,2.03934,-3.10307,8.39891,-6.77827,8.82663,-5.58826,11.4991,-3.10307,8.39891,-2.93711,8.7634,0.0393381,1,0.666667,0.0772333,0,0.100673,1
-5.14045,8.53536,-1.65489,1.7,2,2.04003,-3.10763,8.364,-6.79455,8.6748,-5.58826,11.4991,-3.10763,8.364,-3.01894,7.9343,0.0400331,1,0.666667,0.00587226,0,0.118351,1
-5.14553,8.43551,-1.58822,1.7,2,2.03992,-3.1084,8.3288,-6.80333,8.52236,-5.58826,11.4991,-3.1084,8.3288,-3.02173,7.90604,0.0399218,1,0.666667,-0.000951803,0,0.11698,1
-5.14394,8.33554,-1.52156,1.7,2,2.03589,-3.10952,8.25813,-6.80684,8.39881,-5.58826,11.4991,-3.10952,8.25813,-2.99242,8.63107,0.0358922,1,0.666667,-0.0405617,0,0.0993428,1
-5.13569,8.2359,-1.45489,1.7,2,2.02607,-3.10966,8.2232,-6.80958,8.2464,-5.58826,11.4991,-3.10966,8.2232,-2.99322,8.59984,0.0260742,1,-0.666667,-0.0757858,0,0.12955,1
-5.12595,8.13639,-1.50556,1.7,2,2.01666,-3.10945,8.16236,-6.80915,8.11472,-5.58826,11.4991,-3.10945,8.16236,-3.02761,8.53431,0.01666,1,-0.666667,-0.0806209,0,0.116771,1
-5.12276,8.03646,-1.57222,1.7,2,2.01822,-3.10925,8.17437,-6.8006,7.92155,-5.58826,11.4991,-3.10925,8.17437,-3.02879,8.55537,0.0182221,1,0.666667,0.0158025,0,0.0988528,1
-5.12071,7.9365,-1.51756,1.7,2,2.02809,-3.10795,8.18543,-6.77998,7.73129,-5.58826,11.4991,-3.10795,8.18543,-3.03373,8.57656,0.0280938,1,0.666667,0.0841702,0,0.117283,1
-5.11207,7.83689,-1.45089,1.7,2,2.03527,-3.10114,8.15072,-6.75689,7.58021,-5.58826,11.4991,-3.10114,8.15072,-2.92406,7.75551,0.0352712,1,0.666667,0.060073,0,0.119477,1
-5.09681,7.73808,-1.38422,1.7,2,2.03647,-3.08371,8.04576,-6.74124,7.48675,-5.58826,11.4991,-3.08371,8.04576,-3.07435,8.42224,0.0364711,1,0.666667,0.0122243,0,0.0981618,1
-5.075,7.64051,-1.31756,1.7,2,2.03375,-3.07537,8.01146,-6.7133,7.33659,-5.58826,11.4991,-3.07537,8.01146,-3.06758,8.39143,0.0337467,1,0.666667,-0.0229022,0,0.118958,1
-5.04674,7.54461,-1.25089,1.7,2,2.02752,-3.07383,8.01204,-6.67416,7.15903,-5.58826,11.4991,-3.07383,8.01204,-3.051,8.40531,0.0275223,1,0.666667,-0.0544018,0,0.114415,1
-5.01215,7.4508,-1.18422,1.7,2,2.01985,-3.06248,7.97864,-6.63391,7.01173,-5.58826,11.4991,-3.06248,7.97864,-2.86396,7.60662,0.0198548,1,-0.666667,-0.0774864,0,0.0989534,1
-4.97672,7.3573,-1.24156,1.7,2,2.0114,-3.06229,7.97431,-6.58391,6.83932,-5.58826,11.4991,-3.06229,7.97431,-2.87331,7.6105,0.0114002,1,-0.666667,-0.0705934,0,0.119764,1
-4.94756,7.26167,-1.30822,1.7,2,2.01433,-3.0323,7.88561,-6.55032,6.73953,-5.58826,11.4991,-3.0323,7.88561,-3.07994,8.25654,0.0143332,1,0.666667,0.0247744,0,0.118389,1
-4.9195,7.1657,-1.25356,1.7,2,2.02151,-3.02204,7.86294,-6.495,6.58677,-5.58826,11.4991,-3.02204,7.86294,-3.086,8.23181,0.0215087,1,0.666667,0.0727806,0,0.09859,1
-4.88517,7.0718,-1.18689,1.7,2,2.02751,-3.01878,7.86388,-6.42475,6.41842,-5.58826,11.4991,-3.01878,7.86388,-2.78797,7.51742,0.0275097,1,0.666667,0.0491834,0,0.122013,1
-4.84465,6.9804,-1.12022,1.7,2,2.02768,-3.01933,7.86341,-6.35007,6.25214,-5.58826,11.4991,-3.01933,7.86341,-2.79808,7.52172,0.0276828,1,0.666667,0.00149147,0,0.116055,1
-4.79814,6.8919,-1.05356,1.7,2,2.02799,-3.00151,7.83257,-6.2794,6.11634,-5.58826,11.4991,-3.00151,7.83257,-2.78517,7.49334,0.0279877,1,0.666667,0.00306256,0,0.0995695,1
-4.74583,6.80669,-0.986891,1.7,2,2.02514,-2.96534,7.77161,-6.21835,6.00867,-5.58826,11.4991,-2.96534,7.77161,-2.7427,7.43655,0.0251408,1,0.666667,-0.0242714,0,0.117297,1
-4.68796,6.72516,-0.920224,1.7,2,2.01597,-2.92946,7.71097,-6.15691,5.90167,-5.58826,11.4991,-2.92946,7.71097,-2.70292,7.38068,0.0159707,1,-0.666667,-0.0765149,0,0.119847,1
-4.62916,6.64429,-0.974891,1.7,2,2.00674,-2.91163,7.68212,-6.07839,5.76858,-6.07839,5.76858,-2.91163,7.68212,-2.69,7.35556,0.00673819,2,-0.666667,-0.0906672,0,0.101829,1
-4.57583,6.55972,-1.04156,1.7,2,2.00787,-2.91759,7.69187,-5.97332,5.6056,-6.07839,5.76858,-2.91759,7.69187,-2.69635,7.37004,0.00189088,2,-0.666667,-0.0419098,0,0.11566,1
-4.52826,6.47178,-1.10822,1.7,2,2.01821,-2.86507,7.615,-5.91422,5.51912,-6.07839,5.76858,-2.86507,7.615,-2.6433,7.29151,0.0182056,1,0.666667,0.139181,0,0.11722,1
-4.48148,6.38342,-1.05089,1.7,2,2.03171,-2.8129,7.5426,-5.85159,5.43158,-5.85159,5.43158,-2.8129,7.5426,-2.5893,7.2175,0.0317101,2,0.666667,0.130758,0,0.103279,1
-4.42894,6.29835,-0.984224,1.7,2,2.03925,-2.75052,7.45656,-5.79584,5.35511,-5.85159,5.43158,-2.75052,7.45656,-2.52577,7.13014,0.0341053,2,0.666667,0.020438,0,0.117193,1
-4.37086,6.21697,-0.917558,1.7,2,2.03958,-2.68853,7.37008,-5.74045,5.27822,-5.85159,5.43158,-2.68853,7.37008,-2.8913,7.66726,0.0395756,1,0.666667,0.0468676,0,0.116717,1
-4.30748,6.13964,-0.850891,1.7,2,2.03255,-2.62734,7.2835,-5.68582,5.20126,-5.68582,5.20126,-2.62734,7.2835,-2.41,6.95476,0.0325549,2,0.666667,-0.0696182,0,0.100846,1
-4.23909,6.06671,-0.784224,1.7,2,2.01831,-2.54769,7.16794,-5.64841,5.14914,-5.68582,5.20126,-2.54769,7.16794,-2.74368,7.46448,0.0141733,2,-0.666667,-0.155857,0,0.117939,1
-4.16996,5.99448,-0.840224,1.7,2,2.00092,-2.48917,7.08011,-5.59721,5.07261,-5.68582,5.20126,-2.48917,7.08011,-2.68288,7.37436,0.000916719,1,-0.666667,-0.110242,0,0.120249,1
-4.10576,5.91783,-0.906891,1.7,2,1.98949,-2.43797,7.00252,-5.53968,4.98525,-5.53968,4.98525,-2.43797,7.00252,-2.63031,7.29559,-0.010506,2,-0.666667,-0.115557,0,0.0988497,1
-4.04681,5.83708,-0.973558,1.7,2,1.98512,-2.40533,6.95343,-5.46484,4.8727,-5.53968,4.98525,-2.40533,6.95343,-2.19193,6.63281,-0.0148795,1,-0.666667,-0.0361465,0,0.120992,1
-3.99338,5.75257,-1.04022,1.7,2,1.98808,-2.33362,6.84696,-5.42258,4.81021,-5.42258,4.81021,-2.33362,6.84696,-2.5301,7.13629,-0.0119221,2,-0.666667,0.0245973,0,0.12023,1
-3.94568,5.6647,-1.10689,1.7,2,1.99825,-2.30045,6.79881,-5.3468,4.69887,-5.42258,4.81021,-2.30045,6.79881,-2.5006,7.08873,-0.00174975,1,0.666667,0.103112,0,0.0986533,1
-3.89889,5.57634,-1.05089,1.7,2,2.01173,-2.24673,6.72412,-5.28542,4.61311,-5.28542,4.61311,-2.24673,6.72412,-2.02534,6.40222,0.0117252,2,0.666667,0.114888,0,0.117288,1
-3.84636,5.49127,-0.984224,1.7,2,2.01925,-2.1844,6.63813,-5.22971,4.53668,-5.28542,4.61311,-2.1844,6.63813,-2.38534,6.93244,0.0141559,2,0.666667,0.0199302,0,0.12196,1
-3.78827,5.4099,-0.917558,1.7,2,2.01958,-2.12244,6.5517,-5.17436,4.45984,-5.28542,4.61311,-2.12244,6.5517,-2.32321,6.84598,0.0195777,1,0.666667,0.0573674,0,0.0945115,1
-3.7249,5.33257,-0.850891,1.7,2,2.01256,-2.06129,6.46517,-5.11976,4.38293,-5.11976,4.38293,-2.06129,6.46517,-1.8461,6.13966,0.0125575,2,-0.666667,-0.0584375,0,0.120132,1
-3.66054,5.25605,-0.904224,1.7,2,2.00202,-1.98516,6.35204,-5.08149,4.3265,-5.11976,4.38293,-1.98516,6.35204,-2.17876,6.64713,-0.000485954,2,-0.666667,-0.111252,0,0.117243,1
-3.60138,5.17545,-0.970891,1.7,2,1.99744,-1.95271,6.30313,-5.00666,4.21425,-5.11976,4.38293,-1.95271,6.30313,-1.73814,5.98066,-0.00256026,1,-0.666667,-0.0207948,0,0.0997512,1
-3.54772,5.09109,-1.03756,1.7,2,2.00004,-1.88091,6.19651,-4.96443,4.15153,-4.96443,4.15153,-1.88091,6.19651,-2.07864,6.48774,4.43459e-05,2,0.666667,0.0218924,0,0.118973,1
-3.49492,5.00619,-0.981558,1.7,2,2.00611,-1.84682,6.14997,-4.88652,4.04041,-4.96443,4.15153,-1.84682,6.14997,-1.62591,5.82899,0.00611019,1,0.666667,0.0518975,0,0.116881,1
-3.43662,4.92496,-0.914891,1.7,2,2.00617,-1.76526,6.03459,-4.84776,3.98809,-4.84776,3.98809,-1.76526,6.03459,-1.96352,6.32682,0.00616693,2,0.666667,0.000572276,0,0.0991544,1
-3.37303,4.84781,-0.848224,1.7,2,1.99885,-1.72375,5.9771,-4.77667,3.88671,-4.84776,3.98809,-1.72375,5.9771,-1.51016,5.65395,-0.00114667,1,-0.666667,-0.0570803,0,0.128128,1
-3.30848,4.77146,-0.901558,1.7,2,1.98803,-1.64771,5.86422,-4.73862,3.83044,-4.73862,3.83044,-1.64771,5.86422,-1.83998,6.15745,-0.0119681,2,-0.666667,-0.0901485,0,0.12004,1
-3.2491,4.69102,-0.968224,1.7,2,1.98314,-1.59586,5.7863,-4.68036,3.7428,-4.73862,3.83044,-1.59586,5.7863,-1.79153,6.07539,-0.0168648,1,-0.666667,-0.0493015,0,0.0993203,1
-3.19521,4.6068,-1.03489,1.7,2,1.98543,-1.54351,5.70855,-4.62156,3.65536,-4.62156,3.65536,-1.54351,5.70855,-1.73984,5.99783,-0.0145659,2,-0.666667,0.0181239,0,0.12684,1
-3.14705,4.51918,-1.10156,1.7,2,1.99508,-1.51049,5.66024,-4.54559,3.54408,-4.62156,3.65536,-1.51049,5.66024,-1.29171,5.34078,-0.00492024,1,0.666667,0.0799127,0,0.120703,1
-3.09979,4.43108,-1.04556,1.7,2,2.00802,-1.4568,5.58552,-4.48418,3.45833,-4.48418,3.45833,-1.4568,5.58552,-1.23617,5.26447,0.00802279,2,0.666667,0.128796,0,0.100492,1
-3.0468,4.34629,-0.978891,1.7,2,2.01492,-1.39453,5.49951,-4.42859,3.38185,-4.48418,3.45833,-1.39453,5.49951,-1.17282,5.17725,0.0104599,2,0.666667,0.020906,0,0.116577,1
-2.98828,4.26522,-0.912224,1.7,2,2.01467,-1.31282,5.38402,-4.38986,3.32931,-4.48418,3.45833,-1.31282,5.38402,-1.51196,5.67766,0.0146682,1,0.666667,0.0352236,0,0.119473,1
-2.92449,4.18823,-0.845558,1.7,2,2.00712,-1.27142,5.32661,-4.31875,3.22809,-4.31875,3.22809,-1.27142,5.32661,-1.05707,5.00227,0.00712013,2,-0.666667,-0.0758816,0,0.099472,1
-2.85982,4.11198,-0.900224,1.7,2,1.9961,-1.19378,5.2114,-4.28198,3.1735,-4.31875,3.22809,-1.19378,5.2114,-1.38686,5.50591,-0.00579488,2,-0.666667,-0.110414,0,0.116969,1
-2.80034,4.03162,-0.966891,1.7,2,1.99103,-1.14198,5.13347,-4.22376,3.08587,-4.31875,3.22809,-1.14198,5.13347,-1.33846,5.42381,-0.00896657,1,-0.666667,-0.0327579,0,0.0968221,1
-2.74634,3.94748,-1.03356,1.7,2,1.99321,-1.08965,5.05575,-4.16497,2.99846,-4.16497,2.99846,-1.08965,5.05575,-1.28678,5.34623,-0.00679445,2,0.666667,0.0182582,0,0.118967,1
-2.6932,3.86278,-0.977558,1.7,2,1.99886,-1.05563,5.009,-4.08686,2.8873,-4.16497,2.99846,-1.05563,5.009,-1.2545,5.30097,-0.00113785,1,0.666667,0.0484516,0,0.116747,1
-2.63457,3.7818,-0.910891,1.7,2,1.99844,-0.974089,4.8938,-4.04839,2.83499,-4.04839,2.83499,-0.974089,4.8938,-1.17164,5.18517,-0.00156224,2,-0.666667,-0.00431987,0,0.0982403,1
-2.57563,3.70104,-0.973558,1.7,2,1.99504,-0.925943,4.82297,-3.98545,2.74224,-4.04839,2.83499,-0.925943,4.82297,-1.11995,5.11756,-0.00496042,1,-0.666667,-0.0287575,0,0.118167,1
-2.52219,3.61654,-1.04022,1.7,2,1.99803,-0.873578,4.74534,-3.92652,2.65499,-3.92652,2.65499,-0.873578,4.74534,-1.07251,5.03614,-0.00197375,2,0.666667,0.0253869,0,0.117646,1
-2.46972,3.53143,-0.985558,1.7,2,2.00755,-0.877697,4.75442,-3.81186,2.50039,-3.92652,2.65499,-0.877697,4.75442,-1.08217,5.04735,0.00755048,1,0.666667,0.0948671,0,0.100395,1
-2.41174,3.44997,-0.918891,1.7,2,2.01452,-0.853971,4.72732,-3.71508,2.38125,-3.71508,2.38125,-0.853971,4.72732,-1.05809,5.02659,0.0145183,2,0.666667,0.0603286,0,0.115497,1
-2.34847,3.37256,-0.852224,1.7,2,2.01753,-0.78435,4.6469,-3.65283,2.30985,-3.71508,2.38125,-0.78435,4.6469,-0.995353,4.93855,0.0175309,1,0.666667,0.0257805,0,0.116858,1
-2.28018,3.29953,-0.785558,1.7,2,2.01449,-0.759608,4.62091,-3.55243,2.19395,-3.71508,2.38125,-0.759608,4.62091,-0.970508,4.91631,0.0144928,1,0.666667,-0.0304727,0,0.0997013,1
-2.20718,3.23122,-0.718891,1.7,2,2.00817,-0.733968,4.59592,-3.44831,2.08149,-3.71508,2.38125,-0.733968,4.59592,-0.945065,4.89462,0.00817251,1,-0.666667,-0.0540907,0,0.116845,1
-2.13356,3.16356,-0.776224,1.7,2,2.00453,-0.729198,4.59392,-3.32139,1.95374,-3.71508,2.38125,-0.729198,4.59392,-0.939483,4.90261,0.00453448,1,-0.666667,-0.0311149,0,0.116922,1
-2.06459,3.09118,-0.842891,1.7,2,2.01079,-0.737619,4.60194,-3.17935,1.82202,-3.71508,2.38125,-0.737619,4.60194,-0.957019,4.91323,0.0107868,1,0.666667,0.0626569,0,0.0997861,1
-1.99628,3.01818,-0.785558,1.7,2,2.02448,-0.694713,4.56881,-3.07349,1.73483,-3.71508,2.38125,-0.694713,4.56881,-0.926844,4.86979,0.0244799,1,0.666667,0.116849,0,0.117186,1
-1.92327,2.94986,-0.718891,1.7,2,2.0328,-0.638772,4.5254,-2.97676,1.65768,-3.71508,2.38125,-0.638772,4.5254,-0.88432,4.80964,0.0327964,1,0.666667,0.0711091,0,0.116954,1
-1.84588,2.88656,-0.652224,1.7,2,2.037,-0.637948,4.52677,-2.83203,1.54751,-3.71508,2.38125,-0.637948,4.52677,-0.882727,4.82939,0.0369997,1,0.666667,0.0422008,0,0.0996029,1
-1.76444,2.82856,-0.585558,1.7,2,2.03879,-0.60819,4.50777,-2.70656,1.46034,-3.71508,2.38125,-0.60819,4.50777,-0.865148,4.79731,0.0387881,1,0.666667,0.0152225,0,0.117483,1
-1.67932,2.77611,-0.518891,1.7,2,2.03813,-0.577329,4.49064,-2.57787,1.37811,-3.71508,2.38125,-0.577329,4.49064,-0.838571,4.783,0.0381348,1,0.666667,-0.00558233,0,0.117024,1
-1.5909,2.72945,-0.452224,1.7,2,2.03368,-0.546192,4.47429,-2.44689,1.2998,-3.71508,2.38125,-0.546192,4.47429,-0.81156,4.76919,0.0336819,1,0.666667,-0.0448139,0,0.0993651,1
-1.49956,2.68878,-0.385558,1.7,2,2.02416,-0.484696,4.44015,-2.33978,1.2388,-3.71508,2.38125,-0.484696,4.44015,-0.757845,4.7166,0.0241625,1,-0.666667,-0.0814477,0,0.116877,1
-1.40781,2.64905,-0.441558,1.7,2,2.01461,-0.421912,4.40594,-2.2326,1.17927,-3.71508,2.38125,-0.421912,4.40594,-0.707231,4.64964,0.014605,1,-0.666667,-0.0824094,0,0.115976,1
-1.31889,2.60334,-0.508224,1.7,2,2.01463,-0.431971,4.41223,-2.06086,1.09007,-3.71508,2.38125,-0.431971,4.41223,-0.724645,4.65956,0.0146255,1,0.666667,0.000205867,0,0.0995985,1
-1.23039,2.55682,-0.450891,1.7,2,2.02293,-0.445355,4.42122,-1.88121,1.01118,-3.71508,2.38125,-0.445355,4.42122,-0.747964,4.67435,0.0229311,1,0.666667,0.0710841,0,0.116841,1
-1.139,2.51628,-0.384224,1.7,2,2.03007,-0.411003,4.41132,-1.73784,0.957414,-3.71508,2.38125,-0.411003,4.41132,-0.720089,4.66845,0.0300694,1,0.666667,0.0610832,0,0.116861,1
-1.04511,2.48191,-0.317558,1.7,2,2.03123,-0.343897,4.38827,-1.62119,0.915734,-3.71508,2.38125,-0.343897,4.38827,-0.66535,4.5936,0.031235,1,0.666667,0.0116432,0,0.100112,1
-0.949138,2.45387,-0.250891,1.7,2,2.02676,-0.276757,4.36585,-1.50424,0.875394,-3.71508,2.38125,-0.276757,4.36585,-0.602263,4.55483,0.0267591,1,0.666667,-0.0384582,0,0.116382,1
-0.851514,2.43229,-0.184224,1.7,2,2.01963,-0.276035,4.3682,-1.33032,0.821582,-3.71508,2.38125,-0.276035,4.3682,-0.605337,4.57453,0.0196288,1,-0.666667,-0.0602453,0,0.118356,1
-0.753647,2.41183,-0.238891,1.7,2,2.0136,-0.243101,4.35963,-1.18123,0.780539,-3.71508,2.38125,-0.243101,4.35963,-0.578138,4.55225,0.0135999,1,-0.666667,-0.0610272,0,0.0987903,1
-0.657347,2.38495,-0.305558,1.7,2,2.01865,-0.25464,4.36303,-0.992764,0.737398,-3.71508,2.38125,-0.25464,4.36303,0.1685,4.378,0.018652,1,0.666667,0.0433443,0,0.116557,1
-0.561326,2.35708,-0.249558,1.7,2,2.03122,-0.233116,4.36162,-0.830971,0.710236,-3.71508,2.38125,-0.233116,4.36162,0.197478,4.40853,0.0312247,1,0.666667,0.105916,0,0.118705,1
-0.463673,2.33563,-0.182891,1.7,2,2.03855,-0.163094,4.3519,-0.70865,0.69234,-3.71508,2.38125,-0.163094,4.3519,-0.521114,4.49897,0.0385487,1,0.666667,0.0743983,0,0.0984429,1
-0.364808,2.32073,-0.116224,1.7,2,2.04006,-0.128231,4.34703,-0.557304,0.671994,-3.71508,2.38125,-0.128231,4.34703,-0.491932,4.49857,0.0400608,1,0.666667,0.0129493,0,0.116767,1
-0.265169,2.31246,-0.0495578,1.7,2,2.041,-0.0929773,4.34618,-0.405134,0.659368,-3.71508,2.38125,-0.0929773,4.34618,-0.460183,4.47183,0.0409975,1,0.666667,0.00795565,0,0.117746,1
-0.165201,2.31083,0.0171089,1.7,2,2.03753,-0.0933854,4.3471,-0.223797,0.649401,-3.71508,2.38125,-0.0933854,4.3471,0.331454,4.45868,0.0375342,1,0.666667,-0.0351066,0,0.09865,1
-0.0653468,2.31588,0.0837755,1.7,2,2.03153,-0.0582494,4.34739,-0.0711757,0.647417,-3.71508,2.38125,-0.0582494,4.34739,0.358022,4.45401,0.0315311,1,0.666667,-0.0511051,0,0.117467,1
0.0339499,2.32756,0.150442,1.7,2,2.02158,0.0120906,4.34902,0.0520985,0.64924,-3.71508,2.38125,0.0120906,4.34902,-0.36802,4.47142,0.021585,1,-0.666667,-0.086131,0,0.115477,1
0.133108,2.34038,0.0957755,1.7,2,2.01008,0.0809325,4.34978,0.176973,0.651025,-3.71508,2.38125,0.0809325,4.34978,-0.290487,4.42476,0.0100787,1,-0.666667,-0.114305,0,0.100663,1
0.232894,2.34662,0.0291089,1.7,2,2.00977,0.104331,4.35227,0.341017,0.659848,-3.71508,2.38125,0.104331,4.35227,-0.26883,4.40983,0.00977087,1,0.666667,-0.00262663,0,0.117184,1
0.332754,2.35159,0.0824422,1.7,2,2.01711,0.0965962,4.35483,0.529781,0.680277,-3.71508,2.38125,0.0965962,4.35483,-0.284432,4.40572,0.017113,1,0.666667,0.0630431,0,0.116462,1
0.432066,2.36314,0.149109,1.7,2,2.02185,0.0968624,4.35701,0.710287,0.708214,-3.71508,2.38125,0.0968624,4.35701,0.487561,4.54523,0.0218503,1,0.666667,0.047389,0,0.0999679,1
0.530388,2.38128,0.215776,1.7,2,2.0229,0.131832,4.36453,0.860814,0.737052,-3.71508,2.38125,0.131832,4.36453,0.516648,4.55076,0.0228992,1,0.666667,0.00903416,0,0.116093,1
0.627283,2.40593,0.282442,1.7,2,2.0184,0.235842,4.38601,0.953407,0.756256,-3.71508,2.38125,0.235842,4.38601,-0.140487,4.38714,0.0184,1,0.666667,-0.0384399,0,0.117045,1
0.722321,2.43698,0.349109,1.7,2,2.01174,0.235558,4.38895,1.13081,0.798887,-3.71508,2.38125,0.235558,4.38895,-0.153404,4.40368,0.0117438,1,-0.666667,-0.0666145,0,0.0999208,1
0.816999,2.46912,0.294442,1.7,2,2.00399,0.268991,4.39672,1.28079,0.837753,-3.71508,2.38125,0.268991,4.39672,-0.114674,4.39037,0.0039916,1,-0.666667,-0.0661678,0,0.117159,1
0.913591,2.49493,0.227775,1.7,2,2.00815,0.258132,4.39309,1.46581,0.895734,-3.71508,2.38125,0.258132,4.39309,0.612817,4.62147,0.00814748,1,0.666667,0.0355406,0,0.116933,1
1.01053,2.5194,0.279775,1.7,2,2.02089,0.252519,4.39274,1.64035,0.962884,-3.71508,2.38125,0.252519,4.39274,0.599904,4.62606,0.0208945,1,0.666667,0.127836,0,0.0997142,1
1.10565,2.55019,0.346442,1.7,2,2.02934,0.350395,4.43375,1.72742,0.999544,-3.71508,2.38125,0.350395,4.43375,-0.0284755,4.37583,0.0293391,1,0.666667,0.0730682,0,0.115571,1
1.19851,2.58726,0.413109,1.7,2,2.0324,0.382594,4.44869,1.86798,1.05994,-3.71508,2.38125,0.382594,4.44869,-0.00251835,4.39022,0.0323977,1,0.666667,0.0307557,0,0.0994504,1
1.28869,2.63042,0.479775,1.7,2,2.03454,0.381237,4.45138,2.03153,1.13981,-3.71508,2.38125,0.381237,4.45138,-0.00794138,4.38343,0.0345435,1,0.666667,0.0181578,0,0.118174,1
1.3758,2.6795,0.546442,1.7,2,2.03158,0.41238,4.46812,2.167,1.21062,-3.71508,2.38125,0.41238,4.46812,0.0172076,4.39925,0.031584,1,0.666667,-0.0254363,0,0.116349,1
1.45944,2.73428,0.613109,1.7,2,2.0275,0.44176,4.48787,2.29894,1.28773,-3.71508,2.38125,0.44176,4.48787,0.74366,4.79803,0.0275028,1,0.666667,-0.0405231,0,0.100714,1
1.53925,2.7945,0.679775,1.7,2,2.01927,0.50082,4.52629,2.40359,1.35305,-3.71508,2.38125,0.50082,4.52629,0.11793,4.43254,0.0192685,1,-0.666667,-0.0709671,0,0.116029,1
1.61852,2.85544,0.622442,1.7,2,2.00874,0.564078,4.56518,2.5063,1.41593,-3.71508,2.38125,0.564078,4.56518,0.213391,4.43456,0.00874233,1,-0.666667,-0.0906029,0,0.116179,1
1.70164,2.91099,0.555775,1.7,2,2.00903,0.553815,4.55983,2.66776,1.52318,-3.71508,2.38125,0.553815,4.55983,0.197568,4.42331,0.00902653,1,0.666667,0.00285014,0,0.0997127,1
1.78513,2.966,0.615775,1.7,2,2.01732,0.563187,4.57113,2.80438,1.62714,-3.71508,2.38125,0.563187,4.57113,0.208898,4.42147,0.0173185,1,0.666667,0.0703758,0,0.117824,1
1.86478,3.02644,0.682442,1.7,2,2.02318,0.561577,4.57399,2.94488,1.74382,-3.71508,2.38125,0.561577,4.57399,0.802284,4.9353,0.0231798,1,0.666667,0.0503867,0,0.116326,1
1.94022,3.09205,0.749109,1.7,2,2.02525,0.587155,4.59898,3.05913,1.84591,-3.71508,2.38125,0.587155,4.59898,0.823743,4.95603,0.0252471,1,0.666667,0.0208362,0,0.0992183,1
2.01113,3.16254,0.815775,1.7,2,2.02185,0.665074,4.67118,3.12837,1.91035,-3.71508,2.38125,0.665074,4.67118,0.340463,4.48004,0.0218463,1,0.666667,-0.02899,0,0.11731,1
2.07718,3.23759,0.882442,1.7,2,2.01558,0.662939,4.67372,3.25907,2.03742,3.25907,2.03742,0.662939,4.67372,2.75513,5.69218,0.0155787,2,-0.666667,-0.0534605,0,0.117237,1
2.14256,3.31324,0.825109,1.7,2,2.00851,0.691078,4.70151,3.36495,2.14409,3.25907,2.03742,0.691078,4.70151,2.81298,5.69436,0.00461756,2,-0.666667,-0.110155,0,0.0995073,1
2.2128,3.38439,0.758442,1.7,2,2.01352,0.682731,4.69326,3.49436,2.28811,3.25907,2.03742,0.682731,4.69326,2.76991,5.69696,-0.00557932,2,-0.666667,-0.0868432,0,0.117417,1
2.28763,3.4507,0.691775,1.7,2,2.03093,0.673463,4.68323,3.6142,2.43777,3.25907,2.03742,0.673463,4.68323,2.78113,5.70194,-0.0149487,2,-0.666667,-0.0808752,0,0.11585,1
2.36671,3.51187,0.625109,1.7,2,2.05761,0.727419,4.75545,3.6752,2.51925,3.25907,2.03742,0.727419,4.75545,2.7609,5.70617,-0.0234629,2,-0.666667,-0.0855384,0,0.0995358,1
2.44969,3.56765,0.558442,1.7,2,2.09226,0.735894,4.76783,3.76662,2.6454,3.25907,2.03742,0.735894,4.76783,2.79103,5.72185,-0.0310968,2,-0.666667,-0.0649564,0,0.117523,1
2.5362,3.61777,0.491775,1.7,2,2.06935,2.56594,5.6869,2.51277,1.98729,3.25907,2.03742,2.56594,5.6869,0.566243,4.57108,-0.0378283,2,-0.666667,-0.0579227,0,0.116216,1
2.62586,3.66202,0.425109,1.7,2,2.02621,2.54254,5.68651,2.69469,1.98964,3.25907,2.03742,2.54254,5.68651,0.561235,4.56588,-0.0436382,2,-0.666667,-0.0583254,0,0.0996121,1
2.71827,3.70019,0.358442,1.7,2,1.99508,2.52576,5.68596,2.88277,2.00322,3.25907,2.03742,2.52576,5.68596,0.592309,4.57918,-0.04851,2,-0.666667,-0.0413826,0,0.117725,1
2.81301,3.73213,0.291775,1.7,2,1.97385,2.54795,5.6881,3.04481,2.02161,3.25907,2.03742,2.54795,5.6881,0.545032,4.52559,-0.0524298,2,-0.666667,-0.0337168,0,0.116259,1
2.90967,3.75768,0.225109,1.7,2,1.96417,2.57205,5.69262,3.20804,2.04769,3.25907,2.03742,2.57205,5.69262,0.624599,4.594,-0.0553868,2,-0.666667,-0.0295633,0,0.100022,1
3.00782,3.77674,0.158442,1.7,2,1.96346,2.66424,5.7099,3.31169,2.06699,3.25907,2.03742,2.66424,5.7099,0.564007,4.52025,-0.0573727,2,-0.666667,-0.0170031,0,0.116793,1
3.10702,3.78921,0.0917755,1.7,2,1.97108,2.65497,5.70776,3.50353,2.10638,3.25907,2.03742,2.65497,5.70776,2.29574,5.67676,-0.0289165,1,0.666667,0.245968,0,0.11569,1
3.20633,3.80079,0.149109,1.7,2,1.98531,2.67434,5.7135,3.6658,2.14882,3.25907,2.03742,2.67434,5.7135,2.31097,5.67432,-0.0146858,1,0.666667,0.141109,0,0.100849,1
3.30465,3.81893,0.215776,1.7,2,1.998,2.67522,5.71519,3.84084,2.2036,3.25907,2.03742,2.67522,5.71519,3.03604,5.89768,-0.00200438,1,0.666667,0.109117,0,0.116218,1
3.40155,3.84358,0.282442,1.7,2,2.00673,2.7092,5.7271,3.98575,2.25428,3.25907,2.03742,2.7092,5.7271,3.06378,5.93307,0.00672984,1,0.666667,0.0733584,0,0.119062,1
3.49659,3.87463,0.349109,1.7,2,2.01404,2.77474,5.75488,4.10084,2.30068,3.25907,2.03742,2.77474,5.75488,3.12638,5.97365,0.0140426,1,0.666667,0.074819,0,0.0977395,1
3.58934,3.91195,0.415775,1.7,2,2.0149,2.87311,5.79525,4.18834,2.3369,3.25907,2.03742,2.87311,5.79525,2.52197,5.70091,0.0148993,1,0.666667,0.00706431,0,0.121263,1
3.67941,3.95535,0.482442,1.7,2,2.0103,2.90551,5.81072,4.32989,2.39588,3.25907,2.03742,2.90551,5.81072,2.55159,5.71605,0.0103049,1,-0.666667,-0.0404147,0,0.11368,1
3.76892,3.9999,0.429109,1.7,2,2.00649,2.90239,5.80963,4.50029,2.47246,3.25907,2.03742,2.90239,5.80963,3.23493,6.05198,0.00648689,1,-0.666667,-0.0386334,0,0.0988272,1
3.86117,4.03845,0.362442,1.7,2,2.01241,2.92366,5.81913,4.64737,2.54517,3.25907,2.03742,2.92366,5.81913,3.24769,6.07475,0.0124054,1,0.666667,0.0506055,0,0.116954,1
3.95382,4.07604,0.418442,1.7,2,2.02658,2.91081,5.81362,4.81506,2.64127,3.25907,2.03742,2.91081,5.81362,3.22984,6.06789,0.0265818,1,0.666667,0.116003,0,0.122207,1
4.04377,4.11969,0.485109,1.7,2,2.03912,2.96941,5.85283,4.91885,2.70804,3.25907,2.03742,2.96941,5.85283,2.60937,5.72429,0.0391169,1,0.666667,0.130389,0,0.0961359,1
4.13061,4.16924,0.551775,1.7,2,2.04512,3.05857,5.91085,4.9981,2.75994,3.25907,2.03742,3.05857,5.91085,2.71457,5.76336,0.0451174,1,0.666667,0.0515058,0,0.116502,1
4.21396,4.22445,0.618442,1.7,2,2.0452,3.0871,5.93122,5.12571,2.84349,3.25907,2.03742,3.0871,5.93122,2.75216,5.76844,0.0452034,1,0.666667,0.000732896,0,0.117437,1
4.29345,4.2851,0.685109,1.7,2,2.04156,3.11506,5.95225,5.2507,2.93081,3.25907,2.03742,3.11506,5.95225,2.77592,5.78925,0.0415592,1,0.666667,-0.0366786,0,0.0993558,1
4.36872,4.35091,0.751775,1.7,2,2.03641,3.1411,5.97569,5.37159,3.02359,3.25907,2.03742,3.1411,5.97569,2.7993,5.81066,0.0364051,1,0.666667,-0.0443398,0,0.116242,1
4.43943,4.42159,0.818442,1.7,2,2.02796,3.13879,5.97753,5.51181,3.13873,3.25907,2.03742,3.13879,5.97753,3.41571,6.27659,0.027962,1,0.666667,-0.0698538,0,0.120868,1
4.50529,4.49682,0.885109,1.7,2,2.01575,3.19048,6.02473,5.60387,3.22018,3.25907,2.03742,3.19048,6.02473,2.86129,5.8418,0.0157466,1,-0.666667,-0.127281,0,0.0959715,1
4.57055,4.57256,0.826442,1.7,2,2.00199,3.27431,6.09826,5.66997,3.27853,3.25907,2.03742,3.27431,6.09826,2.96848,5.9002,0.00199485,1,-0.666667,-0.117582,0,0.116954,1
4.64071,4.6438,0.759775,1.7,2,1.99665,3.2655,6.09136,5.8139,3.40888,3.25907,2.03742,3.2655,6.09136,2.95406,5.89041,-0.00335371,1,-0.666667,-0.0451854,0,0.118369,1
4.71545,4.71021,0.693109,1.7,2,2.00152,3.28268,6.1078,5.93129,3.52422,3.25907,2.03742,3.28268,6.1078,2.98074,5.89301,0.00151587,1,0.666667,0.0494077,0,0.098559,1
4.79078,4.77594,0.750442,1.7,2,2.01437,3.27059,6.09757,6.06289,3.67,3.25907,2.03742,3.27059,6.09757,3.48508,6.44734,0.0143673,1,0.666667,0.109809,0,0.117035,1
4.86159,4.84653,0.817109,1.7,2,2.02593,3.29124,6.12652,6.15921,3.78885,3.25907,2.03742,3.29124,6.12652,3.48896,6.49304,0.0259323,1,0.666667,0.0978141,0,0.118234,1
4.92755,4.92167,0.883775,1.7,2,2.03374,3.31113,6.15589,6.25189,3.91047,3.25907,2.03742,3.31113,6.15589,3.50802,6.51847,0.0337441,1,0.666667,0.0796264,0,0.0981055,1
4.98835,5.00104,0.950442,1.7,2,2.0345,3.3971,6.26876,6.29099,3.96325,3.25907,2.03742,3.3971,6.26876,3.14285,6.00489,0.0344992,1,0.666667,0.00646424,0,0.116808,1
5.04373,5.08429,1.01711,1.7,2,2.0294,3.41711,6.29779,6.38275,4.08533,3.25907,2.03742,3.41711,6.29779,3.15986,6.03277,0.0294001,1,0.666667,-0.0436043,0,0.116939,1
5.09344,5.17103,1.08378,1.7,2,2.02322,3.41422,6.29961,6.48511,4.23571,3.25907,2.03742,3.41422,6.29961,3.14341,6.03535,0.0232239,1,-0.666667,-0.0621105,0,0.0994394,1
5.14236,5.25823,1.02644,1.7,2,2.01436,3.43763,6.33131,6.56891,4.36025,3.25907,2.03742,3.43763,6.33131,3.59629,6.70954,0.0143566,1,-0.666667,-0.0759363,0,0.116772,1
5.19696,5.34198,0.959775,1.7,2,2.01977,3.43058,6.32147,6.66639,4.52716,3.25907,2.03742,3.43058,6.32147,3.58637,6.69386,0.0197706,1,0.666667,0.0463785,0,0.116735,1
5.25231,5.42525,1.01711,1.7,2,2.03142,3.45411,6.37029,6.72934,4.649,3.25907,2.03742,3.45411,6.37029,3.21397,6.07671,0.0314174,1,0.666667,0.117021,0,0.0995271,1
5.30202,5.51199,1.08378,1.7,2,2.03694,3.50192,6.46528,6.77172,4.73369,3.25907,2.03742,3.50192,6.46528,3.28506,6.16363,0.0369401,1,0.666667,0.0470871,0,0.117287,1
5.34584,5.60186,1.15044,1.7,2,2.03619,3.51705,6.49717,6.84019,4.87029,3.25907,2.03742,3.51705,6.49717,3.31413,6.1877,0.0361881,1,0.666667,-0.00757693,0,0.0992449,1
5.38358,5.69445,1.21711,1.7,2,2.03198,3.53111,6.52951,6.90423,5.00897,3.25907,2.03742,3.53111,6.52951,3.32517,6.21779,0.0319846,1,0.666667,-0.0344472,0,0.122029,1
5.41506,5.78934,1.28378,1.7,2,2.02642,3.54216,6.56303,6.96186,5.15037,3.25907,2.03742,3.54216,6.56303,3.33551,6.24828,0.0264156,1,0.666667,-0.0480295,0,0.115949,1
5.44016,5.88612,1.35044,1.7,2,2.01721,3.54013,6.56365,7.02519,5.32092,3.25907,2.03742,3.54013,6.56365,3.62444,6.96103,0.0172055,1,-0.666667,-0.0925454,0,0.0995199,1
5.46426,5.98316,1.29444,1.7,2,2.009,3.56282,6.63172,7.06471,5.43726,3.25907,2.03742,3.56282,6.63172,3.36924,6.30876,0.00900459,1,-0.666667,-0.0703383,0,0.116592,1
5.49473,6.07838,1.22778,1.7,2,2.00913,3.59114,6.721,7.09677,5.53756,3.25907,2.03742,3.59114,6.721,3.43943,6.39119,0.00912929,1,0.666667,0.00107236,0,0.116279,1
5.52617,6.17329,1.28378,1.7,2,2.01245,3.5864,6.70924,7.15278,5.72387,3.25907,2.03742,3.5864,6.70924,3.43798,6.37235,0.0124483,1,0.666667,0.0331741,0,0.100049,1
5.55126,6.27008,1.35044,1.7,2,2.01492,3.59305,6.74474,7.18892,5.87311,3.25907,2.03742,3.59305,6.74474,3.45709,6.40277,0.0149186,1,0.666667,0.0212028,0,0.116506,1
5.56985,6.36831,1.41711,1.7,2,2.0127,3.59284,6.74566,7.22724,6.05198,3.25907,2.03742,3.59284,6.74566,3.60925,7.15273,0.0126975,1,0.666667,-0.0190807,0,0.116406,1
5.58186,6.46757,1.48378,1.7,2,2.00863,3.59788,6.78131,7.25247,6.20339,3.25907,2.03742,3.59788,6.78131,3.59458,7.19034,0.00863028,1,-0.666667,-0.0410795,0,0.0990076,1
