-1.41454e-19,2.46341e-37,-3.88317e-19,1.7,2,5.09332,-1.99011,4.68843,-0.544411,1.28256,0,0,-1.99011,4.68843,-1.20741,5.68047,0,0,0,0,0,0,1
0.004656,-4.49706e-17,-1.46048e-14,1.7,2,5.13513,-2.00179,4.72692,-0.556092,1.32105,0,0,-2.00179,4.72692,-1.20916,5.71064,3.13513,0,0.666667,31.4556,0,0.0996685,1
0.0192947,0.000505153,0.064,1.7,2,5.1774,-2.059,4.74247,-0.57376,1.35365,0,0,-2.059,4.74247,-1.26295,5.7057,3.1774,0,0.666667,0.421554,0,0.100272,1
0.0438181,0.00295547,0.130667,1.7,2,5.22706,-2.03934,4.79697,-0.564766,1.4035,0,0,-2.03934,4.79697,-1.21742,5.6984,3.22706,0,0.666667,0.497327,0,0.0998455,1
0.0779878,0.00866638,0.197333,1.7,2,5.27631,-2.09381,4.81728,-0.570844,1.44525,0,0,-2.09381,4.81728,-1.24782,5.6145,3.27631,0,0.666667,0.472335,0,0.104278,1
0.121434,0.0189267,0.264,1.7,2,5.32489,-1.96993,4.91593,-0.516746,1.51324,0,0,-1.96993,4.91593,-1.12163,5.80453,3.32489,0,0.666667,0.506727,0,0.0958563,1
0.17366,0.0349878,0.330667,1.7,2,5.37057,-1.9201,4.98061,-0.477623,1.57337,0,0,-1.9201,4.98061,-1.06746,5.90137,3.37057,0,0.666667,0.386841,0,0.118085,1
0.234044,0.0580518,0.397333,1.7,2,5.41757,-1.94919,5.01623,-0.458123,1.62998,0,0,-1.94919,5.01623,-1.07731,5.84619,3.41757,0,0.666667,0.476307,0,0.0986807,1
0.301841,0.0892611,0.464,1.7,2,5.45486,-1.96762,5.04961,-0.428258,1.68503,0,0,-1.96762,5.04961,-1.08012,5.80813,3.45486,0,0.666667,0.325051,0,0.114727,1
0.376197,0.129688,0.530667,1.7,2,5.49376,-1.89372,5.13258,-0.364951,1.76317,0,0,-1.89372,5.13258,-0.999574,5.90242,3.49376,0,0.666667,0.367592,0,0.105821,1
0.456143,0.180322,0.597333,1.7,2,5.52542,-1.89861,5.17886,-0.321789,1.83168,0,0,-1.89861,5.17886,-0.998774,5.91977,3.52542,0,0.666667,0.295065,0,0.107292,1
0.536887,0.239276,0.664,1.7,2,5.54869,-1.81197,5.26629,-0.245698,1.91416,0,0,-1.81197,5.26629,-0.903227,5.99632,3.54869,0,0.666667,0.233535,0,0.0996593,1
0.613528,0.303482,0.730667,1.7,2,5.49398,2.23228,5.55357,1.14211,2.01782,0,0,2.23228,5.55357,-1.64589,5.41082,3.49398,0,0.666667,-0.489441,0,0.111784,1
0.685722,0.372651,0.797333,1.7,2,5.42961,2.21112,5.58359,1.17164,2.0326,0,0,2.21112,5.58359,-1.32144,5.68903,3.42961,0,0.666667,-0.578314,0,0.111303,1
0.753148,0.446475,0.864,1.7,2,5.36122,2.27551,5.58701,1.22487,2.03931,0,0,2.27551,5.58701,-1.40877,5.66494,3.36122,0,0.666667,-0.685444,0,0.099778,1
0.815506,0.524627,0.930667,1.7,2,5.28901,2.33331,5.59117,1.27151,2.0468,0,0,2.33331,5.59117,-1.16143,5.86237,3.28901,0,0.666667,-0.63642,0,0.113467,1
0.872519,0.60676,0.997333,1.7,2,5.2126,2.38411,5.59538,1.31115,2.05437,0,0,2.38411,5.59538,-0.994175,5.98445,3.2126,0,0.666667,-0.695965,0,0.10978,1
0.923935,0.692508,1.064,1.7,2,5.13609,2.42879,5.6032,1.34471,2.06558,0,0,2.42879,5.6032,-0.918131,6.05364,3.13609,0,0.666667,-0.772613,0,0.09903,1
0.969523,0.781491,1.13067,1.7,2,5.06076,2.38293,5.64087,1.34957,2.0881,0,0,2.38293,5.64087,-0.842097,6.10849,3.06076,0,0.666667,-0.641099,0,0.117512,1
1.00908,0.873314,1.19733,1.7,2,4.97928,2.49793,5.62479,1.3916,2.09406,0,0,2.49793,5.62479,-0.592714,6.24576,2.97928,0,0.666667,-0.730446,0,0.111546,1
1.04244,0.967567,1.264,1.7,2,4.90273,2.52311,5.64137,1.40567,2.11414,0,0,2.52311,5.64137,1.78078,6.51719,2.90273,0,0.666667,-0.770713,0,0.099318,1
1.06944,1.06383,1.33067,1.7,2,4.82177,2.54011,5.65585,1.41159,2.13215,0,0,2.54011,5.65585,-0.373664,6.3602,2.82177,0,0.666667,-0.720172,0,0.112415,1
1.08997,1.16168,1.39733,1.7,2,4.7419,2.55048,5.67306,1.41088,2.15293,0,0,2.55048,5.67306,-0.227176,6.42055,2.7419,0,0.666667,-0.719254,0,0.111049,1
1.10393,1.26069,1.464,1.7,2,4.66411,2.55444,5.69351,1.40376,2.17698,0,0,2.55444,5.69351,0.0910249,6.53012,2.66411,0,0.666667,-0.775431,0,0.100324,1
1.11127,1.3604,1.53067,1.7,2,4.59209,2.62898,5.69443,1.40611,2.20235,0,0,2.62898,5.69443,1.95284,6.49986,2.59209,0,0.666667,-0.649416,0,0.1109,1
1.11195,1.46038,1.59733,1.7,2,4.51967,2.61914,5.72134,1.38529,2.23313,0,0,2.61914,5.72134,0.255389,6.56787,2.51967,0,0.666667,-0.633604,0,0.114288,1
1.10597,1.56018,1.664,1.7,2,4.44222,2.67328,5.71673,1.36784,2.25467,0,0,2.67328,5.71673,2.05015,6.5763,2.44222,0,0.666667,-0.785356,0,0.0986162,1
1.09335,1.65936,1.73067,1.7,2,4.37555,2.72114,5.72085,1.34467,2.28642,0,0,2.72114,5.72085,2.10678,6.49338,2.37555,0,0.666667,-0.585625,0,0.113858,1
1.07415,1.75748,1.79733,1.7,2,4.31212,2.69094,5.75503,1.30366,2.32495,0,0,2.69094,5.75503,2.08987,6.52764,2.31212,0,0.666667,-0.575615,0,0.110192,1
1.04846,1.85411,1.864,1.7,2,4.25509,2.72478,5.76508,1.26714,2.3643,0,0,2.72478,5.76508,2.13405,6.48221,2.25509,0,0.666667,-0.576394,0,0.0989464,1
1.01639,1.94881,1.93067,1.7,2,4.19915,2.74982,5.77347,1.22244,2.40344,0,0,2.74982,5.77347,2.17036,6.44937,2.19915,0,0.666667,-0.476595,0,0.117372,1
0.978085,2.04116,1.99733,1.7,2,4.15223,2.76968,5.78698,1.17321,2.44912,0,0,2.76968,5.78698,0.466749,6.57225,2.15223,0,-0.666667,-0.420273,0,0.111644,1
0.939061,2.13321,1.93867,1.7,2,4.10692,2.79863,5.79501,1.12331,2.49603,0,0,2.79863,5.79501,2.25161,6.44714,2.10692,0,0.666667,-0.455938,0,0.0993661,1
0.900615,2.2255,1.99867,1.7,2,4.06109,2.77487,5.82823,1.06726,2.54584,0,0,2.77487,5.82823,0.482153,6.5595,2.06109,0,-0.666667,-0.399307,0,0.114777,1
0.86124,2.31741,1.94267,1.7,2,4.01845,2.7906,5.84239,1.01414,2.59675,0,0,2.7906,5.84239,0.468067,6.55051,2.01845,0,0.666667,-0.380427,0,0.112083,1
0.822656,2.40964,2,1.7,2,3.97441,2.71351,5.90545,0.953209,2.65101,0,0,2.71351,5.90545,0.418402,6.53892,1.97441,0,-0.666667,-0.440895,0,0.0998829,1
0.783272,2.50154,1.94267,1.7,2,3.93253,2.73129,5.91768,0.898458,2.70354,0,0,2.73129,5.91768,0.408723,6.53414,1.93253,0,0.666667,-0.381733,0,0.109717,1
0.744457,2.59368,2.00267,1.7,2,3.8903,2.70463,5.95406,0.840342,2.75806,0,0,2.70463,5.95406,0.418155,6.52543,1.8903,0,-0.666667,-0.373912,0,0.11294,1
0.704828,2.68548,1.94533,1.7,2,3.84759,0.405679,6.52142,0.693353,2.83262,0,0,0.405679,6.52142,2.662,6.0027,1.84759,0,0.666667,-0.43436,0,0.098327,1
0.665767,2.77751,2.00533,1.7,2,3.7477,0.411064,6.51655,0.662525,2.8251,0,0,0.411064,6.51655,2.69044,6.00474,1.7477,0,-0.666667,-0.877336,0,0.113857,1
0.625781,2.86915,1.94933,1.7,2,3.648,0.327604,6.50495,0.630031,2.81733,0,0,0.327604,6.50495,2.69755,6.02173,1.648,1,-0.666667,-0.904994,0,0.110164,1
0.591948,2.96323,1.88267,1.7,2,3.54862,0.290768,6.49905,0.604796,2.8124,0,0,0.290768,6.49905,2.68675,6.05361,1.54862,1,-0.666667,-0.998121,0,0.0995666,1
0.564458,3.05936,1.816,1.7,2,3.44748,0.321035,6.49824,0.582288,2.80747,0,0,0.321035,6.49824,-0.318771,6.58895,1.44748,1,-0.666667,-0.907104,0,0.1115,1
0.543433,3.15711,1.74933,1.7,2,3.34559,0.238513,6.48878,0.575734,2.80418,0,0,0.238513,6.48878,2.61824,6.14562,1.34559,1,-0.666667,-1.01978,0,0.0999128,1
0.528967,3.25604,1.68267,1.7,2,3.2419,0.336163,6.4922,0.556211,2.79875,0,0,0.336163,6.4922,-0.260327,6.5667,1.2419,1,-0.666667,-0.912955,0,0.113581,1
0.521123,3.35571,1.616,1.7,2,3.13729,0.270071,6.48294,0.566151,2.79481,0,0,0.270071,6.48294,-0.317733,6.57848,1.13729,1,-0.666667,-0.931296,0,0.112322,1
0.519936,3.45569,1.54933,1.7,2,3.03272,0.267742,6.4779,0.575425,2.79072,0,0,0.267742,6.4779,-0.301178,6.57006,1.03272,1,-0.666667,-1.04065,0,0.10049,1
0.525412,3.55552,1.48267,1.7,2,2.932,0.221459,6.47172,0.605028,2.79166,0,0,0.221459,6.47172,-0.333987,6.56242,0.932004,1,-0.666667,-0.923231,0,0.109089,1
0.537526,3.65476,1.416,1.7,2,2.8322,0.185957,6.46506,0.645248,2.79368,0,0,0.185957,6.46506,-0.351778,6.53999,0.832203,1,-0.666667,-0.886369,0,0.112595,1
0.556225,3.75298,1.34933,1.7,2,2.73629,0.160707,6.46053,0.695525,2.79939,0,0,0.160707,6.46053,-0.368643,6.54773,0.736288,1,-0.666667,-0.966393,0,0.0992511,1
0.581425,3.84973,1.28267,1.7,2,2.64386,0.191038,6.46461,0.737372,2.80517,0,0,0.191038,6.46461,-0.305754,6.50258,0.64386,1,-0.666667,-0.804839,0,0.11484,1
0.613014,3.94459,1.216,1.7,2,2.55138,0.228345,6.4668,0.786192,2.8091,0,0,0.228345,6.4668,-0.240828,6.4713,0.551375,1,-0.666667,-0.841263,0,0.109936,1
0.650853,4.03714,1.14933,1.7,2,2.46618,0.186547,6.45922,0.883143,2.82538,0,0,0.186547,6.45922,-0.277949,6.47558,0.466182,1,-0.666667,-0.8593,0,0.099143,1
0.694773,4.12696,1.08267,1.7,2,2.38807,0.156272,6.45352,0.990609,2.84881,0,0,0.156272,6.45352,-0.300433,6.46787,0.388068,1,-0.666667,-0.692945,0,0.112728,1
0.744579,4.21365,1.016,1.7,2,2.31776,0.136405,6.45019,1.10728,2.87984,0,0,0.136405,6.45019,0.564118,6.66383,0.317759,1,-0.666667,-0.628014,0,0.111954,1
0.800049,4.29683,0.949333,1.7,2,2.25201,0.202294,6.46806,1.18439,2.90078,0,0,0.202294,6.46806,-0.210752,6.42628,0.252006,1,-0.666667,-0.662475,0,0.0992535,1
0.860938,4.37613,0.882667,1.7,2,2.19344,0.162302,6.45534,1.34079,2.94804,0,0,0.162302,6.45534,2.65368,6.48058,0.193441,1,-0.666667,-0.529501,0,0.110604,1
0.926974,4.4512,0.816,1.7,2,2.1478,0.165915,6.45965,1.47699,2.99972,1.47699,2.99972,0.165915,6.45965,2.61503,6.51751,0.1478,2,-0.666667,-0.406664,0,0.112231,1
0.997864,4.52171,0.749333,1.7,2,2.11156,0.209135,6.48043,1.5912,3.04824,1.47699,2.99972,0.209135,6.48043,2.63928,6.54389,0.104378,2,-0.666667,-0.434825,0,0.0998625,1
1.07329,4.58733,0.682667,1.7,2,2.08032,0.223379,6.48612,1.73501,3.10899,1.47699,2.99972,0.223379,6.48612,2.61778,6.5723,0.0618645,2,-0.666667,-0.371044,0,0.114577,1
1.15293,4.64779,0.616,1.7,2,2.06401,0.174592,6.46521,1.92838,3.20726,1.47699,2.99972,0.174592,6.46521,2.69995,6.57838,0.0203733,2,-0.666667,-0.352878,0,0.117579,1
1.23641,4.7028,0.549333,1.7,2,2.0637,0.1898,6.48142,2.06626,3.29255,1.47699,2.99972,0.1898,6.48142,2.70176,6.61071,-0.0199918,2,-0.666667,-0.400366,0,0.100821,1
1.32338,4.75213,0.482667,1.7,2,2.06848,0.268736,6.53156,2.15522,3.34861,1.47699,2.99972,0.268736,6.53156,2.6666,6.64605,-0.0591352,2,-0.666667,-0.34831,0,0.112381,1
1.41343,4.79556,0.416,1.7,2,2.08692,0.221354,6.50851,2.33484,3.47155,1.47699,2.99972,0.221354,6.50851,2.72856,6.66229,-0.0969684,2,-0.666667,-0.336133,0,0.112554,1
1.50618,4.8329,0.349333,1.7,2,2.12074,0.171121,6.48067,2.50037,3.60584,1.47699,2.99972,0.171121,6.48067,2.75602,6.68692,-0.133409,2,-0.666667,-0.369724,0,0.0985626,1
1.60121,4.86397,0.282667,1.7,2,2.09003,2.37754,6.80447,1.00321,3.36918,1.47699,2.99972,2.37754,6.80447,-0.0365224,6.38077,-0.168382,2,-0.666667,-0.314844,0,0.111081,1
1.6981,4.88864,0.216,1.7,2,2.05355,2.38779,6.82291,1.14514,3.33782,1.47699,2.99972,2.38779,6.82291,-0.0837218,6.36396,-0.201817,2,-0.666667,-0.298183,0,0.112128,1
1.79642,4.9068,0.149333,1.7,2,2.02449,2.43692,6.8273,1.26633,3.31735,1.47699,2.99972,2.43692,6.8273,-0.141708,6.33801,-0.233649,2,-0.666667,-0.321783,0,0.0989224,1
1.89573,4.91837,0.0826667,1.7,2,2.00221,2.48993,6.83038,1.39188,3.29707,1.47699,2.99972,2.48993,6.83038,-0.0745281,6.36375,-0.263817,2,-0.666667,-0.264041,0,0.114256,1
1.99559,4.9233,0.016,1.7,2,1.98931,2.51326,6.84407,1.55043,3.27154,1.47699,2.99972,2.51326,6.84407,-0.0596739,6.36688,-0.292266,2,-0.666667,-0.255311,0,0.11143,1
2.09556,4.92157,-0.0506667,1.7,2,1.98935,2.50588,6.86814,1.74272,3.2477,1.47699,2.99972,2.50588,6.86814,-0.0611803,6.37101,-0.318945,2,-0.666667,-0.268339,0,0.0994235,1
2.19519,4.91318,-0.117333,1.7,2,2.00063,2.49859,6.89067,1.93747,3.23347,1.47699,2.99972,2.49859,6.89067,-0.0686946,6.36784,0.00063467,1,0.666667,2.84463,0,0.112345,1
2.29475,4.90402,-0.0586667,1.7,2,2.01932,2.48343,6.91451,2.13771,3.2307,1.47699,2.99972,2.48343,6.91451,2.88513,6.91496,0.0193243,1,0.666667,0.163284,0,0.114461,1
2.3947,4.90149,0.008,1.7,2,2.03336,2.59106,6.92534,2.23375,3.24264,1.47699,2.99972,2.59106,6.92534,2.22819,7.03713,0.0333605,1,0.666667,0.140157,0,0.100146,1
2.49459,4.90562,0.0746667,1.7,2,2.04039,2.66256,6.93909,2.35797,3.25164,1.47699,2.99972,2.66256,6.93909,2.29969,7.01543,0.0403941,1,0.666667,0.062088,0,0.113284,1
2.59399,4.91639,0.141333,1.7,2,2.04389,2.69748,6.95766,2.51014,3.26241,1.47699,2.99972,2.69748,6.95766,2.33007,7.03602,0.0438867,1,0.666667,0.0318287,0,0.109731,1
2.69245,4.93377,0.208,1.7,2,2.04414,2.73108,6.97755,2.66117,3.27821,1.47699,2.99972,2.73108,6.97755,2.35909,7.05836,0.0441449,1,0.666667,0.00263676,0,0.097926,1
2.78954,4.95766,0.274667,1.7,2,2.04138,2.72766,6.9981,2.83982,3.2998,1.47699,2.99972,2.72766,6.9981,3.13246,7.0603,0.041378,1,0.666667,-0.0241164,0,0.114729,1
2.88481,4.98797,0.341333,1.7,2,2.03668,2.75846,7.02073,2.988,3.32786,1.47699,2.99972,2.75846,7.02073,3.15946,7.0902,0.0366781,1,0.666667,-0.0416294,0,0.1129,1
2.97786,5.02456,0.408,1.7,2,2.02698,2.85848,7.04802,3.0764,3.35444,1.47699,2.99972,2.85848,7.04802,2.48381,7.10215,0.0269761,1,-0.666667,-0.099342,0,0.0976623,1
3.07062,5.06187,0.349333,1.7,2,2.01486,2.96464,7.07394,3.15926,3.37907,1.47699,2.99972,2.96464,7.07394,2.60232,7.08786,0.0148599,1,-0.666667,-0.107281,0,0.112939,1
3.16565,5.09295,0.282667,1.7,2,2.01206,2.94851,7.09326,3.34781,3.41487,1.47699,2.99972,2.94851,7.09326,2.58041,7.10796,0.0120649,1,0.666667,-0.0252212,0,0.110819,1
3.26092,5.12328,0.341333,1.7,2,2.01473,2.96115,7.11558,3.51167,3.45677,1.47699,2.99972,2.96115,7.11558,2.5898,7.12247,0.0147316,1,0.666667,0.0266929,0,0.0999034,1
3.35397,5.15987,0.408,1.7,2,2.01591,2.99087,7.14281,3.6573,3.50332,1.47699,2.99972,2.99087,7.14281,2.61454,7.15061,0.015914,1,0.666667,0.0103929,0,0.113762,1
3.44437,5.20257,0.474667,1.7,2,2.01364,2.98468,7.16304,3.82934,3.56074,1.47699,2.99972,2.98468,7.16304,3.36406,7.29669,0.0136383,1,0.666667,-0.0229012,0,0.0993705,1
3.53172,5.25121,0.541333,1.7,2,2.00763,3.07956,7.20726,3.91288,3.60232,1.47699,2.99972,3.07956,7.20726,2.70908,7.18774,0.00763345,1,-0.666667,-0.0541734,0,0.110844,1
3.6187,5.30052,0.482667,1.7,2,1.9994,3.1467,7.24341,4.02016,3.64798,1.47699,2.99972,3.1467,7.24341,2.78064,7.2138,-0.000601292,1,-0.666667,-0.0739047,0,0.111424,1
3.70876,5.34395,0.416,1.7,2,1.99878,3.16336,7.26688,4.17296,3.70729,1.47699,2.99972,3.16336,7.26688,2.79546,7.23026,-0.00121725,1,-0.666667,-0.00617845,0,0.099694,1
3.80151,5.38128,0.349333,1.7,2,2.00819,3.18043,7.29102,4.32473,3.77241,1.47699,2.99972,3.18043,7.29102,2.8173,7.23112,0.00819278,1,0.666667,0.0812563,0,0.115807,1
3.89454,5.41789,0.408,1.7,2,2.02595,3.1561,7.30447,4.50473,3.85901,1.47699,2.99972,3.1561,7.30447,3.51132,7.51073,0.025949,1,0.666667,0.154781,0,0.114718,1
3.98495,5.4606,0.474667,1.7,2,2.03954,3.18161,7.33526,4.63897,3.93437,1.47699,2.99972,3.18161,7.33526,3.53159,7.55813,0.0395401,1,0.666667,0.136589,0,0.0995034,1
4.0723,5.50923,0.541333,1.7,2,2.04977,3.20551,7.36671,4.77013,4.01381,1.47699,2.99972,3.20551,7.36671,3.55494,7.58181,0.0497711,1,0.666667,0.0898131,0,0.113915,1
4.15622,5.56358,0.608,1.7,2,2.05473,3.2932,7.42828,4.84727,4.07047,1.47699,2.99972,3.2932,7.42828,2.92359,7.33475,0.0547292,1,0.666667,0.0455421,0,0.10887,1
4.23634,5.62339,0.674667,1.7,2,2.05316,3.37984,7.48937,4.92334,4.12669,1.47699,2.99972,3.37984,7.48937,3.02486,7.37591,0.0531557,1,0.666667,-0.0155505,0,0.10119,1
4.31229,5.68841,0.741333,1.7,2,2.04676,3.39983,7.52052,5.04932,4.20855,1.47699,2.99972,3.39983,7.52052,3.03901,7.41072,0.0467579,1,0.666667,-0.0574082,0,0.111443,1
4.38374,5.75835,0.808,1.7,2,2.03741,3.41799,7.55233,5.17182,4.2944,1.47699,2.99972,3.41799,7.55233,3.06298,7.43104,0.0374105,1,0.666667,-0.082673,0,0.113065,1
4.45038,5.83289,0.874667,1.7,2,2.02298,3.43539,7.58281,5.29179,4.38222,1.47699,2.99972,3.43539,7.58281,3.0747,7.46571,0.022979,1,-0.666667,-0.142823,0,0.101045,1
4.51625,5.90811,0.818667,1.7,2,2.00974,3.45405,7.6142,5.4096,4.47321,1.47699,2.99972,3.45405,7.6142,3.76092,7.8855,0.00973511,1,-0.666667,-0.117326,0,0.112881,1
4.58695,5.9788,0.752,1.7,2,2.00518,3.46316,7.63948,5.53679,4.57516,1.47699,2.99972,3.46316,7.63948,3.76195,7.91426,0.00518179,1,-0.666667,-0.0416247,0,0.10939,1
4.6622,6.04463,0.685333,1.7,2,2.0091,3.53099,7.705,5.61425,4.64722,1.47699,2.99972,3.53099,7.705,3.19784,7.54696,0.00909925,1,0.666667,0.039192,0,0.0999556,1
4.73797,6.10987,0.744,1.7,2,2.0164,3.56337,7.74883,5.71869,4.74141,1.47699,2.99972,3.56337,7.74883,3.24081,7.57456,0.0164042,1,0.666667,0.0624867,0,0.116903,1
4.80923,6.17999,0.810667,1.7,2,2.01952,3.58129,7.78331,5.83102,4.84584,1.47699,2.99972,3.58129,7.78331,3.26274,7.59969,0.0195189,1,0.666667,0.0278348,0,0.1119,1
4.87567,6.25471,0.877333,1.7,2,2.01913,3.59768,7.81792,5.93956,4.95337,1.47699,2.99972,3.59768,7.81792,3.27271,7.63506,0.0191269,1,0.666667,-0.00391754,0,0.100053,1
4.93698,6.33368,0.944,1.7,2,2.01543,3.61243,7.85273,6.04409,5.064,1.47699,2.99972,3.61243,7.85273,3.28086,7.67062,0.0154264,1,0.666667,-0.032636,0,0.113387,1
4.99289,6.41657,1.01067,1.7,2,2.00668,3.62673,7.88639,6.14572,5.17628,1.47699,2.99972,3.62673,7.88639,3.87615,8.21021,0.00668144,1,-0.666667,-0.0783946,0,0.11155,1
5.04806,6.49996,0.953333,1.7,2,1.99837,3.64435,7.92232,6.24332,5.28881,1.47699,2.99972,3.64435,7.92232,3.89577,8.23286,-0.00162637,1,-0.666667,-0.0843675,0,0.0984717,1
5.10863,6.5795,0.886667,1.7,2,1.99799,3.70072,7.99717,6.30796,5.37185,1.47699,2.99972,3.70072,7.99717,3.39255,7.78996,-0.00200617,1,-0.666667,-0.0031275,0,0.121439,1
5.17436,6.65484,0.82,1.7,2,2.0045,3.73288,8.04772,6.39364,5.47666,1.47699,2.99972,3.73288,8.04772,3.45406,7.81596,0.00449657,1,0.666667,0.0588637,0,0.110471,1
5.24068,6.72966,0.878667,1.7,2,2.01608,3.73438,8.06966,6.49882,5.61042,1.47699,2.99972,3.73438,8.06966,3.45359,7.83151,0.0160785,1,0.666667,0.115936,0,0.0998987,1
5.30189,6.80872,0.945333,1.7,2,2.02488,3.76991,8.13279,6.56925,5.71335,1.47699,2.99972,3.76991,8.13279,3.48954,7.89066,0.0248768,1,0.666667,0.0784802,0,0.112109,1
5.35769,6.89168,1.012,1.7,2,2.03014,3.75828,8.14202,6.67325,5.86322,1.47699,2.99972,3.75828,8.14202,3.95698,8.50396,0.0301394,1,0.666667,0.0465292,0,0.113104,1
5.40784,6.97817,1.07867,1.7,2,2.02774,3.77148,8.17568,6.75734,5.99059,1.47699,2.99972,3.77148,8.17568,3.95934,8.54225,0.0277371,1,0.666667,-0.0239605,0,0.100261,1
5.45212,7.06781,1.14533,1.7,2,2.02357,3.782,8.2104,6.83574,6.12123,1.47699,2.99972,3.782,8.2104,3.97662,8.56287,0.0235662,1,0.666667,-0.0361781,0,0.115288,1
5.49033,7.1602,1.212,1.7,2,2.01356,3.83205,8.30237,6.87921,6.20359,1.47699,2.99972,3.83205,8.30237,4.00766,8.67202,0.0135591,1,-0.666667,-0.0914325,0,0.109448,1
5.52782,7.25289,1.15333,1.7,2,2.00104,3.90728,8.42679,6.90371,6.25621,6.90371,6.25621,3.90728,8.42679,3.67079,8.15538,0.00104499,2,-0.666667,-0.125628,0,0.0996123,1
5.57138,7.34288,1.08667,1.7,2,1.99627,3.91132,8.45162,6.98817,6.39662,6.90371,6.25621,3.91132,8.45162,3.67495,8.17689,-0.00373209,1,-0.666667,-0.0423436,0,0.112817,1
5.62084,7.42978,1.02,1.7,2,2.00125,3.89754,8.44725,7.08365,6.5661,6.90371,6.25621,3.89754,8.44725,3.6518,8.16826,0.00125194,1,0.666667,0.0441722,0,0.112832,1
5.67108,7.51622,1.07733,1.7,2,2.01303,3.89821,8.46975,7.15679,6.71713,6.90371,6.25621,3.89821,8.46975,3.65273,8.18269,0.013025,1,0.666667,0.117987,0,0.0997828,1
5.71548,7.6058,1.144,1.7,2,2.01992,3.90705,8.50563,7.21964,6.85737,6.90371,6.25621,3.90705,8.50563,4.03383,8.89402,0.0199201,1,0.666667,0.0595848,0,0.115718,1
5.75381,7.69814,1.21067,1.7,2,2.02295,3.91497,8.54135,7.27823,6.99911,6.90371,6.25621,3.91497,8.54135,4.03134,8.93286,0.0229509,1,0.666667,0.0280443,0,0.108071,1
5.7859,7.79283,1.27733,1.7,2,2.02118,3.93681,8.60893,7.32179,7.11497,6.90371,6.25621,3.93681,8.60893,4.05169,8.99879,0.0211792,1,0.666667,-0.017811,0,0.0994718,1
5.81162,7.88945,1.344,1.7,2,2.01221,3.98786,8.73968,7.34134,7.1763,6.90371,6.25621,3.98786,8.73968,3.79668,8.42915,0.0122085,1,-0.666667,-0.0796579,0,0.112616,1
5.83671,7.98623,1.284,1.7,2,2.00141,4.00035,8.78213,7.39521,7.31076,6.90371,6.25621,4.00035,8.78213,3.7957,8.47369,0.0014081,1,-0.666667,-0.0943555,0,0.114465,1
5.86817,8.08114,1.21733,1.7,2,1.9999,4.00427,8.80604,7.45265,7.4649,6.90371,6.25621,4.00427,8.80604,3.82089,8.48844,-0.000101328,1,-0.666667,-0.015192,0,0.0993567,1
5.90588,8.17373,1.15067,1.7,2,2.00822,4.0079,8.82992,7.5048,7.62094,6.90371,6.25621,4.0079,8.82992,4.07072,9.23633,0.00821948,1,0.666667,0.0724238,0,0.114891,1
5.94466,8.26589,1.20533,1.7,2,2.02147,4.01089,8.85487,7.55036,7.77683,6.90371,6.25621,4.01089,8.85487,3.83385,8.52281,0.0214729,1,0.666667,0.120761,0,0.10975,1
5.97726,8.36041,1.272,1.7,2,2.03184,4.01576,8.89039,7.58767,7.92528,6.90371,6.25621,4.01576,8.89039,4.05312,9.30386,0.0318379,1,0.666667,0.104599,0,0.099093,1
6.00349,8.45689,1.33867,1.7,2,2.03764,4.0205,8.92565,7.62126,8.07445,6.90371,6.25621,4.0205,8.92565,4.06697,9.33127,0.0376389,1,0.666667,0.0505954,0,0.114654,1
6.02323,8.5549,1.40533,1.7,2,2.03721,4.05074,9.0643,7.63321,8.13912,6.90371,6.25621,4.05074,9.0643,3.90192,8.72112,0.0372066,1,0.666667,-0.00374934,0,0.115288,1
6.03641,8.65401,1.472,1.7,2,2.02935,4.06446,9.13329,7.65979,8.25945,6.90371,6.25621,4.06446,9.13329,3.92104,8.78935,0.0293529,1,-0.666667,-0.0794286,0,0.0988781,1
6.04881,8.75322,1.41333,1.7,2,2.02038,4.08038,9.20847,7.68523,8.37475,6.90371,6.25621,4.08038,9.20847,3.95375,8.86383,0.0203819,1,-0.666667,-0.0761706,0,0.117775,1
6.06777,8.85139,1.34667,1.7,2,2.02095,4.08289,9.23152,7.71685,8.53556,6.90371,6.25621,4.08289,9.23152,3.95948,8.88236,0.0209503,1,0.666667,0.00564426,0,0.100702,1
6.08699,8.9495,1.41067,1.7,2,2.0289,4.07871,9.238,7.74111,8.71188,6.90371,6.25621,4.07871,9.238,3.95826,8.88167,0.0288956,1,0.666667,0.0706061,0,0.11253,1
6.09963,9.04868,1.47733,1.7,2,2.0289,4.0832,9.27326,7.76046,8.8637,6.90371,6.25621,4.0832,9.27326,3.96935,8.91298,0.0289001,1,0.666667,4.06359e-05,0,0.111477,1
6.10564,9.14848,1.544,1.7,2,2.02522,4.08676,9.30863,7.77517,9.01605,6.90371,6.25621,4.08676,9.30863,4.04883,9.72026,0.0252242,1,0.666667,-0.0368476,0,0.0997606,1
6.10499,9.24846,1.61067,1.7,2,2.01742,4.09181,9.3792,7.78403,9.13942,6.90371,6.25621,4.09181,9.3792,4.05396,9.78714,0.0174181,1,-0.666667,-0.0645303,0,0.120967,1
6.10319,9.34843,1.556,1.7,2,2.00726,4.10311,9.51806,7.78987,9.20537,6.90371,6.25621,4.10311,9.51806,4.03256,9.16173,0.0072608,1,-0.666667,-0.0879668,0,0.115468,1
6.108,9.44829,1.48933,1.7,2,2.00473,4.10544,9.5416,7.80143,9.36939,6.90371,6.25621,4.10544,9.5416,4.04126,9.18235,0.00472665,1,-0.666667,-0.0253491,0,0.0999701,1
6.11945,9.54762,1.42267,1.7,2,2.0103,4.10922,9.56472,7.80908,9.53324,6.90371,6.25621,4.10922,9.56472,4.05214,9.2012,0.0103049,1,0.666667,0.0498396,0,0.111925,1
6.13167,9.64685,1.48133,1.7,2,2.02351,4.10925,9.58068,7.80727,9.70167,6.90371,6.25621,4.10925,9.58068,4.05875,9.211,0.0235059,1,0.666667,0.115497,0,0.114297,1
6.13728,9.74667,1.548,1.7,2,2.03041,4.11109,9.61587,7.8034,9.85423,6.90371,6.25621,4.11109,9.61587,4.01031,10.0194,0.030411,1,0.666667,0.070671,0,0.0977075,1
6.13623,9.84665,1.61467,1.7,2,2.03382,4.11182,9.65124,7.7947,10.0067,6.90371,6.25621,4.11182,9.65124,3.99782,10.052,0.0338171,1,0.666667,0.0289675,0,0.117582,1
6.12852,9.94633,1.68133,1.7,2,2.03349,4.11166,9.68678,7.7814,10.159,6.90371,6.25621,4.11166,9.68678,4.00975,10.0821,0.0334876,1,0.666667,-0.00290868,0,0.11328,1
6.11418,10.0453,1.748,1.7,2,2.02696,4.103,9.79289,7.7742,10.2536,6.90371,6.25621,4.103,9.79289,4.0746,9.41576,0.026958,1,0.666667,-0.0654384,0,0.0997819,1
6.09329,10.1431,1.81467,1.7,2,2.01318,4.095,9.89867,7.76763,10.3478,6.90371,6.25621,4.095,9.89867,4.08605,9.53043,0.0131812,1,-0.666667,-0.120007,0,0.1148,1
6.07139,10.2406,1.75867,1.7,2,1.99759,4.09211,9.97075,7.75819,10.4706,6.90371,6.25621,4.09211,9.97075,4.09954,9.60888,-0.00240672,1,-0.666667,-0.135486,0,0.115052,1
6.056,10.3394,1.692,1.7,2,1.99224,4.09369,9.99536,7.73811,10.6343,6.90371,6.25621,4.09369,9.99536,4.10767,9.63241,-0.00775933,1,-0.666667,-0.0554937,0,0.0964545,1
6.04723,10.439,1.62533,1.7,2,1.99796,4.10146,9.98532,7.70481,10.8255,6.90371,6.25621,4.10146,9.98532,4.10753,9.61066,-0.00203848,1,0.666667,0.0493144,0,0.116008,1
6.0396,10.5387,1.68,1.7,2,2.00908,4.10133,10.01,7.67093,10.9836,6.90371,6.25621,4.10133,10.01,4.12955,9.63757,0.00907826,1,0.666667,0.100928,0,0.110145,1
6.02539,10.6377,1.74667,1.7,2,2.01456,4.11026,10.0126,7.62764,11.1606,6.90371,6.25621,4.11026,10.0126,3.94994,10.38,0.0145633,1,0.666667,0.0550291,0,0.0996757,1
6.00463,10.7355,1.81333,1.7,2,2.01653,4.08567,10.1158,7.60664,11.2528,6.90371,6.25621,4.08567,10.1158,4.12292,9.73931,0.0165324,1,0.666667,0.0170188,0,0.115702,1
5.9774,10.8317,1.88,1.7,2,2.01162,4.06117,10.2195,7.58571,11.3454,6.90371,6.25621,4.06117,10.2195,4.11353,9.85245,0.01162,1,-0.666667,-0.0425245,0,0.115519,1
5.94906,10.9275,1.82533,1.7,2,2.00425,4.03846,10.3221,7.56558,11.4398,7.56558,11.4398,4.03846,10.3221,4.11667,9.97025,0.00425053,2,-0.666667,-0.0720663,0,0.10226,1
5.92713,11.0251,1.75867,1.7,2,2.00685,4.05062,10.3136,7.5103,11.6253,7.56558,11.4398,4.05062,10.3136,4.12431,9.95193,0.00685358,1,0.666667,0.0235437,0,0.110563,1
5.90631,11.1229,1.81333,1.7,2,2.01689,4.06231,10.3059,7.44515,11.8047,7.56558,11.4398,4.06231,10.3059,3.82589,10.6465,0.016886,1,0.666667,0.08638,0,0.116143,1
5.87908,11.2191,1.88,1.7,2,2.01896,4.06008,10.343,7.39362,11.9485,7.56558,11.4398,4.06008,10.343,3.83134,10.6813,0.0189559,1,0.666667,0.0199716,0,0.103644,1
5.84549,11.3133,1.94667,1.7,2,2.01969,4.03857,10.411,7.3488,12.0639,7.56558,11.4398,4.03857,10.411,3.80282,10.7454,0.0196879,1,0.666667,0.00693889,0,0.105484,1
5.80571,11.405,2.01333,1.7,2,2.01578,4.01535,10.4787,7.30159,12.1789,7.56558,11.4398,4.01535,10.4787,4.11417,10.1138,0.0157816,1,0.666667,-0.0341937,0,0.114239,1
5.75991,11.4939,2.08,1.7,2,2.00613,3.99148,10.5466,7.25307,12.2936,7.56558,11.4398,3.99148,10.5466,4.11172,10.198,0.00613475,1,-0.666667,-0.0980471,0,0.0983904,1
5.71342,11.5824,2.02133,1.7,2,1.99369,3.95006,10.6521,7.2226,12.3785,7.56558,11.4398,3.95006,10.6521,4.08467,10.3184,-0.00630629,1,-0.666667,-0.106393,0,0.116935,1
5.67291,11.6738,1.95467,1.7,2,1.98972,3.96728,10.6492,7.139,12.5545,7.56558,11.4398,3.96728,10.6492,4.10732,10.3131,-0.0102804,1,-0.666667,-0.0349441,0,0.113727,1
5.63857,11.7677,1.888,1.7,2,1.99746,3.96668,10.6747,7.06362,12.6993,7.56558,11.4398,3.96668,10.6747,4.11422,10.3375,-0.00254285,1,0.666667,0.0776287,0,0.0996735,1
5.60497,11.8618,1.94667,1.7,2,2.01126,3.9683,10.6929,6.97919,12.8434,7.56558,11.4398,3.9683,10.6929,4.12133,10.3502,0.0112615,1,0.666667,0.119755,0,0.115272,1
5.56519,11.9536,2.01333,1.7,2,2.02014,3.9594,10.7278,6.90049,12.9728,7.56558,11.4398,3.9594,10.7278,3.64803,11.0037,0.0201397,1,0.666667,0.0794162,0,0.111794,1
5.51938,12.0424,2.08,1.7,2,2.02639,3.94849,10.7624,6.8168,13.0996,7.56558,11.4398,3.94849,10.7624,3.64581,11.0389,0.0263898,1,0.666667,0.0636026,0,0.0982687,1
5.46776,12.1281,2.14667,1.7,2,2.02662,3.89267,10.8528,6.76832,13.181,7.56558,11.4398,3.89267,10.8528,4.068,10.5181,0.0266199,1,0.666667,0.00204869,0,0.112303,1
5.41055,12.2101,2.21333,1.7,2,2.01991,3.83668,10.944,6.71965,13.2631,7.56558,11.4398,3.83668,10.944,4.03407,10.6369,0.0199072,1,-0.666667,-0.0548031,0,0.122487,1
5.3525,12.2915,2.15733,1.7,2,2.01292,3.84739,10.9549,6.61398,13.4117,7.56558,11.4398,3.84739,10.9549,4.04197,10.6376,0.0129189,1,-0.666667,-0.0698298,0,0.100076,1
5.29997,12.3765,2.09067,1.7,2,2.01367,3.84625,10.9831,6.51738,13.5434,7.56558,11.4398,3.84625,10.9831,4.04724,10.6658,0.0136726,1,0.666667,0.00671955,0,0.112157,1
5.2481,12.462,2.14933,1.7,2,2.02303,3.84654,11.0032,6.40991,13.6713,7.56558,11.4398,3.84654,11.0032,3.50774,11.2367,0.0230303,1,0.666667,0.082097,0,0.113983,1
5.19067,12.5439,2.216,1.7,2,2.02894,3.83219,11.0368,6.30954,13.7851,7.56558,11.4398,3.83219,11.0368,3.48095,11.257,0.0289416,1,0.666667,0.0599185,0,0.0986566,1
5.12792,12.6217,2.28267,1.7,2,2.03114,3.81655,11.0706,6.20539,13.8961,7.56558,11.4398,3.81655,11.0706,3.47285,11.2916,0.0311403,1,0.666667,0.0190705,0,0.115293,1
5.06012,12.6952,2.34933,1.7,2,2.02653,3.72013,11.1749,6.16666,13.9506,7.56558,11.4398,3.72013,11.1749,3.96554,10.9015,0.0265338,1,0.666667,-0.040226,0,0.114515,1
4.98758,12.764,2.416,1.7,2,2.01655,3.7029,11.2096,6.06005,14.0616,7.56558,11.4398,3.7029,11.2096,3.94748,10.9311,0.0165453,1,-0.666667,-0.0983051,0,0.101608,1
4.91408,12.8318,2.364,1.7,2,2.00364,3.66534,11.2649,5.97132,14.1584,7.56558,11.4398,3.66534,11.2649,3.91278,10.9916,0.0036397,1,-0.666667,-0.118709,0,0.108717,1
4.84521,12.9042,2.29733,1.7,2,2.00228,3.68611,11.2716,5.82801,14.2886,7.56558,11.4398,3.68611,11.2716,3.31924,11.4497,0.00227809,1,-0.666667,-0.0120541,0,0.112958,1
4.78132,12.9811,2.23067,1.7,2,2.01308,3.67926,11.2965,5.70483,14.3928,7.56558,11.4398,3.67926,11.2965,3.94397,11.0267,0.0130832,1,0.666667,0.108765,0,0.0993439,1
4.71803,13.0585,2.28933,1.7,2,2.02781,3.70931,11.2994,5.54985,14.5092,7.56558,11.4398,3.70931,11.2994,3.3324,11.455,0.027812,1,0.666667,0.130372,0,0.112975,1
4.64975,13.1316,2.356,1.7,2,2.04001,3.62939,11.3651,5.48002,14.569,7.56558,11.4398,3.62939,11.3651,3.91531,11.115,0.0400131,1,0.666667,0.101135,0,0.120642,1
4.57675,13.1999,2.42267,1.7,2,2.04509,3.51759,11.4504,5.43382,14.6156,5.43382,14.6156,3.51759,11.4504,3.81478,11.2346,0.0450914,2,0.666667,0.0516044,0,0.0984086,1
4.49936,13.2632,2.48933,1.7,2,2.04426,3.52794,11.4645,5.28615,14.7201,5.43382,14.6156,3.52794,11.4645,3.82948,11.2462,0.0442553,1,0.666667,-0.00728623,0,0.114755,1
4.41792,13.3212,2.556,1.7,2,2.04108,3.50553,11.4954,5.15948,14.8051,5.43382,14.6156,3.50553,11.4954,3.80845,11.2705,0.0410781,1,0.666667,-0.0327498,0,0.0970133,1
4.3328,13.3736,2.62267,1.7,2,2.03444,3.48163,11.5258,5.02964,14.8864,5.43382,14.6156,3.48163,11.5258,3.78618,11.2949,0.0344436,1,0.666667,-0.0589788,0,0.112489,1
4.24438,13.4203,2.68933,1.7,2,2.02424,3.45628,11.5558,4.8968,14.9639,5.43382,14.6156,3.45628,11.5558,3.76688,11.3376,0.0242431,1,-0.666667,-0.089912,0,0.11345,1
4.15559,13.4663,2.63067,1.7,2,2.01502,3.42448,11.5886,4.76695,15.0364,5.43382,14.6156,3.42448,11.5886,3.02303,11.6729,0.0150223,1,-0.666667,-0.0926488,0,0.0995247,1
4.07006,13.5181,2.564,1.7,2,2.01366,3.34535,11.6393,4.67696,15.0914,5.43382,14.6156,3.34535,11.6393,3.66933,11.4744,0.0136642,1,0.666667,-0.0118108,0,0.114982,1
3.98499,13.5706,2.62133,1.7,2,2.01584,3.33506,11.6624,4.52798,15.1648,5.43382,14.6156,3.33506,11.6624,3.66454,11.5027,0.0158436,1,0.666667,0.0194687,0,0.111943,1
3.89663,13.6174,2.688,1.7,2,2.01734,3.34094,11.6781,4.36013,15.2349,5.43382,14.6156,3.34094,11.6781,3.67462,11.5012,0.017345,1,0.666667,0.0149861,0,0.100181,1
3.80535,13.6582,2.75467,1.7,2,2.01142,3.31298,11.708,4.2187,15.2954,5.43382,14.6156,3.31298,11.708,2.90153,11.7348,0.0114152,1,-0.666667,-0.052161,0,0.113681,1
3.7137,13.6981,2.69733,1.7,2,2.01002,3.28022,11.7354,4.07817,15.3484,5.43382,14.6156,3.28022,11.7354,2.87671,11.769,0.010016,1,0.666667,-0.0120327,0,0.11629,1
3.62256,13.7392,2.75067,1.7,2,2.01478,3.29354,11.7515,3.89776,15.4018,5.43382,14.6156,3.29354,11.7515,2.89275,11.7767,0.0147772,1,0.666667,0.0485724,0,0.0980232,1
3.5289,13.7742,2.81733,1.7,2,2.01419,3.19373,11.7881,3.80943,15.4365,5.43382,14.6156,3.19373,11.7881,3.54437,11.6692,0.0141878,1,0.666667,-0.00497441,0,0.11848,1
3.43312,13.8029,2.884,1.7,2,2.00734,3.12744,11.819,3.69088,15.4758,5.43382,14.6156,3.12744,11.819,3.47846,11.71,0.00733948,1,-0.666667,-0.0607104,0,0.112803,1
3.33712,13.8308,2.82533,1.7,2,2.00191,3.08897,11.8444,3.54761,15.5158,5.43382,14.6156,3.08897,11.8444,3.44233,11.7391,0.00191474,1,-0.666667,-0.0542607,0,0.0999755,1
3.24319,13.8651,2.75867,1.7,2,2.00792,3.10521,11.8619,3.35946,15.5532,5.43382,14.6156,3.10521,11.8619,2.69452,11.8089,0.00792456,1,0.666667,0.0526294,0,0.114191,1
3.14956,13.9002,2.816,1.7,2,2.02122,3.12645,11.8791,3.16876,15.5789,5.43382,14.6156,3.12645,11.8791,2.72087,11.8219,0.0212162,1,0.666667,0.117164,0,0.113445,1
3.05382,13.929,2.88267,1.7,2,2.03213,3.05966,11.8969,3.04903,15.5969,5.43382,14.6156,3.05966,11.8969,2.65109,11.8249,0.0321293,1,0.666667,0.108969,0,0.100149,1
2.95637,13.9514,2.94933,1.7,2,2.03698,2.95581,11.9144,2.95683,15.6144,5.43382,14.6156,2.95581,11.9144,3.32284,11.8697,0.0369768,1,0.666667,0.0430075,0,0.112714,1
2.85765,13.9672,3.016,1.7,2,2.03554,2.92173,11.9326,2.80526,15.6308,5.43382,14.6156,2.92173,11.9326,3.28984,11.8991,0.0355432,1,0.666667,-0.0124724,0,0.114943,1
2.7581,13.9764,3.08267,1.7,2,2.03278,2.92196,11.9502,2.6237,15.6382,2.6237,15.6382,2.92196,11.9502,-0.435826,13.5489,0.0327842,2,0.666667,-0.0279,0,0.0988882,1
2.65815,13.9789,-3.13385,1.7,2,2.02665,2.88558,11.9651,2.47036,15.6417,2.6237,15.6382,2.88558,11.9651,-0.465868,13.6813,0.0404108,2,0.666667,0.0649027,0,0.117508,1
2.55825,13.9748,-3.06719,1.7,2,2.01961,2.88334,11.9816,2.28776,15.6333,2.6237,15.6382,2.88334,11.9816,-0.431954,13.6994,0.0353756,2,0.666667,-0.046822,0,0.107539,1
2.45885,13.9641,-3.00052,1.7,2,2.00902,2.776,11.9803,2.19191,15.6339,2.6237,15.6382,2.776,11.9803,-0.398465,13.7601,0.0178144,2,-0.666667,-0.175876,0,0.09985,1
2.35953,13.9526,-3.05919,1.7,2,1.99623,2.69661,11.985,2.07184,15.6319,2.6237,15.6382,2.69661,11.985,-0.454867,13.9171,-0.00618548,2,-0.666667,-0.209272,0,0.114683,1
2.25967,13.9477,-3.12585,1.7,2,1.99376,2.70484,12.0042,1.8787,15.6108,2.6237,15.6382,2.70484,12.0042,-0.422247,13.9055,-0.0292657,2,-0.666667,-0.202133,0,0.114183,1
2.15971,13.9494,3.09067,1.7,2,2.00329,2.71464,12.0245,1.6897,15.5797,2.6237,15.6382,2.71464,12.0245,-0.366218,13.9017,-0.0513397,2,-0.666667,-0.22089,0,0.0999321,1
2.06008,13.9578,3.024,1.7,2,2.02619,2.7285,12.0451,1.5079,15.5379,2.6237,15.6382,2.7285,12.0451,-0.346055,13.9048,-0.0723488,2,-0.666667,-0.182399,0,0.115182,1
1.96123,13.9729,2.95733,1.7,2,2.05848,2.71375,12.0569,1.36115,15.5008,2.6237,15.6382,2.71375,12.0569,-0.339806,13.9551,-0.0922386,2,-0.666667,-0.182719,0,0.108855,1
1.86361,13.9945,2.89067,1.7,2,1.99088,-0.0627866,13.4918,3.51737,14.4259,2.6237,15.6382,-0.0627866,13.4918,3.14937,12.1322,-0.110959,2,-0.666667,-0.188438,0,0.099346,1
1.76764,14.0225,2.824,1.7,2,1.87233,-0.0339185,13.5126,3.52623,14.5202,2.6237,15.6382,-0.0339185,13.5126,3.16575,12.1538,-0.128464,2,-0.666667,-0.154818,0,0.11307,1
1.67375,14.0569,2.75733,1.7,2,1.75893,0.000752641,13.5138,3.51999,14.6562,2.6237,15.6382,0.000752641,13.5138,3.18938,12.1841,-0.144712,2,-0.666667,-0.142695,0,0.113863,1
1.58236,14.0974,2.69067,1.7,2,1.65112,0.00477538,13.6102,3.54,14.702,2.6237,15.6382,0.00477538,13.6102,3.22873,12.2144,-0.159664,2,-0.666667,-0.151183,0,0.0988993,1
1.49388,14.144,2.624,1.7,2,1.54496,0.0274262,13.6577,3.53941,14.8222,2.6237,15.6382,0.0274262,13.6577,3.31059,12.2191,-0.173285,2,-0.666667,-0.117128,0,0.116295,1
1.40869,14.1963,2.55733,1.7,2,1.44701,0.0625924,13.6654,3.50456,15.0229,2.6237,15.6382,0.0625924,13.6654,3.11087,12.274,-0.185545,2,-0.666667,-0.110258,0,0.111193,1
1.32718,14.2542,2.49067,1.7,2,1.36073,0.0909892,13.6855,3.45235,15.2319,2.6237,15.6382,0.0909892,13.6855,3.18881,12.3064,-0.196416,2,-0.666667,-0.108717,0,0.0999924,1
1.2497,14.3174,2.424,1.7,2,1.2822,0.0773097,13.7982,3.46045,15.2964,2.6237,15.6382,0.0773097,13.7982,3.30243,12.3271,-0.205874,2,-0.666667,-0.0840475,0,0.112527,1
1.17661,14.3856,2.35733,1.7,2,1.20879,0.100191,13.8356,3.395,15.5191,2.6237,15.6382,0.100191,13.8356,3.33199,12.3803,-0.213897,2,-0.666667,-0.0706146,0,0.113625,1
1.10822,14.4585,2.29067,1.7,2,1.15212,0.144673,13.8269,3.2391,15.8554,2.6237,15.6382,0.144673,13.8269,3.29799,12.434,-0.220469,2,-0.666667,-0.066469,0,0.0988736,1
1.04485,14.5359,2.224,1.7,2,1.10541,0.111785,13.9431,3.23491,15.9271,2.6237,15.6382,0.111785,13.9431,3.31086,12.454,-0.225576,2,-0.666667,-0.0439116,0,0.116286,1
0.986768,14.6173,2.15733,1.7,2,1.06546,0.131466,13.9819,3.10166,16.1883,2.6237,15.6382,0.131466,13.9819,3.22988,12.4965,-0.934542,1,-0.666667,-6.35736,0,0.111519,1
0.934236,14.7023,2.09067,1.7,2,1.04574,0.154496,14.0055,2.91335,16.471,2.91335,16.471,0.154496,14.0055,0.00764934,14.1503,-0.954262,2,-0.666667,-0.196727,0,0.100238,1
0.887488,14.7907,2.024,1.7,2,1.03248,0.107869,14.1138,2.90171,16.5396,2.91335,16.471,0.107869,14.1138,0.226731,13.9757,-0.932017,2,-0.666667,0.195857,0,0.113577,1
0.846732,14.882,1.95733,1.7,2,1.03276,0.157647,14.1127,2.62638,16.8687,2.91335,16.471,0.157647,14.1127,0.00278951,14.2427,-0.967237,1,-0.666667,-0.361717,0,0.0973699,1
0.812148,14.9758,1.89067,1.7,2,1.04934,0.128248,14.1799,2.53969,16.9862,2.53969,16.9862,0.128248,14.1799,0.259889,14.0447,-0.950657,2,-0.666667,0.143635,0,0.115433,1
0.78389,15.0717,1.824,1.7,2,1.06943,0.118258,14.2347,2.42119,17.1306,2.53969,16.9862,0.118258,14.2347,0.261275,14.1089,-0.930566,1,-0.666667,0.172184,0,0.116685,1
0.762083,15.1693,1.75733,1.7,2,1.10439,0.171747,14.2359,2.14953,17.363,2.14953,17.363,0.171747,14.2359,-0.0152139,14.3448,-0.895608,2,0.666667,0.354827,0,0.0985197,1
0.740912,15.267,1.81733,1.7,2,1.14724,0.118188,14.3035,2.12656,17.411,2.14953,17.363,0.118188,14.3035,0.281709,14.1786,-0.825316,2,0.666667,0.615092,0,0.11428,1
0.713294,15.3631,1.884,1.7,2,1.18228,0.103403,14.3503,2.01208,17.52,2.14953,17.363,0.103403,14.3503,0.276555,14.2286,-0.817719,1,-0.666667,0.0666264,0,0.114023,1
0.684576,15.4589,1.82933,1.7,2,1.22352,0.144633,14.3609,1.77746,17.6812,1.77746,17.6812,0.144633,14.3609,-0.0770095,14.455,-0.776481,2,0.666667,0.407345,0,0.101235,1
0.656906,15.5549,1.884,1.7,2,1.27352,0.0975347,14.4108,1.72269,17.7348,1.77746,17.6812,0.0975347,14.4108,0.292455,14.2885,-0.703417,2,0.666667,0.636907,0,0.114718,1
0.622948,15.649,1.95067,1.7,2,1.31549,0.0621097,14.459,1.63955,17.8059,1.77746,17.6812,0.0621097,14.459,0.266848,14.3415,-0.637225,2,0.666667,0.59549,0,0.111155,1
0.582801,15.7406,2.01733,1.7,2,1.36103,0.10804,14.465,1.39869,17.9326,1.77746,17.6812,0.10804,14.465,-0.154085,14.5341,-0.638972,1,-0.666667,-0.0174634,0,0.100012,1
0.541606,15.8317,1.96267,1.7,2,1.41193,0.0691876,14.5011,1.30717,17.9878,1.30717,17.9878,0.0691876,14.5011,-0.205747,14.5653,-0.58807,2,0.666667,0.463433,0,0.109837,1
0.501071,15.923,2.02133,1.7,2,1.46147,0.0207736,14.5428,1.23674,18.0372,1.30717,17.9878,0.0207736,14.5428,0.260793,14.4373,-0.516571,2,0.666667,0.621867,0,0.114974,1
0.454559,16.0116,2.088,1.7,2,1.51352,0.0534868,14.5521,1.03396,18.1199,1.30717,17.9878,0.0534868,14.5521,-0.249715,14.5907,-0.452368,2,0.666667,0.638998,0,0.100475,1
0.402254,16.0968,2.15467,1.7,2,1.56894,0.0347453,14.5715,0.901435,18.1685,1.30717,17.9878,0.0347453,14.5715,-0.276971,14.6096,-0.431063,1,-0.666667,0.185632,0,0.114769,1
0.349079,16.1814,2.09867,1.7,2,1.61977,-0.0360657,14.6081,0.843712,18.202,0.843712,18.202,-0.0360657,14.6081,0.239232,14.5079,-0.380234,2,0.666667,0.448659,0,0.113291,1
0.296841,16.2667,2.15333,1.7,2,1.67702,0.0164958,14.6133,0.635021,18.2612,0.843712,18.202,0.0164958,14.6133,0.308418,14.5061,-0.322983,1,0.666667,0.569339,0,0.100556,1
0.239085,16.3483,2.22,1.7,2,1.73916,0.0330548,14.6214,0.471376,18.2953,0.471376,18.2953,0.0330548,14.6214,-0.312294,14.6313,-0.260841,2,0.666667,0.550972,0,0.112786,1
0.17602,16.4259,2.28667,1.7,2,1.79644,-0.104504,14.6515,0.473271,18.3061,0.471376,18.2953,-0.104504,14.6515,0.208737,14.5814,-0.192638,2,0.666667,0.606367,0,0.112478,1
0.107927,16.4991,2.35333,1.7,2,1.85017,-0.0586043,14.6564,0.274427,18.3414,0.471376,18.2953,-0.0586043,14.6564,0.271273,14.5684,-0.132642,2,0.666667,0.599957,0,0.100001,1
0.0351082,16.5676,2.42,1.7,2,1.90635,-0.0428722,14.6628,0.108479,18.3598,0.471376,18.2953,-0.0428722,14.6628,-0.423999,14.6321,-0.0936542,1,0.666667,0.341031,0,0.114323,1
-0.0421127,16.6311,2.48667,1.7,2,1.96152,-0.128516,14.6715,0.0344663,18.3679,0.471376,18.2953,-0.128516,14.6715,0.223218,14.609,-0.0384817,1,0.666667,0.489092,0,0.112806,1
-0.123393,16.6893,2.55333,1.7,2,2.00962,-0.148118,14.6799,-0.102596,18.3796,0.471376,18.2953,-0.148118,14.6799,0.21596,14.6159,0.00961614,1,0.666667,0.477743,0,0.100677,1
-0.208371,16.742,2.62,1.7,2,2.05996,-0.132356,14.6835,-0.268891,18.3809,0.471376,18.2953,-0.132356,14.6835,-0.545289,14.5869,0.0599561,1,0.666667,0.445328,0,0.11304,1
-0.29667,16.7889,2.68667,1.7,2,2.11102,-0.188598,14.6806,-0.378016,18.3758,0.471376,18.2953,-0.188598,14.6806,0.19983,14.6271,0.111025,1,0.666667,0.420272,0,0.121514,1
-0.387897,16.8298,2.75333,1.7,2,2.15348,-0.246895,14.681,-0.489158,18.373,0.471376,18.2953,-0.246895,14.681,0.144011,14.6568,0.153476,1,0.666667,0.421599,0,0.10069,1
-0.481647,16.8646,2.82,1.7,2,2.19903,-0.191803,14.6847,-0.679483,18.3524,0.471376,18.2953,-0.191803,14.6847,-0.619685,14.5588,0.199028,1,0.666667,0.408085,0,0.111625,1
-0.577503,16.893,2.88667,1.7,2,2.24234,-0.25018,14.6747,-0.790282,18.335,0.471376,18.2953,-0.25018,14.6747,0.168717,14.6489,0.242344,1,0.666667,0.393668,0,0.11003,1
-0.67504,16.915,2.95333,1.7,2,2.27997,-0.309991,14.6644,-0.902403,18.3167,0.471376,18.2953,-0.309991,14.6644,0.114051,14.6507,0.279968,1,0.666667,0.376062,0,0.100047,1
-0.773824,16.9304,3.02,1.7,2,2.3152,-0.291158,14.6661,-1.06252,18.2848,0.471376,18.2953,-0.291158,14.6661,0.150329,14.6468,0.315202,1,0.666667,0.312174,0,0.112867,1
-0.873416,16.9392,3.08667,1.7,2,2.35291,-0.270279,14.6649,-1.21872,18.2413,0.471376,18.2953,-0.270279,14.6649,-0.706925,14.467,0.352909,1,0.666667,0.330374,0,0.114134,1
-0.973374,16.9414,-3.12985,1.7,2,2.38495,-0.409639,14.624,-1.28422,18.2192,0.471376,18.2953,-0.409639,14.624,0.0299715,14.6527,0.384945,1,0.666667,0.3163,0,0.101285,1
-1.07325,16.9369,-3.06319,1.7,2,2.4123,-0.388438,14.6238,-1.43881,18.1716,0.471376,18.2953,-0.388438,14.6238,0.0650097,14.6531,0.412298,1,0.666667,0.237128,0,0.115349,1
-1.17261,16.9257,-2.99652,1.7,2,2.4413,-0.405578,14.608,-1.56808,18.1207,0.471376,18.2953,-0.405578,14.608,-0.841729,14.347,0.441302,1,0.666667,0.243551,0,0.119091,1
-1.27101,16.908,-2.92985,1.7,2,2.46708,-0.462445,14.5771,-1.67508,18.0728,0.471376,18.2953,-0.462445,14.5771,-0.00557139,14.6374,0.467081,1,0.666667,0.266215,0,0.0968328,1
-1.368,16.8837,-2.86319,1.7,2,2.48537,-0.479293,14.5627,-1.80232,18.018,0.471376,18.2953,-0.479293,14.5627,-0.915569,14.3051,0.485367,1,0.666667,0.157388,0,0.116184,1
-1.46316,16.853,-2.79652,1.7,2,2.50417,-0.493922,14.5441,-1.92601,17.9557,0.471376,18.2953,-0.493922,14.5441,-0.927729,14.2836,0.50417,1,0.666667,0.169733,0,0.110783,1
-1.55607,16.8161,-2.72985,1.7,2,2.52293,-0.506191,14.522,-2.04589,17.8864,0.471376,18.2953,-0.506191,14.522,-0.942711,14.279,0.522931,1,0.666667,0.188167,0,0.0997023,1
-1.64631,16.7731,-2.66319,1.7,2,2.53312,-0.559349,14.485,-2.14702,17.8271,0.471376,18.2953,-0.559349,14.485,-0.998857,14.2533,0.533116,1,0.666667,0.0851593,0,0.119599,1
-1.73349,16.7241,-2.59652,1.7,2,2.53944,-0.611105,14.4462,-2.24643,17.7652,-2.24643,17.7652,-0.611105,14.4462,-1.0526,14.2232,0.53944,2,0.666667,0.0560205,0,0.112884,1
-1.8172,16.6694,-2.52985,1.7,2,2.53697,-0.74303,14.3711,-2.30964,17.7231,-2.24643,17.7652,-0.74303,14.3711,-1.19021,14.164,0.523218,2,0.666667,-0.160465,0,0.101094,1
-1.89709,16.6093,-2.46319,1.7,2,2.5195,-0.917923,14.2879,-2.35588,17.697,-2.24643,17.7652,-0.917923,14.2879,-0.507718,14.4592,0.519503,1,0.666667,-0.0330562,0,0.112361,1
-1.9728,16.544,-2.39652,1.7,2,2.48727,-1.05357,14.2329,-2.421,17.6709,-2.421,17.6709,-1.05357,14.2329,-0.644323,14.3921,0.487265,2,-0.666667,-0.282635,0,0.114063,1
-2.04792,16.478,-2.45385,1.7,2,2.44459,-1.23574,14.1723,-2.46501,17.6621,-2.421,17.6709,-1.23574,14.1723,-0.829625,14.3163,0.444592,1,-0.666667,-0.427675,0,0.0997788,1
-2.12725,16.4172,-2.52052,1.7,2,2.40081,-1.36209,14.1416,-2.54131,17.6486,-2.54131,17.6486,-1.36209,14.1416,-0.961715,14.2781,0.400806,2,-0.666667,-0.387151,0,0.113098,1
-2.21045,16.3617,-2.58719,1.7,2,2.35602,-1.4916,14.1181,-2.62052,17.6416,-2.54131,17.6486,-1.4916,14.1181,-1.92836,13.9837,0.356017,1,-0.666667,-0.37214,0,0.120355,1
-2.29716,16.312,-2.65385,1.7,2,2.31017,-1.66251,14.0907,-2.67898,17.6483,-2.67898,17.6483,-1.66251,14.0907,-1.27212,14.2052,0.310169,2,-0.666667,-0.469699,0,0.0976111,1
-2.387,16.2681,-2.72052,1.7,2,2.26386,-1.79628,14.0827,-2.76174,17.6545,-2.67898,17.6483,-1.79628,14.0827,-1.41236,14.1899,0.263864,1,-0.666667,-0.397013,0,0.116636,1
-2.47956,16.2303,-2.78719,1.7,2,2.21728,-1.93167,14.0818,-2.84594,17.667,-2.84594,17.667,-1.93167,14.0818,-1.55192,14.1764,0.217284,2,-0.666667,-0.421028,0,0.110632,1
-2.57443,16.1987,-2.85385,1.7,2,2.17037,-2.06828,14.0882,-2.93116,17.6862,-2.84594,17.667,-2.06828,14.0882,-1.69555,14.1761,0.17037,1,-0.666667,-0.476371,0,0.0984834,1
-2.67119,16.1736,-2.92052,1.7,2,2.13061,-2.09585,14.1221,-3.09499,17.6847,-3.09499,17.6847,-2.09585,14.1221,-1.72536,14.2053,0.130611,2,-0.666667,-0.342337,0,0.116139,1
-2.76942,16.1549,-2.98719,1.7,2,2.10108,-2.1605,14.144,-3.23281,17.6852,-3.09499,17.6847,-2.1605,14.144,-1.79545,14.2307,0.101079,1,-0.666667,-0.258331,0,0.114318,1
-2.86867,16.1428,-3.05385,1.7,2,2.0798,-2.15641,14.1888,-3.42353,17.6651,-3.09499,17.6847,-2.15641,14.1888,-1.78915,14.2751,0.0798032,1,-0.666667,-0.215542,0,0.0987091,1
-2.9685,16.1374,-3.12052,1.7,2,2.07101,-2.1524,14.234,-3.61042,17.6346,-3.09499,17.6847,-2.1524,14.234,-1.77496,14.314,0.0710087,1,0.666667,-0.0773606,0,0.113683,1
-3.06839,16.133,-3.06452,1.7,2,2.07189,-2.21196,14.2464,-3.74138,17.6155,-3.09499,17.6847,-2.21196,14.2464,-1.84615,14.349,0.0718901,1,0.666667,0.00881667,0,0.0999735,1
-3.16776,16.122,-2.99785,1.7,2,2.06436,-2.25518,14.2703,-3.89082,17.5891,-3.09499,17.6847,-2.25518,14.2703,-1.88971,14.378,0.0643594,1,0.666667,-0.0661088,0,0.113914,1
-3.26618,16.1044,-2.93119,1.7,2,2.05979,-2.26583,14.3038,-4.06275,17.5381,-3.09499,17.6847,-2.26583,14.3038,-1.89716,14.4171,0.0597947,1,0.666667,-0.0398297,0,0.114607,1
-3.3632,16.0802,-2.86452,1.7,2,2.05535,-2.30847,14.3161,-4.20718,17.4918,-3.09499,17.6847,-2.30847,14.3161,-1.94845,14.4455,0.0553505,1,0.666667,-0.0441991,0,0.100548,1
-3.45841,16.0497,-2.79785,1.7,2,2.04251,-2.38529,14.3118,-4.32924,17.46,-3.09499,17.6847,-2.38529,14.3118,-2.04518,14.4632,0.04251,1,-0.666667,-0.111207,0,0.115464,1
-3.55318,16.0178,-2.84985,1.7,2,2.03606,-2.36461,14.3647,-4.52452,17.3688,-3.09499,17.6847,-2.36461,14.3647,-2.65686,14.0705,0.0360601,1,0.666667,-0.0595074,0,0.108389,1
-3.64821,15.9868,-2.79252,1.7,2,2.04086,-2.41998,14.3569,-4.64671,17.3118,-3.09499,17.6847,-2.41998,14.3569,-2.0858,14.5298,0.0408566,1,0.666667,0.0480731,0,0.0997753,1
-3.74097,15.9494,-2.72585,1.7,2,2.03923,-2.46263,14.3606,-4.78207,17.2434,-3.09499,17.6847,-2.46263,14.3606,-2.14099,14.5498,0.0392287,1,0.666667,-0.0142763,0,0.11403,1
-3.83104,15.906,-2.65919,1.7,2,2.0407,-2.4751,14.3809,-4.93355,17.1461,-3.09499,17.6847,-2.4751,14.3809,-2.14526,14.5718,0.0407045,1,0.666667,0.0126211,0,0.116932,1
-3.91802,15.8567,-2.59252,1.7,2,2.04141,-2.53992,14.3507,-5.03767,17.0804,-3.09499,17.6847,-2.53992,14.3507,-2.23794,14.5657,0.041414,1,0.666667,0.00722919,0,0.0981484,1
-4.00151,15.8017,-2.52585,1.7,2,2.03641,-2.55455,14.3688,-5.18357,16.9723,-3.09499,17.6847,-2.55455,14.3688,-2.24809,14.5867,0.0364122,1,0.666667,-0.0428612,0,0.116697,1
-4.08116,15.7413,-2.45919,1.7,2,2.03545,-2.54269,14.4086,-5.3393,16.8312,-3.09499,17.6847,-2.54269,14.4086,-2.75843,14.0543,0.0354495,1,0.666667,-0.00884649,0,0.108827,1
-4.15661,15.6757,-2.39252,1.7,2,2.03492,-2.62273,14.3385,-5.41171,16.7699,-3.09499,17.6847,-2.62273,14.3385,-2.34796,14.5855,0.0349209,1,0.666667,-0.00517912,0,0.102059,1
-4.22752,15.6052,-2.32585,1.7,2,2.02901,-2.61267,14.3767,-5.55742,16.6169,-3.09499,17.6847,-2.61267,14.3767,-2.32351,14.6241,0.0290141,1,0.666667,-0.0511056,0,0.115581,1
-4.29357,15.5302,-2.25919,1.7,2,2.02899,-2.6005,14.412,-5.68794,16.451,-3.09499,17.6847,-2.6005,14.412,-2.78708,14.0527,0.0289888,1,0.666667,-0.00022696,0,0.111352,1
-4.35448,15.4509,-2.19252,1.7,2,2.02573,-2.66765,14.3292,-5.74866,16.3779,-3.09499,17.6847,-2.66765,14.3292,-2.42196,14.6057,0.0257254,1,0.666667,-0.0329813,0,0.0989493,1
-4.40998,15.3677,-2.12585,1.7,2,2.02222,-2.6552,14.3626,-5.86585,16.2016,-3.09499,17.6847,-2.6552,14.3626,-2.79256,13.9715,0.0222249,1,0.666667,-0.0306468,0,0.114219,1
-4.4598,15.281,-2.05919,1.7,2,2.02113,-2.65869,14.364,-5.95591,16.0428,-3.09499,17.6847,-2.65869,14.364,-2.78713,13.975,0.0211322,1,0.666667,-0.00945122,0,0.115612,1
-4.50375,15.1912,-1.99252,1.7,2,2.01518,-2.69504,14.3027,-6.01595,15.9341,-3.09499,17.6847,-2.69504,14.3027,-2.48513,14.6062,0.015178,1,-0.666667,-0.0598412,0,0.0995011,1
-4.54644,15.1008,-2.04452,1.7,2,2.01658,-2.69213,14.3083,-6.0944,15.7624,-3.09499,17.6847,-2.69213,14.3083,-2.47369,14.6168,0.0165818,1,0.666667,0.0121814,0,0.115242,1
-4.59052,15.0111,-1.99519,1.7,2,2.03107,-2.6984,14.2728,-6.14528,15.6177,-3.09499,17.6847,-2.6984,14.2728,-2.52262,14.5973,0.0310717,1,0.666667,0.130975,0,0.110631,1
-4.62863,14.9186,-1.92852,1.7,2,2.03968,-2.69431,14.2716,-6.20319,15.4454,-3.09499,17.6847,-2.69431,14.2716,-2.51743,14.6033,0.0396833,1,0.666667,0.0888009,0,0.0969774,1
-4.6605,14.8239,-1.86185,1.7,2,2.05403,-2.67349,14.3035,-6.25277,15.2409,-3.09499,17.6847,-2.67349,14.3035,-2.70842,13.8854,0.0540276,1,0.666667,0.125522,0,0.114277,1
-4.68598,14.7272,-1.79519,1.7,2,2.06698,-2.6881,14.1972,-6.26441,15.1459,-3.09499,17.6847,-2.6881,14.1972,-2.55847,14.5464,0.0669847,1,0.666667,0.110137,0,0.117645,1
-4.70497,14.629,-1.72852,1.7,2,2.07686,-2.66653,14.2314,-6.29809,14.9398,-3.09499,17.6847,-2.66653,14.2314,-2.52457,14.5896,0.0768571,1,0.666667,0.101325,0,0.0974331,1
-4.71738,14.5298,-1.66185,1.7,2,2.09268,-2.64128,14.2669,-6.31196,14.7317,-3.09499,17.6847,-2.64128,14.2669,-2.64828,13.8488,0.0926757,1,0.666667,0.13836,0,0.114329,1
-4.72314,14.43,-1.59519,1.7,2,2.10351,-2.63714,14.1592,-6.30634,14.6356,-3.09499,17.6847,-2.63714,14.1592,-2.5258,14.5299,0.103512,1,0.666667,0.0941248,0,0.115123,1
-4.72225,14.33,-1.52852,1.7,2,2.11548,-2.61352,14.1612,-6.30171,14.4565,-3.09499,17.6847,-2.61352,14.1612,-2.5036,14.5406,0.11548,1,0.666667,0.122188,0,0.0979485,1
-4.7147,14.2303,-1.46185,1.7,2,2.12775,-2.58795,14.165,-6.28621,14.2786,-3.09499,17.6847,-2.58795,14.165,-2.51013,13.7312,0.127749,1,0.666667,0.105007,0,0.116845,1
-4.70052,14.1314,-1.39519,1.7,2,2.13526,-2.56555,14.0964,-6.26505,14.157,-3.09499,17.6847,-2.56555,14.0964,-2.50232,14.4819,0.135255,1,0.666667,0.0665497,0,0.11279,1
-4.67978,14.0335,-1.32852,1.7,2,2.14503,-2.5359,14.104,-6.23391,13.9825,-3.09499,17.6847,-2.5359,14.104,-2.46987,14.4985,0.145033,1,0.666667,0.097631,0,0.10015,1
-4.65257,13.9373,-1.26185,1.7,2,2.15716,-2.49991,14.0766,-6.19219,13.8377,-3.09499,17.6847,-2.49991,14.0766,-2.44555,14.4754,0.157161,1,0.666667,0.106703,0,0.113665,1
-4.61901,13.8432,-1.19519,1.7,2,2.16182,-2.46723,14.0511,-6.15006,13.6952,-3.09499,17.6847,-2.46723,14.0511,-2.42163,14.4534,0.161815,1,0.666667,0.0400611,0,0.116165,1
-4.57926,13.7514,-1.12852,1.7,2,2.16674,-2.43543,14.0657,-6.0963,13.529,-3.09499,17.6847,-2.43543,14.0657,-2.40842,14.4711,0.166743,1,0.666667,0.0495749,0,0.0993931,1
-4.53348,13.6625,-1.06185,1.7,2,2.17513,-2.39246,14.0462,-6.03444,13.3935,-3.09499,17.6847,-2.39246,14.0462,-2.37325,14.4556,0.175125,1,0.666667,0.0738404,0,0.113523,1
-4.48188,13.5769,-0.995186,1.7,2,2.17415,-2.34753,13.991,-5.9798,13.2863,-3.09499,17.6847,-2.34753,13.991,-2.34617,14.3959,0.174149,1,0.666667,-0.00797677,0,0.122366,1
-4.42469,13.4949,-0.928519,1.7,2,2.17403,-2.31341,14.0135,-5.90661,13.1309,-3.09499,17.6847,-2.31341,14.0135,-2.12,13.6076,0.174031,1,0.666667,-0.00125393,0,0.0943081,1
-4.36216,13.4169,-0.861853,1.7,2,2.17557,-2.26694,14.0026,-5.8303,13.0064,-3.09499,17.6847,-2.26694,14.0026,-2.07819,13.6014,0.175568,1,0.666667,0.0133403,0,0.115221,1
-4.29458,13.3432,-0.795186,1.7,2,2.16893,-2.20391,13.9206,-5.7704,12.9356,-3.09499,17.6847,-2.20391,13.9206,-2.26146,14.3103,0.168933,1,0.666667,-0.0592187,0,0.112037,1
-4.22224,13.2742,-0.728519,1.7,2,2.16066,-2.17036,13.9511,-5.68407,12.7919,-3.09499,17.6847,-2.17036,13.9511,-1.97497,13.5604,0.160661,1,0.666667,-0.0853245,0,0.0969496,1
-4.14546,13.2101,-0.661853,1.7,2,2.15219,-2.13728,13.9842,-5.5897,12.6535,-3.09499,17.6847,-2.13728,13.9842,-1.95796,13.5989,0.152188,1,0.666667,-0.0731743,0,0.115794,1
-4.06458,13.1514,-0.595186,1.7,2,2.1403,-2.05206,13.8798,-5.53116,12.6205,-3.09499,17.6847,-2.05206,13.8798,-1.86901,13.4951,0.140304,1,0.666667,-0.101451,0,0.117136,1
-3.97997,13.0981,-0.528519,1.7,2,2.12067,-2.00984,13.8828,-5.4472,12.5137,-5.4472,12.5137,-2.00984,13.8828,-1.84127,13.5029,0.120668,2,0.666667,-0.203813,0,0.0963465,1
-3.892,13.0506,-0.461853,1.7,2,2.09918,-1.93939,13.8212,-5.38104,12.4629,-5.4472,12.5137,-1.93939,13.8212,-1.78746,13.4421,0.0547328,2,-0.666667,-0.580565,0,0.11357,1
-3.80355,13.004,-0.517853,1.7,2,2.07096,-1.86158,13.7234,-5.33112,12.438,-5.4472,12.5137,-1.86158,13.7234,-1.72319,13.3457,-0.0152207,2,-0.666667,-0.70663,0,0.0989959,1
-3.71837,12.9516,-0.584519,1.7,2,2.04158,-1.7824,13.5997,-5.29101,12.4251,-5.4472,12.5137,-1.7824,13.5997,-1.89967,13.9395,0.0415771,1,0.666667,0.494185,0,0.114932,1
-3.63374,12.8984,-0.528519,1.7,2,2.00796,-1.72102,13.5095,-5.24551,12.3834,-5.24551,12.3834,-1.72102,13.5095,-1.83231,13.8449,0.00796366,2,-0.666667,-0.275845,0,0.121856,1
-3.54858,12.846,-0.584519,1.7,2,1.9663,-1.65388,13.3718,-5.21915,12.3824,-5.24551,12.3834,-1.65388,13.3718,-1.74892,13.7047,-0.0336964,1,-0.666667,-0.416252,0,0.100084,1
-3.46709,12.7881,-0.651186,1.7,2,1.92349,-1.60647,13.2758,-5.18553,12.3376,-5.18553,12.3376,-1.60647,13.2758,-1.69481,13.6028,-0.0765094,2,-0.666667,-0.377456,0,0.113425,1
-3.38963,12.7248,-0.717853,1.7,2,1.88009,-1.56436,13.1755,-5.15647,12.2886,-5.18553,12.3376,-1.56436,13.1755,-1.47808,12.8207,-0.119911,1,-0.666667,-0.370662,0,0.117091,1
-3.31655,12.6566,-0.784519,1.7,2,1.83604,-1.52793,13.0712,-5.13237,12.2357,-5.13237,12.2357,-1.52793,13.0712,-1.60129,13.3865,-0.163961,2,-0.666667,-0.451563,0,0.0975503,1
-3.24819,12.5837,-0.851186,1.7,2,1.79157,-1.49728,12.9632,-5.1133,12.1794,-5.13237,12.2357,-1.49728,12.9632,-1.42696,12.6228,-0.208433,1,-0.666667,-0.374107,0,0.118876,1
-3.18483,12.5063,-0.917853,1.7,2,1.74641,-1.46718,12.8219,-5.10626,12.1533,-5.10626,12.1533,-1.46718,12.8219,-1.52262,13.1248,-0.253593,2,-0.666667,-0.405899,0,0.11126,1
-3.12677,12.4249,-0.984519,1.7,2,1.70095,-1.4496,12.7083,-5.09788,12.0918,-5.10626,12.1533,-1.4496,12.7083,-1.50061,13.0037,-0.299053,1,-0.666667,-0.457543,0,0.0993569,1
-3.07426,12.3398,-1.05119,1.7,2,1.65517,-1.43845,12.5922,-5.09518,12.028,-5.09518,12.028,-1.43845,12.5922,-1.4807,12.8814,-0.344834,2,-0.666667,-0.404814,0,0.113091,1
-3.02754,12.2514,-1.11785,1.7,2,1.61329,-1.44921,12.5855,-5.06901,11.8193,-5.09518,12.028,-1.44921,12.5855,-1.48445,12.8734,-0.386706,1,-0.666667,-0.35555,0,0.117766,1
-2.9868,12.1601,-1.18452,1.7,2,1.58286,-1.43929,12.4928,-5.05666,11.7152,-5.05666,11.7152,-1.43929,12.4928,-1.48499,12.7709,-0.417135,2,-0.666667,-0.305618,0,0.0995657,1
-2.95224,12.0663,-1.25119,1.7,2,1.55738,-1.45015,12.4776,-5.01881,11.5005,-5.05666,11.7152,-1.45015,12.4776,-1.49652,12.7548,-0.442623,1,-0.666667,-0.229237,0,0.111188,1
-2.92401,11.9704,-1.31785,1.7,2,1.55202,-1.4702,12.5137,-4.93606,11.2184,-4.93606,11.2184,-1.4702,12.5137,-1.3394,12.2354,-0.447976,2,-0.666667,-0.0468928,0,0.114136,1
-2.90223,11.8728,-1.38452,1.7,2,1.55738,-1.44513,12.4226,-4.90689,11.1164,-4.93606,11.2184,-1.44513,12.4226,-1.51697,12.6944,-0.436513,2,-0.666667,0.117533,0,0.0975244,1
-2.887,11.774,-1.45119,1.7,2,1.57247,-1.46015,12.4349,-4.81749,10.8798,-4.93606,11.2184,-1.46015,12.4349,-1.53569,12.715,-0.427529,1,-0.666667,0.0760241,0,0.118174,1
-2.87838,11.6744,-1.51785,1.7,2,1.60557,-1.47457,12.4536,-4.70962,10.6579,-4.70962,10.6579,-1.47457,12.4536,-1.29573,12.1896,-0.394431,2,0.666667,0.286794,0,0.115408,1
-2.87115,11.5747,-1.46585,1.7,2,1.64223,-1.43499,12.3712,-4.67069,10.5766,-4.70962,10.6579,-1.43499,12.3712,-1.55711,12.6392,-0.354362,2,0.666667,0.407323,0,0.0983698,1
-2.85737,11.4756,-1.39919,1.7,2,1.67841,-1.44707,12.3856,-4.55603,10.3796,-4.70962,10.6579,-1.44707,12.3856,-1.56997,12.6691,-0.321594,1,0.666667,0.293139,0,0.111784,1
-2.83702,11.3778,-1.33252,1.7,2,1.71961,-1.43971,12.3801,-4.44623,10.2235,-4.70962,10.6579,-1.43971,12.3801,-1.20654,12.126,-0.280389,1,0.666667,0.364641,0,0.113003,1
-2.8102,11.2814,-1.26585,1.7,2,1.75333,-1.40025,12.3237,-4.37561,10.1243,-4.70962,10.6579,-1.40025,12.3237,-1.55322,12.6047,-0.246665,1,0.666667,0.337937,0,0.0997917,1
-2.77702,11.1871,-1.19919,1.7,2,1.78667,-1.41421,12.3425,-4.23643,9.94982,-4.70962,10.6579,-1.41421,12.3425,-1.14333,12.1036,-0.213329,1,0.666667,0.287615,0,0.115907,1
-2.73763,11.0952,-1.13252,1.7,2,1.824,-1.36336,12.2946,-4.15107,9.86171,-4.70962,10.6579,-1.36336,12.2946,-1.53791,12.5827,-0.176001,1,0.666667,0.32281,0,0.115632,1
-2.6922,11.0062,-1.06585,1.7,2,1.85306,-1.33544,12.2683,-4.04448,9.74818,-4.70962,10.6579,-1.33544,12.2683,-1.52576,12.5502,-0.146936,1,0.666667,0.294017,0,0.0988557,1
-2.64095,10.9203,-0.999186,1.7,2,1.88348,-1.35044,12.2922,-3.88558,9.5972,-4.70962,10.6579,-1.35044,12.2922,-1.04801,12.0671,-0.116524,1,0.666667,0.268309,0,0.113346,1
-2.58409,10.8381,-0.932519,1.7,2,1.91593,-1.29144,12.2522,-3.78777,9.52124,-4.70962,10.6579,-1.29144,12.2522,-1.50512,12.5363,-0.0840714,1,0.666667,0.284513,0,0.114065,1
-2.52187,10.7598,-0.865853,1.7,2,1.94037,-1.25888,12.2329,-3.66722,9.42397,-4.70962,10.6579,-1.25888,12.2329,-1.48978,12.5043,-0.0596309,1,0.666667,0.246078,0,0.0993201,1
-2.45458,10.6859,-0.799186,1.7,2,1.96724,-1.24912,12.2405,-3.51637,9.31653,-4.70962,10.6579,-1.24912,12.2405,-0.896403,12.0504,-0.0327626,1,0.666667,0.225931,0,0.118922,1
-2.38252,10.6166,-0.732519,1.7,2,1.99473,-1.18288,12.2102,-3.40807,9.25415,-4.70962,10.6579,-1.18288,12.2102,-1.43351,12.4815,-0.00526512,1,0.666667,0.245803,0,0.111868,1
-2.30599,10.5522,-0.665853,1.7,2,2.01449,-1.14619,12.1993,-3.27639,9.17407,-4.70962,10.6579,-1.14619,12.1993,-1.41342,12.4533,0.0144911,1,0.666667,0.20024,0,0.0986624,1
-2.22536,10.4931,-0.599186,1.7,2,2.03659,-1.13617,12.214,-3.11496,9.08757,-4.70962,10.6579,-1.13617,12.214,-1.40966,12.4789,0.0365944,1,0.666667,0.19599,0,0.112778,1
-2.14096,10.4395,-0.532519,1.7,2,2.0592,-1.09549,12.2136,-2.974,9.02591,-4.70962,10.6579,-1.09549,12.2136,-1.37909,12.476,0.0592012,1,0.666667,0.195896,0,0.115402,1
-2.05318,10.3916,-0.465853,1.7,2,2.07445,-1.05725,12.2114,-2.83359,8.96568,-4.70962,10.6579,-1.05725,12.2114,-1.35708,12.4492,0.0744522,1,0.666667,0.154535,0,0.0986888,1
-1.9624,10.3497,-0.399186,1.7,2,2.09024,-1.0503,12.2305,-2.66483,8.90132,-4.70962,10.6579,-1.0503,12.2305,-0.632751,12.1225,0.0902448,1,0.666667,0.137409,0,0.114931,1
-1.86904,10.314,-0.332519,1.7,2,2.10834,-0.976276,12.224,-2.54301,8.87205,-4.70962,10.6579,-0.976276,12.224,-1.2928,12.4567,0.108343,1,0.666667,0.157903,0,0.114615,1
-1.7735,10.2845,-0.265853,1.7,2,2.11754,-0.93821,12.2303,-2.39772,8.83035,-4.70962,10.6579,-0.93821,12.2303,-1.26162,12.4614,0.117542,1,0.666667,0.0939376,0,0.0979256,1
-1.67621,10.2615,-0.199186,1.7,2,2.12804,-0.93399,12.2559,-2.22447,8.78821,-4.70962,10.6579,-0.93399,12.2559,-0.502245,12.1838,0.128042,1,0.666667,0.091411,0,0.114871,1
-1.5776,10.245,-0.132519,1.7,2,2.14015,-0.859928,12.2612,-2.10067,8.77542,-4.70962,10.6579,-0.859928,12.2612,-1.20285,12.4623,0.140154,1,0.666667,0.105426,0,0.114883,1
-1.47811,10.235,-0.0658526,1.7,2,2.14388,-0.788158,12.2649,-1.9789,8.76171,-4.70962,10.6579,-0.788158,12.2649,-1.13682,12.4465,0.143878,1,0.666667,0.0387387,0,0.0961277,1
-1.37818,10.2318,0.000814063,1.7,2,2.14739,-0.787952,12.2965,-1.80492,8.73899,-4.70962,10.6579,-0.787952,12.2965,-1.14245,12.4923,0.147394,1,0.666667,0.0303714,0,0.115766,1
-1.27826,10.2352,0.0674807,1.7,2,2.15196,-0.789274,12.3309,-1.63001,8.72767,-4.70962,10.6579,-0.789274,12.3309,-0.349427,12.3084,0.151963,1,0.666667,0.0396459,0,0.115265,1
-1.17878,10.2453,0.134147,1.7,2,2.15053,-0.683539,12.338,-1.53561,8.73745,-4.70962,10.6579,-0.683539,12.338,-1.0485,12.4952,0.150527,1,0.666667,-0.0145835,0,0.098467,1
-1.0802,10.2619,0.200814,1.7,2,2.14492,-0.689526,12.371,-1.36344,8.73288,-4.70962,10.6579,-0.689526,12.371,-0.247504,12.3765,0.144923,1,0.666667,-0.0487971,0,0.114858,1
-0.982946,10.2851,0.267481,1.7,2,2.14187,-0.659903,12.4025,-1.21795,8.74483,-4.70962,10.6579,-0.659903,12.4025,-0.222946,12.4107,0.141865,1,0.666667,-0.0260196,0,0.117507,1
-0.887454,10.3148,0.334147,1.7,2,2.13459,-0.55887,12.4239,-1.12842,8.76801,-4.70962,10.6579,-0.55887,12.4239,-0.932213,12.5541,0.134591,1,0.666667,-0.0730191,0,0.0996231,1
-0.794148,10.3507,0.400814,1.7,2,2.11993,-0.534501,12.4546,-0.987674,8.78251,-4.70962,10.6579,-0.534501,12.4546,-0.909117,12.5705,0.119927,1,0.666667,-0.127647,0,0.114881,1
-0.703442,10.3927,0.467481,1.7,2,2.10651,-0.548597,12.4935,-0.820576,8.80356,-4.70962,10.6579,-0.548597,12.4935,-0.121291,12.5331,0.106507,1,0.666667,-0.11707,0,0.114629,1
-0.615739,10.4407,0.534147,1.7,2,2.09174,-0.49184,12.5288,-0.711,8.83531,-4.70962,10.6579,-0.49184,12.5288,-0.0662775,12.5814,0.0917377,1,0.666667,-0.149035,0,0.0990994,1
-0.531429,10.4945,0.600814,1.7,2,2.06956,-0.366315,12.5574,-0.661509,8.86924,-4.70962,10.6579,-0.366315,12.5574,-0.733618,12.6239,0.0695562,1,-0.666667,-0.193974,0,0.114353,1
-0.447672,10.5491,0.544814,1.7,2,2.0465,-0.38394,12.5946,-0.499166,8.89639,-4.70962,10.6579,-0.38394,12.5946,-0.754671,12.6755,0.0464959,1,-0.666667,-0.198642,0,0.11609,1
-0.360486,10.598,0.478147,1.7,2,2.03658,-0.410091,12.634,-0.319971,8.9351,-4.70962,10.6579,-0.410091,12.634,2.83482,11.0128,0.0365798,1,-0.666667,-0.0999745,0,0.099186,1
-0.270234,10.641,0.411481,1.7,2,2.03702,-0.361785,12.676,-0.195493,8.97974,-0.195493,8.97974,-0.361785,12.676,2.83973,11.0547,0.0370185,2,0.666667,0.00374704,0,0.117076,1
-0.179597,10.6833,0.468814,1.7,2,2.0366,-0.316731,12.7152,-0.0675923,9.02363,-0.195493,8.97974,-0.316731,12.7152,2.85291,11.1019,-0.00358204,2,-0.666667,-0.407209,0,0.0997046,1
-0.0891683,10.7259,0.407481,1.7,2,2.04072,-0.279329,12.7577,0.0654492,9.07384,-0.195493,8.97974,-0.279329,12.7577,2.85431,11.1054,-0.0493922,2,-0.666667,-0.392072,0,0.116841,1
0.0038964,10.7624,0.340814,1.7,2,2.05642,-0.336468,12.7905,0.275932,9.14153,-0.195493,8.97974,-0.336468,12.7905,2.83004,11.1862,-0.0938151,2,-0.666667,-0.394441,0,0.112623,1
0.0991887,10.7927,0.274147,1.7,2,2.07938,-0.215603,12.8481,0.34453,9.19076,-0.195493,8.97974,-0.215603,12.8481,2.8865,11.1699,-0.136752,2,-0.666667,-0.429402,0,0.0999931,1
0.196285,10.8165,0.207481,1.7,2,2.1091,-0.238175,12.8804,0.523998,9.25977,-0.195493,8.97974,-0.238175,12.8804,2.89354,11.1902,-0.178122,2,-0.666667,-0.354546,0,0.116682,1
0.294754,10.8339,0.140814,1.7,2,2.15229,-0.264763,12.9122,0.697102,9.33938,-0.195493,8.97974,-0.264763,12.9122,2.92867,11.2072,-0.217846,2,-0.666667,-0.347829,0,0.114207,1
0.394159,10.8446,0.0741474,1.7,2,2.20836,-0.223738,12.9648,0.811517,9.41254,-0.195493,8.97974,-0.223738,12.9648,2.94624,11.2146,-0.255855,2,-0.666667,-0.374486,0,0.101496,1
0.494057,10.8487,0.00748073,1.7,2,2.26812,-0.147407,13.0242,0.899019,9.47525,-0.195493,8.97974,-0.147407,13.0242,2.8884,11.3327,-0.292082,2,-0.666667,-0.315425,0,0.114852,1
0.594005,10.8461,-0.0591859,1.7,2,2.29411,2.74131,11.6536,-0.721915,10.3512,-0.195493,8.97974,2.74131,11.6536,-0.530121,12.9955,-0.326466,2,-0.666667,-0.293604,0,0.117111,1
0.693559,10.8369,-0.125853,1.7,2,2.21932,2.75433,11.6606,-0.681335,10.2872,-0.195493,8.97974,2.75433,11.6606,-0.561555,13.0294,-0.35895,2,-0.666667,-0.322474,0,0.100735,1
0.792276,10.821,-0.192519,1.7,2,2.15247,2.75913,11.6954,-0.621796,10.1923,-0.195493,8.97974,2.75913,11.6954,-0.608502,13.0654,-0.389483,2,-0.666667,-0.264697,0,0.115348,1
0.889719,10.7986,-0.259186,1.7,2,2.09163,2.76727,11.7204,-0.554026,10.0898,-0.195493,8.97974,2.76727,11.7204,-0.550896,13.0907,-0.418014,2,-0.666667,-0.256456,0,0.111254,1
0.985453,10.7698,-0.325853,1.7,2,2.03802,2.79598,11.7055,-0.491018,10.0067,-0.195493,8.97974,2.79598,11.7055,-0.504411,13.1238,-0.444501,2,-0.666667,-0.267097,0,0.0991649,1
1.07905,10.7346,-0.392519,1.7,2,1.99035,2.84435,11.654,-0.437285,9.94494,-0.195493,8.97974,2.84435,11.654,-0.584147,13.1537,-0.468902,2,-0.666667,-0.207483,0,0.117604,1
1.17011,10.6933,-0.459186,1.7,2,1.94845,2.87934,11.6287,-0.3664,9.85246,-0.195493,8.97974,2.87934,11.6287,-0.553734,13.1838,-0.49118,2,-0.666667,-0.199127,0,0.111879,1
1.2582,10.6461,-0.525853,1.7,2,1.91746,2.88659,11.6585,-0.255604,9.70488,-0.195493,8.97974,2.88659,11.6585,-0.471155,13.2225,-0.511302,2,-0.666667,-0.201553,0,0.099834,1
1.34296,10.593,-0.592519,1.7,2,1.89443,2.89381,11.681,-0.13516,9.55607,-0.195493,8.97974,2.89381,11.681,-0.586216,13.2433,-0.529238,2,-0.666667,-0.154953,0,0.115749,1
1.42399,10.5345,-0.659186,1.7,2,1.88599,2.90547,11.7016,-0.000950197,9.41188,-0.195493,8.97974,2.90547,11.7016,3.17792,11.4371,-0.544961,2,-0.666667,-0.136526,0,0.115166,1
1.50094,10.4706,-0.725853,1.7,2,1.88786,2.91679,11.7194,0.14187,9.27195,-0.195493,8.97974,2.91679,11.7194,3.18877,11.4613,-0.558448,2,-0.666667,-0.13573,0,0.0993718,1
1.57346,10.4018,-0.792519,1.7,2,1.899,2.99371,11.6624,0.226512,9.20626,-0.195493,8.97974,2.99371,11.6624,2.79809,11.9464,-0.569681,2,-0.666667,-0.0966856,0,0.116177,1
1.64124,10.3283,-0.859186,1.7,2,1.91883,3.04979,11.6314,0.333762,9.11874,-0.195493,8.97974,3.04979,11.6314,2.83952,11.9054,-0.578642,2,-0.666667,-0.0791398,0,0.113233,1
1.70398,10.2505,-0.925853,1.7,2,1.95094,3.0357,11.6762,0.51006,8.97226,-0.195493,8.97974,3.0357,11.6762,2.8216,11.9683,-0.0490609,1,0.666667,5.16881,0,0.102457,1
1.76572,10.1718,-0.872519,1.7,2,1.98975,3.04449,11.6962,0.666583,8.86153,-0.195493,8.97974,3.04449,11.6962,3.40253,11.4977,-0.0102473,1,0.666667,0.344643,0,0.11262,1
1.83252,10.0974,-0.805853,1.7,2,2.02701,3.05726,11.7126,0.821676,8.76433,-0.195493,8.97974,3.05726,11.7126,3.40708,11.5066,0.0270073,1,0.666667,0.316703,0,0.117633,1
1.90412,10.0276,-0.739186,1.7,2,2.06136,3.15478,11.6662,0.909929,8.72504,-0.195493,8.97974,3.15478,11.6662,3.53468,11.4777,0.0613565,1,0.666667,0.339367,0,0.101216,1
1.98021,9.96278,-0.672519,1.7,2,2.08872,3.25269,11.6191,0.998596,8.68502,-0.195493,8.97974,3.25269,11.6191,2.9803,11.8813,0.0887187,1,0.666667,0.241431,0,0.113333,1
2.06045,9.90313,-0.605853,1.7,2,2.11082,3.26249,11.6383,1.15547,8.5968,-0.195493,8.97974,3.26249,11.6383,2.99089,11.9248,0.110821,1,0.666667,0.192239,0,0.114972,1
2.14449,9.84897,-0.539186,1.7,2,2.12941,3.30092,11.637,1.29154,8.53016,-0.195493,8.97974,3.30092,11.637,3.01501,11.9105,0.129405,1,0.666667,0.183613,0,0.101217,1
2.23195,9.80052,-0.472519,1.7,2,2.14458,3.33885,11.6374,1.42914,8.4683,-0.195493,8.97974,3.33885,11.6374,3.04867,11.92,0.144585,1,0.666667,0.131722,0,0.115238,1
2.32245,9.75801,-0.405853,1.7,2,2.15757,3.3768,11.6404,1.56869,8.41229,-0.195493,8.97974,3.3768,11.6404,3.79237,11.4941,0.157567,1,0.666667,0.113423,0,0.11446,1
2.41557,9.72162,-0.339186,1.7,2,2.16718,3.41405,11.6451,1.70936,8.36118,-0.195493,8.97974,3.41405,11.6451,3.83518,11.5105,0.167179,1,0.666667,0.0946815,0,0.101515,1
2.51091,9.69151,-0.272519,1.7,2,2.1702,3.55025,11.5967,1.77827,8.34856,-0.195493,8.97974,3.55025,11.5967,3.23172,11.8316,0.170204,1,0.666667,0.0269448,0,0.112286,1
2.60805,9.66783,-0.205853,1.7,2,2.16709,3.58496,11.6022,1.91702,8.29951,-0.195493,8.97974,3.58496,11.6022,3.26493,11.8443,0.167091,1,0.666667,-0.0273337,0,0.11389,1
2.70654,9.65066,-0.139186,1.7,2,2.16071,3.65289,11.5931,2.03237,8.26686,-0.195493,8.97974,3.65289,11.5931,3.32383,11.807,0.160709,1,0.666667,-0.064264,0,0.0993089,1
2.80597,9.6401,-0.0725193,1.7,2,2.14956,3.65122,11.6165,2.1963,8.21456,-0.195493,8.97974,3.65122,11.6165,3.32264,11.8507,0.149565,1,0.666667,-0.0959204,0,0.116186,1
2.90587,9.63618,-0.0058526,1.7,2,2.13677,3.68329,11.6265,2.33712,8.18009,-0.195493,8.97974,3.68329,11.6265,4.11868,11.552,0.136774,1,0.666667,-0.101789,0,0.125659,1
3.00581,9.63893,0.0608141,1.7,2,2.11994,3.71402,11.6371,2.47797,8.14965,-0.195493,8.97974,3.71402,11.6371,4.13775,11.5594,0.119944,1,0.666667,-0.167422,0,0.100524,1
3.10535,9.64833,0.127481,1.7,2,2.09957,3.77837,11.6371,2.59234,8.13235,-0.195493,8.97974,3.77837,11.6371,4.20288,11.5728,0.0995736,1,0.666667,-0.175865,0,0.11583,1
3.20404,9.66434,0.194147,1.7,2,2.07289,3.87468,11.6257,2.67763,8.12474,-0.195493,8.97974,3.87468,11.6257,3.53925,11.8107,0.0728912,1,-0.666667,-0.229899,0,0.116061,1
3.30255,9.68148,0.139481,1.7,2,2.04356,3.96815,11.6136,2.76303,8.11536,-0.195493,8.97974,3.96815,11.6136,3.63431,11.7742,0.0435596,1,-0.666667,-0.294063,0,0.0997464,1
3.40197,9.69207,0.0728141,1.7,2,2.02306,3.95376,11.6384,2.94457,8.07872,-0.195493,8.97974,3.95376,11.6384,3.61697,11.7984,0.0230641,1,-0.666667,-0.180769,0,0.113379,1
3.50187,9.69602,0.0061474,1.7,2,2.01393,3.97707,11.6531,3.10403,8.05755,-0.195493,8.97974,3.97707,11.6531,3.63645,11.8069,0.0139282,1,-0.666667,-0.0783104,0,0.116663,1
3.60181,9.6933,-0.0605193,1.7,2,2.01316,3.96757,11.673,3.29535,8.03454,-0.195493,8.97974,3.96757,11.673,4.37337,11.6553,0.0131633,1,0.666667,-0.00793238,0,0.0964208,1
3.70173,9.68968,-0.00318594,1.7,2,2.02006,3.95431,11.6939,3.49168,8.02292,-0.195493,8.97974,3.95431,11.6939,4.35441,11.6769,0.0200593,1,0.666667,0.0593424,0,0.116207,1
3.80167,9.6927,0.0634807,1.7,2,2.02373,4.06102,11.6997,3.58684,8.03024,-0.195493,8.97974,4.06102,11.6997,3.70336,11.8272,0.0237257,1,0.666667,0.0314832,0,0.116456,1
3.90118,9.70236,0.130147,1.7,2,2.02051,4.16642,11.7054,3.68071,8.03741,-0.195493,8.97974,4.16642,11.7054,3.81083,11.8081,0.020515,1,0.666667,-0.0325875,0,0.0985281,1
3.99983,9.71863,0.196814,1.7,2,2.01147,4.23533,11.7163,3.80214,8.04172,-0.195493,8.97974,4.23533,11.7163,3.88086,11.7967,0.0114727,1,-0.666667,-0.0780232,0,0.115892,1
4.09833,9.73579,0.139481,1.7,2,2.00239,4.27314,11.7305,3.95012,8.04467,-0.195493,8.97974,4.27314,11.7305,3.91662,11.8162,0.00239396,1,-0.666667,-0.0769568,0,0.117972,1
4.19775,9.74639,0.0728141,1.7,2,2.00407,4.26168,11.7494,4.14364,8.05132,-0.195493,8.97974,4.26168,11.7494,3.89708,11.8402,0.00407434,1,0.666667,0.0170146,0,0.0987607,1
4.29727,9.75596,0.128814,1.7,2,2.013,4.28391,11.7689,4.30847,8.069,-0.195493,8.97974,4.28391,11.7689,4.68831,11.8415,0.0130029,1,0.666667,0.0768705,0,0.11615,1
4.39594,9.7721,0.195481,1.7,2,2.0167,4.28336,11.7857,4.48991,8.09143,-0.195493,8.97974,4.28336,11.7857,4.68156,11.8572,0.0166998,1,0.666667,0.0370801,0,0.099701,1
4.49331,9.79478,0.262147,1.7,2,2.01648,4.42224,11.81,4.55265,8.11231,-0.195493,8.97974,4.42224,11.81,4.05444,11.856,0.016484,1,0.666667,-0.00186925,0,0.115431,1
4.58896,9.82389,0.328814,1.7,2,2.00913,4.52447,11.832,4.64324,8.1339,4.64324,8.1339,4.52447,11.832,4.16513,11.8457,0.00913143,2,-0.666667,-0.06322,0,0.116302,1
4.68431,9.85399,0.272814,1.7,2,2.00003,4.55765,11.85,4.79197,8.15742,4.64324,8.1339,4.55765,11.85,4.19553,11.8696,2.6226e-05,1,-0.666667,-0.0918591,0,0.0991214,1
4.78144,9.8777,0.206147,1.7,2,2.00152,4.54406,11.8651,4.98288,8.1912,4.64324,8.1339,4.54406,11.8651,4.17411,11.8878,0.00151563,1,0.666667,0.0127537,0,0.116782,1
4.87883,9.9003,0.260814,1.7,2,2.00793,4.56668,11.8838,5.14188,8.22881,4.64324,8.1339,4.56668,11.8838,4.19258,11.8997,0.00793457,1,0.666667,0.0537399,0,0.119445,1
4.97452,9.92929,0.327481,1.7,2,2.01248,4.56424,11.8995,5.31855,8.27721,4.64324,8.1339,4.56424,11.8995,4.9466,12.0251,0.0124836,1,0.666667,0.0479692,0,0.0948323,1
5.06806,9.96459,0.394147,1.7,2,2.01329,4.59524,11.9216,5.46419,8.32506,4.64324,8.1339,4.59524,11.9216,4.97381,12.0539,0.0132937,1,0.666667,0.00700729,0,0.115615,1
5.15905,10.006,0.460814,1.7,2,2.00818,4.72773,11.9674,5.52242,8.3537,4.64324,8.1339,4.72773,11.9674,4.35615,11.9538,0.0081799,1,-0.666667,-0.0452815,0,0.112934,1
5.24955,10.0485,0.406147,1.7,2,1.99981,4.82454,12.0027,5.61089,8.38717,4.64324,8.1339,4.82454,12.0027,4.46692,11.9596,-0.000193715,1,-0.666667,-0.0837219,0,0.100017,1
5.34267,10.0849,0.339481,1.7,2,1.99939,4.84373,12.0211,5.76705,8.43813,4.64324,8.1339,4.84373,12.0211,4.48334,11.9749,-0.000614166,1,-0.666667,-0.00357512,0,0.117605,1
5.438,10.1151,0.272814,1.7,2,2.01103,4.82889,12.0316,5.94956,8.50544,4.64324,8.1339,4.82889,12.0316,4.45943,11.9845,0.0110259,1,0.666667,0.104023,0,0.111899,1
5.5336,10.1444,0.330147,1.7,2,2.02637,4.84334,12.0495,6.10371,8.57081,4.64324,8.1339,4.84334,12.0495,4.46701,11.998,0.0263674,1,0.666667,0.1538,0,0.0997495,1
5.62705,10.1799,0.396814,1.7,2,2.0386,4.87211,12.0736,6.24231,8.63662,4.64324,8.1339,4.87211,12.0736,5.22812,12.284,0.0385954,1,0.666667,0.106236,0,0.115103,1
5.71792,10.2216,0.463481,1.7,2,2.04701,4.89986,12.098,6.37851,8.70634,4.64324,8.1339,4.89986,12.098,5.25074,12.3193,0.0470142,1,0.666667,0.0726233,0,0.115924,1
5.80582,10.2692,0.530147,1.7,2,2.05035,4.99234,12.1513,6.46031,8.75499,4.64324,8.1339,4.99234,12.1513,5.34105,12.3875,0.0503542,1,0.666667,0.03343,0,0.0999103,1
5.89034,10.3226,0.596814,1.7,2,2.04622,5.08442,12.2035,6.54169,8.80255,4.64324,8.1339,5.08442,12.2035,4.73002,12.0962,0.0462244,1,0.666667,-0.0349752,0,0.118081,1
5.97112,10.3816,0.663481,1.7,2,2.03704,5.10976,12.2275,6.6743,8.87459,4.64324,8.1339,5.10976,12.2275,4.74921,12.1257,0.0370398,1,0.666667,-0.0816128,0,0.112539,1
6.0478,10.4457,0.730147,1.7,2,2.02073,5.16723,12.2645,6.77957,8.93429,4.64324,8.1339,5.16723,12.2645,4.81002,12.1598,0.0207276,1,-0.666667,-0.162816,0,0.100187,1
6.12358,10.511,0.678147,1.7,2,2.00663,5.21712,12.3012,6.88852,9.00021,4.64324,8.1339,5.21712,12.3012,4.86668,12.1877,0.00663185,1,-0.666667,-0.125332,0,0.112468,1
6.20348,10.571,0.611481,1.7,2,2.00026,5.20229,12.3027,7.05425,9.09955,4.64324,8.1339,5.20229,12.3027,5.51522,12.5659,0.000258207,1,-0.666667,-0.0536446,0,0.118812,1
6.28721,10.6257,0.544814,1.7,2,2.00537,5.21814,12.3223,7.19063,9.19194,4.64324,8.1339,5.21814,12.3223,5.52395,12.5919,0.00536895,1,0.666667,0.0515241,0,0.0991912,1
6.3717,10.6792,0.596814,1.7,2,2.01514,5.23917,12.3459,7.3186,9.28555,4.64324,8.1339,5.23917,12.3459,5.53754,12.6259,0.0151367,1,0.666667,0.0872912,0,0.111899,1
6.45248,10.7381,0.663481,1.7,2,2.01932,5.32286,12.4119,7.39265,9.34496,4.64324,8.1339,5.32286,12.4119,4.98577,12.2561,0.0193172,1,0.666667,0.0366895,0,0.113941,1
6.52915,10.8022,0.730147,1.7,2,2.01638,5.37739,12.4573,7.49084,9.42031,4.64324,8.1339,5.37739,12.4573,5.04293,12.2971,0.0163758,1,0.666667,-0.0297721,0,0.098796,1
6.60138,10.8714,0.796814,1.7,2,2.00794,5.43098,12.5029,7.58766,9.49648,4.64324,8.1339,5.43098,12.5029,5.11113,12.328,0.00794005,1,-0.666667,-0.0724621,0,0.116416,1
6.67281,10.9413,0.742147,1.7,2,2.00074,5.45424,12.5282,7.70777,9.59361,4.64324,8.1339,5.45424,12.5282,5.12299,12.3604,0.000742674,1,-0.666667,-0.0631698,0,0.113937,1
6.74871,11.0064,0.675481,1.7,2,2.0024,5.46959,12.547,7.83313,9.70031,4.64324,8.1339,5.46959,12.547,5.13699,12.3732,0.00240207,1,0.666667,0.016562,0,0.100193,1
6.82536,11.0706,0.730147,1.7,2,2.00852,5.45981,12.5435,7.97536,9.83021,4.64324,8.1339,5.45981,12.5435,5.71578,12.8578,0.00851536,1,0.666667,0.0525335,0,0.116369,1
6.89759,11.1397,0.796814,1.7,2,2.01183,5.48363,12.5709,8.08407,9.93884,4.64324,8.1339,5.48363,12.5709,5.74232,12.875,0.0118263,1,0.666667,0.028228,0,0.117292,1
6.96505,11.2135,0.863481,1.7,2,2.00929,5.58262,12.6717,8.12829,9.9866,4.64324,8.1339,5.58262,12.6717,5.27083,12.4684,0.00928998,1,-0.666667,-0.0263177,0,0.0963722,1
7.03176,11.288,0.807481,1.7,2,2.00404,5.65824,12.7473,8.19413,10.053,4.64324,8.1339,5.65824,12.7473,5.3714,12.5272,0.00403738,1,-0.666667,-0.0459011,0,0.114433,1
7.10324,11.3579,0.740814,1.7,2,2.007,5.67309,12.766,8.30964,10.1701,4.64324,8.1339,5.67309,12.766,5.38677,12.54,0.00700045,1,0.666667,0.0253354,0,0.116953,1
7.1757,11.4268,0.792814,1.7,2,2.01471,5.69208,12.7899,8.41672,10.2866,4.64324,8.1339,5.69208,12.7899,5.40913,12.5555,0.0147121,1,0.666667,0.077967,0,0.0989091,1
7.24345,11.5003,0.859481,1.7,2,2.01885,5.69141,12.7914,8.53589,10.4252,4.64324,8.1339,5.69141,12.7914,5.89347,13.153,0.018846,1,0.666667,0.0365702,0,0.113041,1
7.30617,11.5782,0.926147,1.7,2,2.01983,5.71312,12.82,8.63131,10.5453,4.64324,8.1339,5.71312,12.82,5.91952,13.1697,0.0198345,1,0.666667,0.00845417,0,0.116923,1
7.36355,11.6601,0.992814,1.7,2,2.01491,5.75683,12.8759,8.70727,10.6432,4.64324,8.1339,5.75683,12.8759,5.94526,13.2417,0.0149059,1,-0.666667,-0.0492718,0,0.100029,1
7.41989,11.7427,0.939481,1.7,2,2.0102,5.79716,12.9291,8.78398,10.7453,4.64324,8.1339,5.79716,12.9291,5.98535,13.2903,0.0102038,1,-0.666667,-0.0416644,0,0.112856,1
7.48156,11.8214,0.872814,1.7,2,2.01285,5.85296,13.0043,8.84664,10.8299,4.64324,8.1339,5.85296,13.0043,5.60088,12.7383,0.0128481,1,0.666667,0.0227944,0,0.116007,1
7.54413,11.8994,0.927481,1.7,2,2.01849,5.88784,13.0531,8.9239,10.9383,4.64324,8.1339,5.88784,13.0531,5.65203,12.776,0.0184925,1,0.666667,0.0573112,0,0.0984855,1
7.6014,11.9813,0.994147,1.7,2,2.01996,5.88912,13.0529,9.02554,11.09,4.64324,8.1339,5.88912,13.0529,5.63146,12.7788,0.0199604,1,0.666667,0.0127304,0,0.11531,1
7.65309,12.0669,1.06081,1.7,2,2.01631,5.92877,13.112,9.09295,11.1942,4.64324,8.1339,5.92877,13.112,5.6899,12.8292,0.0163081,1,0.666667,-0.0314066,0,0.116292,1
7.69896,12.1557,1.12748,1.7,2,2.00804,5.94953,13.1415,9.17302,11.3251,4.64324,8.1339,5.94953,13.1415,5.70221,12.8589,0.00803804,1,-0.666667,-0.0831544,0,0.0994539,1
7.74392,12.245,1.07148,1.7,2,2.00149,5.97033,13.1726,9.24902,11.4579,4.64324,8.1339,5.97033,13.1726,6.10141,13.5566,0.00149417,1,-0.666667,-0.0567308,0,0.11535,1
7.79469,12.3312,1.00481,1.7,2,2.00363,5.98517,13.1915,9.32672,11.6028,4.64324,8.1339,5.98517,13.1915,6.11088,13.5739,0.00363493,1,0.666667,0.0214288,0,0.0999011,1
7.8458,12.4171,1.06748,1.7,2,2.00971,6.022,13.2613,9.37974,11.7071,4.64324,8.1339,6.022,13.2613,5.81288,12.9557,0.0097084,1,0.666667,0.0498574,0,0.121817,1
7.89108,12.5062,1.13415,1.7,2,2.00893,6.07065,13.3558,9.42349,11.7911,4.64324,8.1339,6.07065,13.3558,5.87805,13.0463,0.00892735,1,0.666667,-0.00653428,0,0.119533,1
7.93032,12.5982,1.20081,1.7,2,2.00216,6.09005,13.3869,9.49089,11.9294,4.64324,8.1339,6.09005,13.3869,5.90482,13.0732,0.00215721,1,-0.666667,-0.0679774,0,0.0995939,1
7.96873,12.6905,1.14348,1.7,2,1.99523,6.12516,13.4535,9.54392,12.0386,4.64324,8.1339,6.12516,13.4535,5.94151,13.1393,-0.00477183,1,-0.666667,-0.060789,0,0.113985,1
8.01318,12.7801,1.07681,1.7,2,1.99918,6.12639,13.4409,9.61838,12.2178,4.64324,8.1339,6.12639,13.4409,5.94337,13.1191,-0.000818372,1,0.666667,0.0337515,0,0.117134,1
8.05865,12.8691,1.13148,1.7,2,2.00725,6.13081,13.4281,9.68442,12.3977,4.64324,8.1339,6.13081,13.4281,6.18622,13.8302,0.0072515,1,0.666667,0.0817598,0,0.0987023,1
8.09813,12.961,1.19815,1.7,2,2.01319,6.14776,13.46,9.7323,12.5429,4.64324,8.1339,6.14776,13.46,6.20919,13.8559,0.0131927,1,0.666667,0.0514036,0,0.115579,1
8.13141,13.0552,1.26481,1.7,2,2.01356,6.18227,13.5605,9.7639,12.6321,4.64324,8.1339,6.18227,13.5605,6.01148,13.2233,0.0135584,1,0.666667,0.00314491,0,0.116294,1
8.15833,13.1515,1.33148,1.7,2,2.00724,6.2169,13.6613,9.79559,12.7216,4.64324,8.1339,6.2169,13.6613,6.08488,13.3224,0.00724149,1,-0.666667,-0.0634206,0,0.0996033,1
8.18439,13.2481,1.27415,1.7,2,1.99892,6.24482,13.7315,9.83496,12.8366,4.64324,8.1339,6.24482,13.7315,6.1179,13.3925,-0.00107694,1,-0.666667,-0.0701222,0,0.118628,1
8.21678,13.3426,1.20748,1.7,2,2.0017,6.25751,13.7526,9.8791,12.9949,4.64324,8.1339,6.25751,13.7526,6.14176,13.4085,0.00169921,1,0.666667,0.0237988,0,0.116651,1
8.25038,13.4368,1.26081,1.7,2,2.00686,6.26693,13.7425,9.92376,13.1789,4.64324,8.1339,6.26693,13.7425,6.14725,13.3913,0.00685954,1,0.666667,0.0509962,0,0.101191,1
8.27769,13.533,1.32748,1.7,2,2.00973,6.28269,13.7759,9.95557,13.3287,4.64324,8.1339,6.28269,13.7759,6.26519,14.1846,0.00972676,1,0.666667,0.0258607,0,0.110872,1
8.29853,13.6308,1.39415,1.7,2,2.00918,6.29737,13.8101,9.9826,13.4799,4.64324,8.1339,6.29737,13.8101,6.28669,14.2123,0.0091784,1,0.666667,-0.00465973,0,0.117681,1
8.31281,13.7297,1.46081,1.7,2,2.00487,6.31358,13.8801,10.0032,13.6026,4.64324,8.1339,6.31358,13.8801,6.27565,14.2871,0.00487018,1,-0.666667,-0.0433231,0,0.099444,1
8.32619,13.8288,1.40348,1.7,2,1.99819,6.33441,13.9886,10.0226,13.6927,4.64324,8.1339,6.33441,13.9886,6.23998,13.6311,-0.00181353,1,-0.666667,-0.05613,0,0.119076,1
8.34612,13.9268,1.33681,1.7,2,1.9984,6.35125,14.0455,10.0447,13.8257,4.64324,8.1339,6.35125,14.0455,6.28622,13.6887,-0.0016011,1,-0.666667,0.00184645,0,0.115049,1
8.37253,14.0232,1.27015,1.7,2,2.00755,6.36544,14.0662,10.0646,13.987,4.64324,8.1339,6.36544,14.0662,6.30545,13.7042,0.00754809,1,0.666667,0.091053,0,0.100482,1
8.40027,14.1193,1.32215,1.7,2,2.02417,6.37705,14.0574,10.0753,14.1706,4.64324,8.1339,6.37705,14.0574,6.31602,13.6856,0.0241723,1,0.666667,0.144531,0,0.115021,1
8.42164,14.217,1.38881,1.7,2,2.03635,6.38924,14.0901,10.0821,14.3206,4.64324,8.1339,6.38924,14.0901,6.29541,14.4941,0.0363498,1,0.666667,0.10523,0,0.115722,1
8.43644,14.3158,1.45548,1.7,2,2.04497,6.40053,14.1236,10.0842,14.4714,4.64324,8.1339,6.40053,14.1236,6.28997,14.5266,0.0449674,1,0.666667,0.0853795,0,0.100933,1
8.44463,14.4155,1.52215,1.7,2,2.05114,6.40553,14.1935,10.0838,14.5939,4.64324,8.1339,6.40553,14.1935,6.28777,14.5961,0.0511425,1,0.666667,0.0540662,0,0.114213,1
8.44616,14.5155,1.58881,1.7,2,2.05079,6.40673,14.2999,10.0862,14.6888,4.64324,8.1339,6.40673,14.2999,6.37927,13.9215,0.0507874,1,0.666667,-0.00294622,0,0.120495,1
8.44103,14.6153,1.65548,1.7,2,2.04386,6.41177,14.3715,10.0853,14.8129,4.64324,8.1339,6.41177,14.3715,6.40928,13.9999,0.0438573,1,0.666667,-0.0725293,0,0.0955491,1
8.42926,14.7146,1.72215,1.7,2,2.03101,6.42147,14.4084,10.0792,14.9662,4.64324,8.1339,6.42147,14.4084,6.41202,14.0329,0.031008,1,-0.666667,-0.108351,0,0.11859,1
8.41623,14.8137,1.66881,1.7,2,2.01963,6.43117,14.4417,10.0678,15.1233,4.64324,8.1339,6.43117,14.4417,6.2838,14.828,0.0196264,1,-0.666667,-0.0995713,0,0.114306,1
8.40977,14.9135,1.60215,1.7,2,2.01612,6.44372,14.467,10.0518,15.2864,4.64324,8.1339,6.44372,14.467,6.44926,14.0895,0.0161185,1,0.666667,-0.035009,0,0.100199,1
8.40445,15.0133,1.65681,1.7,2,2.0208,6.46123,14.4588,10.0192,15.4742,4.64324,8.1339,6.46123,14.4588,6.28941,14.831,0.0208027,1,0.666667,0.0399546,0,0.117238,1
8.39254,15.1126,1.72348,1.7,2,2.02244,6.4559,14.5298,9.99895,15.596,4.64324,8.1339,6.4559,14.5298,6.27487,14.8994,0.0224354,1,0.666667,0.0140274,0,0.116393,1
8.37405,15.2109,1.79015,1.7,2,2.01757,6.44024,14.6356,9.98663,15.6906,4.64324,8.1339,6.44024,14.6356,6.49731,14.2724,0.0175743,1,-0.666667,-0.0504702,0,0.0963166,1
8.35468,15.3089,1.73281,1.7,2,2.00986,6.43556,14.7118,9.96851,15.8111,4.64324,8.1339,6.43556,14.7118,6.50383,14.3544,0.00985765,1,-0.666667,-0.066265,0,0.116452,1
8.34185,15.4081,1.66615,1.7,2,2.01384,6.45508,14.7041,9.9216,15.9976,4.64324,8.1339,6.45508,14.7041,6.52718,14.3408,0.0138433,1,0.666667,0.0343053,0,0.116181,1
8.33003,15.5074,1.72215,1.7,2,2.02116,6.46505,14.7283,9.87915,16.1545,4.64324,8.1339,6.46505,14.7283,6.5414,14.3604,0.0211551,1,0.666667,0.072771,0,0.100477,1
8.31167,15.6057,1.78881,1.7,2,2.02708,6.46697,14.7653,9.83406,16.2992,4.64324,8.1339,6.46697,14.7653,6.54937,14.3949,0.0270846,1,0.666667,0.0503023,0,0.117877,1
8.2868,15.7025,1.85548,1.7,2,2.02977,6.46731,14.8028,9.784,16.4428,4.64324,8.1339,6.46731,14.8028,6.22315,15.1375,0.0297737,1,0.666667,0.0233071,0,0.115378,1
8.25554,15.7975,1.92215,1.7,2,2.02815,6.45056,14.8726,9.74344,16.5599,4.64324,8.1339,6.45056,14.8726,6.19744,15.2022,0.0281463,1,0.666667,-0.0169466,0,0.0960339,1
8.21802,15.8901,1.98881,1.7,2,2.01942,6.40222,15.0065,9.72915,16.6256,9.72915,16.6256,6.40222,15.0065,6.53478,14.6694,0.0194178,2,-0.666667,-0.0703716,0,0.124034,1
8.17944,15.9824,1.93415,1.7,2,2.00927,6.41901,15.0139,9.66078,16.7974,9.72915,16.6256,6.41901,15.0139,6.54785,14.6697,0.00926971,1,-0.666667,-0.0890119,0,0.114008,1
8.14704,16.077,1.86748,1.7,2,2.01098,6.42327,15.0413,9.59484,16.9468,9.72915,16.6256,6.42327,15.0413,6.56035,14.6978,0.0109785,1,0.666667,0.0171515,0,0.0996267,1
8.11538,16.1718,1.92615,1.7,2,2.01638,6.45084,15.0338,9.50522,17.122,9.72915,16.6256,6.45084,15.0338,6.16974,15.3315,0.0163786,1,0.666667,0.0454443,0,0.118831,1
8.07749,16.2643,1.99281,1.7,2,2.02098,6.44621,15.0713,9.43274,17.2555,9.72915,16.6256,6.44621,15.0713,6.14754,15.357,0.0209801,1,0.666667,0.0404698,0,0.113702,1
8.03352,16.3541,2.05948,1.7,2,2.02225,6.43995,15.1091,9.35561,17.387,9.72915,16.6256,6.43995,15.1091,6.14653,15.3927,0.0222542,1,0.666667,0.0126453,0,0.100757,1
7.98366,16.4408,2.12615,1.7,2,2.01669,6.36924,15.2322,9.33121,17.4496,9.72915,16.6256,6.36924,15.2322,6.54584,14.9086,0.0166857,1,-0.666667,-0.0476057,0,0.116971,1
7.93282,16.5269,2.07148,1.7,2,2.0102,6.36371,15.2704,9.25183,17.5831,9.72915,16.6256,6.36371,15.2704,6.54452,14.9473,0.0101981,1,-0.666667,-0.0559163,0,0.116023,1
7.88777,16.6161,2.00481,1.7,2,2.01206,6.3662,15.2996,9.16424,17.7206,9.72915,16.6256,6.3662,15.2996,6.5584,14.9823,0.0120606,1,0.666667,0.0192837,0,0.0965856,1
7.84354,16.7058,2.06215,1.7,2,2.02259,6.39235,15.2969,9.04707,17.8742,9.72915,16.6256,6.39235,15.2969,6.05418,15.537,0.0225852,1,0.666667,0.0901296,0,0.116771,1
7.79345,16.7923,2.12881,1.7,2,2.02973,6.38276,15.333,8.95431,17.9933,9.72915,16.6256,6.38276,15.333,6.04743,15.571,0.029732,1,0.666667,0.0721381,0,0.0990715,1
7.73771,16.8753,2.19548,1.7,2,2.03368,6.37143,15.369,8.8572,18.1096,9.72915,16.6256,6.37143,15.369,6.02089,15.5914,0.033679,1,0.666667,0.0335309,0,0.117713,1
7.67657,16.9544,2.26215,1.7,2,2.03248,6.30636,15.4533,8.80074,18.1861,9.72915,16.6256,6.30636,15.4533,6.54081,15.164,0.0324802,1,0.666667,-0.0103602,0,0.115709,1
7.61029,17.0293,2.32881,1.7,2,2.0245,6.267,15.5147,8.72202,18.2828,9.72915,16.6256,6.267,15.5147,6.50712,15.2339,0.0244966,1,-0.666667,-0.0796913,0,0.100183,1
7.54334,17.1036,2.27148,1.7,2,2.01781,6.25026,15.5545,8.62134,18.3949,8.62134,18.3949,6.25026,15.5545,4.97248,17.8337,0.0178106,2,-0.666667,-0.0575014,0,0.116275,1
7.48146,17.1821,2.20481,1.7,2,2.02259,6.27346,15.5599,8.4833,18.5275,8.62134,18.3949,6.27346,15.5599,4.97417,17.7921,0.0355662,2,0.666667,0.153146,0,0.115939,1
7.42049,17.2613,2.25948,1.7,2,2.03502,6.29606,15.5652,8.34045,18.6491,8.62134,18.3949,6.29606,15.5652,4.96715,17.8071,0.048594,2,0.666667,0.130702,0,0.0996753,1
7.35441,17.3364,2.32615,1.7,2,2.04482,6.27926,15.597,8.2247,18.7443,8.62134,18.3949,6.27926,15.597,4.96024,17.8769,0.0490247,2,0.666667,0.00374322,0,0.115047,1
7.28348,17.4068,2.39281,1.7,2,2.0492,6.20054,15.6672,8.15588,18.8083,8.62134,18.3949,6.20054,15.6672,4.9654,17.8954,0.0367934,2,-0.666667,-0.106647,0,0.114689,1
7.21183,17.4766,2.33681,1.7,2,2.05219,6.15148,15.7195,8.06324,18.8874,8.62134,18.3949,6.15148,15.7195,4.98735,17.8732,0.0176952,2,-0.666667,-0.192628,0,0.0991461,1
7.14496,17.5509,2.27015,1.7,2,2.06489,6.17777,15.7265,7.91084,18.9955,8.62134,18.3949,6.17777,15.7265,4.92891,18.0191,-0.000632221,2,-0.666667,-0.15547,0,0.117884,1
7.08318,17.6295,2.20348,1.7,2,2.0458,5.03787,17.5849,8.73699,17.6656,8.62134,18.3949,5.03787,17.5849,6.4866,15.5142,-0.0180927,2,-0.666667,-0.147339,0,0.118505,1
7.02678,17.7121,2.13681,1.7,2,1.99058,5.04215,17.5583,8.7311,17.8441,8.62134,18.3949,5.04215,17.5583,6.53494,15.5062,-0.0346359,2,-0.666667,-0.166604,0,0.0992967,1
6.97601,17.7982,2.07015,1.7,2,1.94663,5.04232,17.5741,8.71772,18,8.62134,18.3949,5.04232,17.5741,6.49038,15.5875,-0.0502155,2,-0.666667,-0.1351,0,0.115318,1
6.93108,17.8875,2.00348,1.7,2,1.90847,5.04023,17.6288,8.70607,18.1304,8.62134,18.3949,5.04023,17.6288,6.48362,15.6295,-0.0647885,2,-0.666667,-0.125074,0,0.116516,1
6.89221,17.9796,1.93681,1.7,2,1.88281,5.05034,17.5891,8.66987,18.3565,8.62134,18.3949,5.05034,17.5891,6.48294,15.6654,-0.0783158,2,-0.666667,-0.140248,0,0.0964531,1
6.85956,18.0741,1.87015,1.7,2,1.8738,5.05089,17.5844,8.62227,18.5514,8.62134,18.3949,5.05089,17.5844,6.48928,15.6956,-0.0907617,2,-0.666667,-0.106196,0,0.117197,1
6.83327,18.1706,1.80348,1.7,2,1.87181,5.02808,17.6757,8.5964,18.654,8.62134,18.3949,5.02808,17.6757,6.54298,15.6876,-0.128189,1,-0.666667,-0.317367,0,0.117932,1
6.81347,18.2686,1.73681,1.7,2,1.88216,5.0287,17.671,8.53725,18.8458,8.53725,18.8458,5.0287,17.671,6.56742,15.7077,-0.117841,2,-0.666667,0.105637,0,0.097962,1
6.80024,18.3677,1.67015,1.7,2,1.90526,5.04247,17.6327,8.45605,19.0601,8.53725,18.8458,5.04247,17.6327,4.85591,17.9653,-0.0947376,1,-0.666667,0.199086,0,0.116047,1
6.79365,18.4675,1.60348,1.7,2,1.93765,4.99548,17.7456,8.42914,19.124,8.53725,18.8458,4.99548,17.7456,5.0908,17.4087,-0.0623531,1,0.666667,0.273743,0,0.118303,1
6.78832,18.5673,1.65681,1.7,2,1.97514,5.01199,17.7037,8.33956,19.3215,8.53725,18.8458,5.01199,17.7037,5.10874,17.3502,-0.0248642,1,0.666667,0.375273,0,0.0998978,1
6.77641,18.6666,1.72348,1.7,2,2.01488,5.00988,17.6975,8.25383,19.477,8.53725,18.8458,5.00988,17.6975,4.75574,18.0198,0.0148811,1,0.666667,0.340428,0,0.116751,1
6.75792,18.7648,1.79015,1.7,2,2.05231,4.93862,17.815,8.21854,19.5274,8.53725,18.8458,4.93862,17.815,5.07862,17.4731,0.0523062,1,0.666667,0.334099,0,0.112018,1
6.73293,18.8616,1.85681,1.7,2,2.08059,4.93815,17.8092,8.12987,19.6808,8.53725,18.8458,4.93815,17.8092,5.06733,17.4447,0.0805929,1,0.666667,0.283933,0,0.0996247,1
6.70154,18.9566,1.92348,1.7,2,2.10922,4.93676,17.8014,8.03253,19.8278,8.53725,18.8458,4.93676,17.8014,4.66061,18.1234,0.109225,1,0.666667,0.235233,0,0.121717,1
6.66389,19.0492,1.99015,1.7,2,2.13623,4.89343,17.8538,7.9599,19.9242,8.53725,18.8458,4.89343,17.8538,4.5897,18.1676,0.136235,1,0.666667,0.23246,0,0.116192,1
6.62016,19.1391,2.05681,1.7,2,2.15426,4.83098,17.9392,7.90395,20,8.53725,18.8458,4.83098,17.9392,4.99991,17.5828,0.154257,1,0.666667,0.181384,0,0.0993612,1
6.57054,19.2259,2.12348,1.7,2,2.16932,4.83047,17.9305,7.79834,20.1399,8.53725,18.8458,4.83047,17.9305,4.52681,18.2438,0.169318,1,0.666667,0.125177,0,0.120313,1
6.51525,19.3092,2.19015,1.7,2,2.18474,4.80512,17.9496,7.70133,20.2522,8.53725,18.8458,4.80512,17.9496,4.50217,18.2619,0.184737,1,0.666667,0.129306,0,0.11925,1
6.45452,19.3886,2.25681,1.7,2,2.19419,4.73271,18.0285,7.63616,20.322,8.53725,18.8458,4.73271,18.0285,4.43606,18.3466,0.194188,1,0.666667,0.0967496,0,0.0976793,1
6.38865,19.4638,2.32348,1.7,2,2.1948,4.71043,18.0494,7.53958,20.4339,7.53958,20.4339,4.71043,18.0494,4.42015,18.367,0.194795,2,0.666667,0.00520017,0,0.116821,1
6.31791,19.5345,2.39015,1.7,2,2.19281,4.63677,18.1266,7.47341,20.5022,7.53958,20.4339,4.63677,18.1266,4.36366,18.4537,0.182964,2,0.666667,-0.100383,0,0.117864,1
6.24262,19.6003,2.45681,1.7,2,2.1776,4.52116,18.2667,7.44612,20.5326,7.53958,20.4339,4.52116,18.2667,4.75402,17.9606,0.177596,1,0.666667,-0.0554644,0,0.0967728,1
6.16311,19.6609,2.52348,1.7,2,2.14865,4.43779,18.3803,7.40881,20.5855,7.40881,20.5855,4.43779,18.3803,4.66504,18.0776,0.148652,2,-0.666667,-0.25213,0,0.1148,1
6.08299,19.7207,2.46748,1.7,2,2.11049,4.34109,18.5291,7.39489,20.6182,7.40881,20.5855,4.34109,18.5291,4.55427,18.2249,0.11049,1,-0.666667,-0.323031,0,0.118137,1
6.007,19.7857,2.40081,1.7,2,2.07235,4.28002,18.6402,7.36338,20.6854,7.36338,20.6854,4.28002,18.6402,4.48145,18.3351,0.0723546,2,-0.666667,-0.38778,0,0.0983427,1
5.93551,19.8556,2.33415,1.7,2,2.03475,4.22395,18.7552,7.33626,20.7561,7.36338,20.6854,4.22395,18.7552,4.41776,18.4532,0.0347483,1,-0.666667,-0.323791,0,0.116144,1
5.86883,19.9301,2.26748,1.7,2,1.99776,4.1731,18.8739,7.31372,20.83,7.31372,20.83,4.1731,18.8739,3.9689,19.2039,-0.00223792,2,-0.666667,-0.310278,0,0.119204,1
5.80727,20.0088,2.20081,1.7,2,1.96139,4.11032,19.0253,7.31147,20.8807,7.31372,20.83,4.11032,19.0253,4.28425,18.7265,-0.0157283,2,-0.666667,-0.143202,0,0.094205,1
5.75109,20.0916,2.13415,1.7,2,1.92563,4.07144,19.1498,7.2988,20.9593,7.31372,20.83,4.07144,19.1498,4.23845,18.8545,-0.074373,1,-0.666667,-0.499843,0,0.117326,1
5.70054,20.1778,2.06748,1.7,2,1.89054,4.03844,19.277,7.29136,21.04,7.29136,21.04,4.03844,19.277,3.86452,19.6004,-0.109462,2,-0.666667,-0.346177,0,0.101363,1
5.65585,20.2673,2.00081,1.7,2,1.85617,3.9967,19.435,7.30397,21.0939,7.29136,21.04,3.9967,19.435,4.14582,19.1443,-0.108893,2,-0.666667,0.0049557,0,0.114958,1
5.61722,20.3595,1.93415,1.7,2,1.82256,3.97659,19.5657,7.30726,21.1771,7.29136,21.04,3.97659,19.5657,4.11621,19.2762,-0.177437,1,-0.666667,-0.586167,0,0.116937,1
5.58482,20.4541,1.86748,1.7,2,1.79557,4.01437,19.5836,7.2505,21.3773,7.2505,21.3773,4.01437,19.5836,4.15325,19.2948,-0.204433,2,-0.666667,-0.268849,0,0.100413,1
5.5588,20.5506,1.80081,1.7,2,1.77867,4.00583,19.6834,7.23631,21.4873,7.2505,21.3773,4.00583,19.6834,4.14577,19.399,-0.221325,1,-0.666667,-0.141441,0,0.119425,1
5.53926,20.6486,1.73415,1.7,2,1.76724,4.03018,19.729,7.18969,21.6545,7.18969,21.6545,4.03018,19.729,4.17161,19.4446,-0.232762,2,-0.666667,-0.0974894,0,0.117313,1
5.5263,20.7478,1.66748,1.7,2,1.76656,4.08882,19.721,7.09957,21.8716,7.18969,21.6545,4.08882,19.721,4.22751,19.4243,-0.233442,1,-0.666667,-0.00714789,0,0.0951788,1
5.51997,20.8476,1.60081,1.7,2,1.7791,4.11268,19.7591,7.03943,22.0228,7.18969,21.6545,4.11268,19.7591,3.85166,20.0078,-0.220905,1,-0.666667,0.10741,0,0.116726,1
5.5203,20.9475,1.53415,1.7,2,1.79569,4.10335,19.8445,7.02296,22.1173,7.02296,22.1173,4.10335,19.8445,4.2736,19.5678,-0.204314,2,-0.666667,0.130046,0,0.127577,1
5.52729,21.0473,1.46748,1.7,2,1.81904,4.15611,19.852,6.94514,22.2833,7.02296,22.1173,4.15611,19.852,4.32809,19.5621,-0.180958,1,-0.666667,0.237098,0,0.0985072,1
5.54091,21.1463,1.40081,1.7,2,1.85403,4.2131,19.8524,6.86294,22.4347,7.02296,22.1173,4.2131,19.8524,3.92539,20.0867,-0.145967,1,0.666667,0.303261,0,0.115382,1
5.55566,21.2452,1.45548,1.7,2,1.89427,4.20209,19.92,6.84597,22.5085,7.02296,22.1173,4.20209,19.92,4.40385,19.6368,-0.10573,1,0.666667,0.34638,0,0.116164,1
5.56385,21.3449,1.52215,1.7,2,1.92869,4.18145,20,6.83346,22.58,7.02296,22.1173,4.18145,20,4.39788,19.7275,-0.0713121,1,0.666667,0.345003,0,0.0997608,1
5.56538,21.4448,1.58881,1.7,2,1.95977,4.22963,20.0108,6.7515,22.7182,7.02296,22.1173,4.22963,20.0108,4.44068,19.7108,-0.04023,1,0.666667,0.264438,0,0.11754,1
5.56025,21.5447,1.65548,1.7,2,1.99331,4.27504,20.021,6.66067,22.8493,7.02296,22.1173,4.27504,20.021,3.9434,20.2423,-0.00669491,1,0.666667,0.287168,0,0.116779,1
5.54848,21.644,1.72215,1.7,2,2.02466,4.21145,20.1236,6.65483,22.9021,7.02296,22.1173,4.21145,20.1236,4.4539,19.8457,0.0246561,1,0.666667,0.313455,0,0.100017,1
5.53012,21.7423,1.78881,1.7,2,2.04849,4.22688,20.1618,6.5808,23.0164,7.02296,22.1173,4.22688,20.1618,4.47061,19.8702,0.0484893,1,0.666667,0.205055,0,0.116229,1
5.50525,21.8391,1.85548,1.7,2,2.07256,4.26696,20.1771,6.4776,23.1441,7.02296,22.1173,4.26696,20.1771,3.89417,20.3726,0.0725632,1,0.666667,0.210276,0,0.114487,1
5.47399,21.9341,1.92215,1.7,2,2.09828,4.24453,20.2337,6.4125,23.232,7.02296,22.1173,4.24453,20.2337,4.50776,19.9415,0.0982802,1,0.666667,0.260404,0,0.0987582,1
5.43647,22.0267,1.98881,1.7,2,2.11584,4.19133,20.3161,6.36872,23.3075,7.02296,22.1173,4.19133,20.3161,4.47254,20.0547,0.115836,1,0.666667,0.151248,0,0.116074,1
5.39286,22.1167,2.05548,1.7,2,2.13422,4.22331,20.3315,6.2509,23.4264,7.02296,22.1173,4.22331,20.3315,4.50909,20.0577,0.134224,1,0.666667,0.147933,0,0.124302,1
5.34335,22.2036,2.12215,1.7,2,2.1517,4.28674,20.3292,6.10365,23.5523,7.02296,22.1173,4.28674,20.3292,3.8826,20.4878,0.151703,1,0.666667,0.17516,0,0.0997874,1
5.28817,22.2869,2.18881,1.7,2,2.16576,4.18602,20.4226,6.06894,23.6077,7.02296,22.1173,4.18602,20.4226,4.49506,20.1758,0.16576,1,0.666667,0.120115,0,0.117027,1
5.22755,22.3665,2.25548,1.7,2,2.17591,4.21373,20.4412,5.93768,23.715,7.02296,22.1173,4.21373,20.4412,4.52988,20.1896,0.175905,1,0.666667,0.0870932,0,0.116492,1
5.16178,22.4418,2.32215,1.7,2,2.18966,4.23809,20.4565,5.7989,23.8111,7.02296,22.1173,4.23809,20.4565,3.80578,20.572,0.189657,1,0.666667,0.139164,0,0.0988132,1
5.09113,22.5125,2.38881,1.7,2,2.1996,4.15698,20.5211,5.72834,23.8709,7.02296,22.1173,4.15698,20.5211,4.49155,20.2952,0.199598,1,0.666667,0.0850134,0,0.116933,1
5.01593,22.5784,2.45548,1.7,2,2.20469,4.17894,20.5388,5.58361,23.9617,7.02296,22.1173,4.17894,20.5388,4.52206,20.3155,0.204689,1,0.666667,0.0437147,0,0.116469,1
4.9365,22.6391,2.52215,1.7,2,2.21456,4.19757,20.5515,5.43215,24.0394,7.02296,22.1173,4.19757,20.5515,3.74538,20.6163,0.214561,1,0.666667,0.100908,0,0.0978269,1
4.85321,22.6944,2.58881,1.7,2,2.22147,4.10538,20.6026,5.35093,24.0867,7.02296,22.1173,4.10538,20.6026,4.46698,20.4283,0.221467,1,0.666667,0.0595843,0,0.115908,1
4.76641,22.744,2.65548,1.7,2,2.22432,4.12157,20.6153,5.19422,24.1564,7.02296,22.1173,4.12157,20.6153,4.48876,20.4335,0.224317,1,0.666667,0.0242657,0,0.117452,1
4.67651,22.7878,2.72215,1.7,2,2.22973,4.17369,20.6155,5.00806,24.2202,7.02296,22.1173,4.17369,20.6155,3.71553,20.6327,0.229729,1,0.666667,0.0540121,0,0.100202,1
4.58389,22.8254,2.78881,1.7,2,2.23377,4.07331,20.6508,4.91902,24.2528,7.02296,22.1173,4.07331,20.6508,4.45325,20.4981,0.233775,1,0.666667,0.0347315,0,0.116486,1
4.48896,22.8568,2.85548,1.7,2,2.23381,4.08598,20.6597,4.75347,24.299,7.02296,22.1173,4.08598,20.6597,4.47279,20.4997,0.233811,1,0.666667,0.00031268,0,0.1159,1
4.39216,22.8818,2.92215,1.7,2,2.23795,4.13597,20.6586,4.55953,24.3343,7.02296,22.1173,4.13597,20.6586,3.68446,20.6473,0.237945,1,0.666667,0.0419918,0,0.0984577,1
4.2939,22.9003,2.98881,1.7,2,2.24052,4.03041,20.6754,4.46554,24.3497,7.02296,22.1173,4.03041,20.6754,4.42675,20.5582,0.240516,1,0.666667,0.0222421,0,0.115564,1
4.19463,22.9123,3.05548,1.7,2,2.23975,4.04097,20.6778,4.29482,24.3691,7.02296,22.1173,4.04097,20.6778,4.44505,20.5558,0.239746,1,0.666667,-0.00668761,0,0.115045,1
4.09479,22.9175,3.12215,1.7,2,2.2417,4.09032,20.6758,4.0977,24.3758,7.02296,22.1173,4.09032,20.6758,3.64198,20.6126,0.241704,1,0.666667,0.019415,0,0.100832,1
3.99482,22.9161,-3.09437,1.7,2,2.23981,3.94422,20.6769,4.02781,24.376,7.02296,22.1173,3.94422,20.6769,4.34653,20.6192,0.23981,1,0.666667,-0.016224,0,0.116711,1
3.89516,22.9081,-3.0277,1.7,2,2.23639,3.99369,20.6739,3.83068,24.3703,7.02296,22.1173,3.99369,20.6739,4.40878,20.5961,0.236392,1,0.666667,-0.0294634,0,0.116024,1
3.79626,22.8934,-2.96104,1.7,2,2.23706,4.00465,20.6661,3.65999,24.35,7.02296,22.1173,4.00465,20.6661,3.56352,20.543,0.237056,1,0.666667,0.00659681,0,0.100654,1
3.69856,22.8722,-2.89437,1.7,2,2.23119,3.8994,20.6501,3.56634,24.3351,7.02296,22.1173,3.8994,20.6501,4.30391,20.6387,0.231186,1,0.666667,-0.0502043,0,0.11692,1
3.60249,22.8445,-2.8277,1.7,2,2.22471,3.94991,20.6471,3.3721,24.3017,7.02296,22.1173,3.94991,20.6471,4.36894,20.6166,0.224708,1,0.666667,-0.0555626,0,0.116586,1
3.50847,22.8105,-2.76104,1.7,2,2.222,3.96302,20.6355,3.20613,24.2572,7.02296,22.1173,3.96302,20.6355,3.54117,20.4808,0.222002,1,0.666667,-0.0271939,0,0.0995183,1
3.41693,22.7703,-2.69437,1.7,2,2.21191,3.8626,20.6037,3.11711,24.2279,7.02296,22.1173,3.8626,20.6037,4.27217,20.6128,0.211906,1,0.666667,-0.0855048,0,0.118071,1
3.32828,22.7241,-2.6277,1.7,2,2.20166,3.87742,20.592,2.95455,24.1751,7.02296,22.1173,3.87742,20.592,4.29484,20.5976,0.201663,1,0.666667,-0.0886008,0,0.11561,1
3.24289,22.6721,-2.56104,1.7,2,2.19351,3.89384,20.5774,2.79583,24.1107,7.02296,22.1173,3.89384,20.5774,3.49485,20.3763,0.193511,1,0.666667,-0.0813816,0,0.100173,1
3.16117,22.6145,-2.49437,1.7,2,2.17873,3.80118,20.5319,2.71429,24.0686,7.02296,22.1173,3.80118,20.5319,4.19543,20.5918,0.178729,1,0.666667,-0.126548,0,0.116813,1
3.08346,22.5515,-2.4277,1.7,2,2.16249,3.81962,20.5182,2.56006,23.9972,7.02296,22.1173,3.81962,20.5182,4.22074,20.574,0.162488,1,0.666667,-0.163904,0,0.0990845,1
3.01012,22.4836,-2.36104,1.7,2,2.14949,3.84039,20.5009,2.41121,23.9138,7.02296,22.1173,3.84039,20.5009,3.46862,20.2739,0.149494,1,0.666667,-0.110854,0,0.117215,1
2.94146,22.4109,-2.29437,1.7,2,2.12971,3.75791,20.4439,2.33947,23.8612,7.02296,22.1173,3.75791,20.4439,4.13517,20.5402,0.129707,1,0.666667,-0.169951,0,0.116429,1
2.8778,22.3338,-2.2277,1.7,2,2.10682,3.78022,20.4301,2.19539,23.7735,7.02296,22.1173,3.78022,20.4301,3.4252,20.1959,0.10682,1,0.666667,-0.227061,0,0.100799,1
2.81942,22.2527,-2.16104,1.7,2,2.08683,3.80496,20.4132,2.05757,23.6746,7.02296,22.1173,3.80496,20.4132,3.45587,20.1943,0.0868325,1,0.666667,-0.17294,0,0.115572,1
2.76657,22.1678,-2.09437,1.7,2,2.06219,3.70282,20.3304,2.02299,23.6271,7.02296,22.1173,3.70282,20.3304,4.04746,20.4681,0.0621932,1,-0.666667,-0.207948,0,0.118488,1
2.7147,22.0823,-2.14904,1.7,2,2.0349,3.72812,20.3177,1.88545,23.5262,1.88545,23.5262,3.72812,20.3177,3.38697,20.1153,0.0349016,2,-0.666667,-0.270459,0,0.100908,1
2.65729,22.0004,-2.2157,1.7,2,2.01672,3.66716,20.2548,1.8144,23.4575,1.88545,23.5262,3.66716,20.2548,3.32798,20.0581,-0.00989427,2,-0.666667,-0.379422,0,0.118064,1
2.59456,21.9226,-2.28237,1.7,2,1.99865,3.57053,20.1784,1.76378,23.4073,1.88545,23.5262,3.57053,20.1784,3.23064,19.9913,-0.0534169,2,-0.666667,-0.374842,0,0.116109,1
2.52678,21.8491,-2.34904,1.7,2,1.97992,3.43825,20.0914,1.73494,23.3761,1.88545,23.5262,3.43825,20.0914,3.74613,20.2548,-0.0200754,1,0.666667,0.329301,0,0.101249,1
2.45808,21.7765,-2.2957,1.7,2,1.9568,3.36059,20.0402,1.65409,23.3232,1.65409,23.3232,3.36059,20.0402,3.02256,19.8666,-0.0432022,2,-0.666667,-0.198393,0,0.11657,1
2.39034,21.7029,-2.3477,1.7,2,1.92347,3.18757,19.9524,1.65401,23.3197,1.65409,23.3232,3.18757,19.9524,3.49534,20.0943,-0.0796944,2,-0.666667,-0.309408,0,0.117942,1
2.31791,21.634,-2.41437,1.7,2,1.88915,3.07624,19.9037,1.59101,23.2925,1.65409,23.3232,3.07624,19.9037,3.38006,20.0393,-0.110845,1,-0.666667,-0.312123,0,0.0998027,1
2.24105,21.5701,-2.48104,1.7,2,1.85437,2.96104,19.8612,1.52444,23.2709,1.52444,23.2709,2.96104,19.8612,3.26362,19.9862,-0.145634,2,-0.666667,-0.30314,0,0.114761,1
2.16009,21.5114,-2.5477,1.7,2,1.81921,2.81285,19.8133,1.48525,23.2669,1.52444,23.2709,2.81285,19.8133,3.1106,19.9312,-0.180786,1,-0.666667,-0.29415,0,0.119503,1
2.07541,21.4582,-2.61437,1.7,2,1.78367,2.69153,19.7843,1.41348,23.2566,1.41348,23.2566,2.69153,19.7843,2.98488,19.8961,-0.216333,2,-0.666667,-0.364255,0,0.097588,1
1.98738,21.4108,-2.68104,1.7,2,1.74767,2.56753,19.7623,1.33929,23.2524,1.41348,23.2566,2.56753,19.7623,2.85863,19.8638,-0.252329,1,-0.666667,-0.307376,0,0.117108,1
1.89639,21.3694,-2.7477,1.7,2,1.71149,2.46961,19.7568,1.23039,23.2431,1.23039,23.2431,2.46961,19.7568,2.75642,19.8535,-0.288506,2,-0.666667,-0.313424,0,0.115425,1
1.80283,21.3341,-2.81437,1.7,2,1.68618,2.45485,19.7791,1.02412,23.1913,1.23039,23.2431,2.45485,19.7791,2.74088,19.8757,-0.313824,1,-0.666667,-0.25296,0,0.100089,1
1.70714,21.3052,-2.88104,1.7,2,1.66787,2.38362,19.7806,0.882912,23.1626,0.882912,23.1626,2.38362,19.7806,2.66392,19.8828,-0.332132,2,-0.666667,-0.154749,0,0.118308,1
1.60973,21.2826,-2.9477,1.7,2,1.6622,2.39287,19.8165,0.64962,23.0801,0.882912,23.1626,2.39287,19.8165,2.68021,19.9178,-0.337804,1,-0.666667,-0.048925,0,0.11593,1
1.51103,21.2667,-3.01437,1.7,2,1.67473,2.38081,19.8355,0.459193,22.9974,0.882912,23.1626,2.38081,19.8355,2.11843,19.6237,-0.325271,1,-0.666667,0.126126,0,0.0993651,1
1.41149,21.2573,-3.08104,1.7,2,1.69201,2.31984,19.8298,0.333502,22.9514,0.882912,23.1626,2.31984,19.8298,2.59864,19.9603,-0.307991,1,-0.666667,0.147907,0,0.116831,1
1.31154,21.2546,3.13548,1.7,2,1.72337,2.34026,19.8719,0.131652,22.8404,0.882912,23.1626,2.34026,19.8719,2.09415,19.6248,-0.276634,1,0.666667,0.258034,0,0.121522,1
1.21157,21.2535,-3.09837,1.7,2,1.76613,2.3344,19.8902,-0.0179048,22.7462,0.882912,23.1626,2.3344,19.8902,2.09319,19.6281,-0.233866,1,0.666667,0.442524,0,0.0966456,1
1.11188,21.2458,-3.0317,1.7,2,1.80274,2.27777,19.8708,-0.115149,22.6929,0.882912,23.1626,2.27777,19.8708,2.55743,20.0455,-0.197262,1,0.666667,0.318207,0,0.115035,1
1.01292,21.2315,-2.96504,1.7,2,1.84036,2.27076,19.8881,-0.258092,22.589,0.882912,23.1626,2.27076,19.8881,2.56366,20.0679,-0.159636,1,0.666667,0.316504,0,0.118879,1
0.915133,21.2107,-2.89837,1.7,2,1.88028,2.24319,19.8797,-0.37015,22.4989,0.882912,23.1626,2.24319,19.8797,2.53389,20.0745,-0.119717,1,0.666667,0.409819,0,0.0974051,1
0.81895,21.1834,-2.8317,1.7,2,1.91304,2.18939,19.8486,-0.461162,22.4302,0.882912,23.1626,2.18939,19.8486,2.46338,20.064,-0.0869578,1,0.666667,0.276339,0,0.118549,1
0.7248,21.1498,-2.76504,1.7,2,1.9479,2.20765,19.8866,-0.60899,22.2859,0.882912,23.1626,2.20765,19.8866,2.003,19.5471,-0.0520967,1,0.666667,0.299232,0,0.116502,1
0.633101,21.1099,-2.69837,1.7,2,1.98608,2.18515,19.8707,-0.70626,22.1793,0.882912,23.1626,2.18515,19.8707,1.98694,19.5189,-0.0139184,1,0.666667,0.38949,0,0.0980214,1
0.544259,21.0641,-2.6317,1.7,2,2.01609,2.13759,19.8288,-0.786544,22.0958,0.882912,23.1626,2.13759,19.8288,2.40161,20.0854,0.0160944,1,0.666667,0.253949,0,0.118184,1
0.45867,21.0124,-2.56504,1.7,2,2.04964,2.15858,19.8672,-0.910086,21.9344,0.882912,23.1626,2.15858,19.8672,1.98471,19.4881,0.0496421,1,0.666667,0.2869,0,0.116932,1
0.376714,20.9551,-2.49837,1.7,2,2.08488,2.12233,19.8151,-0.975592,21.8382,0.882912,23.1626,2.12233,19.8151,2.39311,20.0931,0.0848765,1,0.666667,0.355332,0,0.0991591,1
0.298755,20.8925,-2.4317,1.7,2,2.11324,2.10393,19.7938,-1.05668,21.7175,0.882912,23.1626,2.10393,19.7938,2.36331,20.0865,0.113244,1,0.666667,0.244159,0,0.116184,1
0.225139,20.8249,-2.36504,1.7,2,2.14531,2.12793,19.834,-1.1538,21.5429,0.882912,23.1626,2.12793,19.834,1.9972,19.415,0.145309,1,0.666667,0.246775,0,0.129939,1
0.156194,20.7525,-2.29837,1.7,2,2.17889,2.08559,19.74,-1.19075,21.4592,0.882912,23.1626,2.08559,19.74,2.3167,20.0635,0.178886,1,0.666667,0.346498,0,0.0969037,1
0.0922257,20.6756,-2.2317,1.7,2,2.20572,2.09344,19.7481,-1.26351,21.304,0.882912,23.1626,2.09344,19.7481,2.33823,20.0794,0.20572,1,0.666667,0.223835,0,0.11988,1
0.0335182,20.5947,-2.16504,1.7,2,2.23678,2.12106,19.7914,-1.33208,21.1202,0.882912,23.1626,2.12106,19.7914,2.02,19.3511,0.236781,1,0.666667,0.25959,0,0.119655,1
-0.0196675,20.51,-2.09837,1.7,2,2.26792,2.09437,19.6889,-1.35458,21.0285,0.882912,23.1626,2.09437,19.6889,2.29625,20.0503,0.267919,1,0.666667,0.308089,0,0.101069,1
-0.0670952,20.422,-2.03171,1.7,2,2.29348,2.10903,19.6978,-1.40164,20.8662,0.882912,23.1626,2.10903,19.6978,2.3235,20.0686,0.293485,1,0.666667,0.22306,0,0.114614,1
-0.108554,20.331,-1.96504,1.7,2,2.32305,2.1396,19.7459,-1.44111,20.6778,0.882912,23.1626,2.1396,19.7459,2.09122,19.2776,0.323046,1,0.666667,0.298143,0,0.0991496,1
-0.14386,20.2375,-1.89837,1.7,2,2.35224,2.11986,19.5982,-1.4409,20.6037,0.882912,23.1626,2.11986,19.5982,2.28663,19.9919,0.352241,1,0.666667,0.252112,0,0.115804,1
-0.172856,20.1418,-1.83171,1.7,2,2.3765,2.14321,19.6093,-1.4627,20.4384,0.882912,23.1626,2.14321,19.6093,2.32127,20.0133,0.376498,1,0.666667,0.200481,0,0.120991,1
-0.195413,20.0444,-1.76504,1.7,2,2.4057,2.17981,19.6627,-1.47332,20.2498,0.882912,23.1626,2.17981,19.6627,2.19795,19.1672,0.405697,1,0.666667,0.303686,0,0.0961499,1
-0.211432,19.9457,-1.69837,1.7,2,2.4307,2.18725,19.5525,-1.46401,20.151,0.882912,23.1626,2.18725,19.5525,2.32855,19.9763,0.430701,1,0.666667,0.209342,0,0.119438,1
-0.220841,19.8462,-1.63171,1.7,2,2.45148,2.21493,19.5691,-1.46136,19.9873,0.882912,23.1626,2.21493,19.5691,2.37259,20.0052,0.451484,1,0.666667,0.183957,0,0.112979,1
-0.223597,19.7462,-1.56504,1.7,2,2.47486,2.24619,19.5878,-1.44622,19.8247,0.882912,23.1626,2.24619,19.5878,2.3237,19.0794,0.474863,1,0.666667,0.234335,0,0.099768,1
-0.21969,19.6463,-1.49837,1.7,2,2.49701,2.27168,19.4786,-1.41997,19.7271,0.882912,23.1626,2.27168,19.4786,2.39574,19.9281,0.497007,1,0.666667,0.182867,0,0.121095,1
-0.209136,19.5469,-1.43171,1.7,2,2.51247,2.30293,19.5017,-1.39647,19.5683,0.882912,23.1626,2.30293,19.5017,2.41924,19.9617,0.512473,1,0.666667,0.130766,0,0.118274,1
-0.191982,19.4484,-1.36504,1.7,2,2.53011,2.3369,19.5274,-1.3613,19.4119,0.882912,23.1626,2.3369,19.5274,2.45196,19.0196,0.530113,1,0.666667,0.180239,0,0.0978681,1
-0.168304,19.3513,-1.29837,1.7,2,2.54682,2.37751,19.4228,-1.32103,19.3189,0.882912,23.1626,2.37751,19.4228,2.46245,19.8917,0.546819,1,0.666667,0.141715,0,0.117883,1
-0.138208,19.2559,-1.23171,1.7,2,2.55512,2.41234,19.4087,-1.28104,19.1875,0.882912,23.1626,2.41234,19.4087,2.50312,19.8866,0.555121,1,0.666667,0.06961,0,0.119264,1
-0.101827,19.1628,-1.16504,1.7,2,2.56503,2.45245,19.3974,-1.23204,19.059,0.882912,23.1626,2.45245,19.3974,2.51334,19.8757,0.565027,1,0.666667,0.0998172,0,0.0992468,1
-0.0593235,19.0723,-1.09837,1.7,2,2.57431,2.48951,19.4336,-1.17387,18.9143,0.882912,23.1626,2.48951,19.4336,2.68085,18.9319,0.574311,1,0.666667,0.0798697,0,0.116234,1
-0.0108854,18.9848,-1.03171,1.7,2,2.57625,2.54099,19.3384,-1.12401,18.8306,0.882912,23.1626,2.54099,19.3384,2.59072,19.8245,0.576247,1,0.666667,0.0163649,0,0.118314,1
0.0432717,18.9008,-0.965038,1.7,2,2.57529,2.58169,19.335,-1.06533,18.7111,0.882912,23.1626,2.58169,19.335,2.61483,19.8219,0.575292,1,0.666667,-0.00970853,0,0.0983779,1
0.102907,18.8205,-0.898372,1.7,2,2.57537,2.61697,19.3791,-0.994947,18.5766,0.882912,23.1626,2.61697,19.3791,2.83846,18.8935,0.575373,1,0.666667,0.000679532,0,0.119291,1
0.167756,18.7444,-0.831705,1.7,2,2.57273,2.68098,19.2946,-0.933447,18.5034,0.882912,23.1626,2.68098,19.2946,2.68675,19.7799,0.572725,1,0.666667,-0.0224323,0,0.118028,1
0.237531,18.6728,-0.765038,1.7,2,2.5613,2.73151,19.2562,-0.871232,18.4135,0.882912,23.1626,2.73151,19.2562,2.71942,19.7348,0.561304,1,0.666667,-0.116104,0,0.0983684,1
0.311921,18.606,-0.698372,1.7,2,2.55032,2.7755,19.2655,-0.798657,18.3087,0.882912,23.1626,2.7755,19.2655,3.02974,18.7954,0.55032,1,0.666667,-0.0934512,0,0.117537,1
0.390595,18.5443,-0.631705,1.7,2,2.53868,2.82085,19.2783,-0.721124,18.2086,0.882912,23.1626,2.82085,19.2783,3.0653,18.8163,0.538682,1,0.666667,-0.100329,0,0.116007,1
0.473205,18.488,-0.565038,1.7,2,2.52099,2.90103,19.167,-0.662232,18.1704,0.882912,23.1626,2.90103,19.167,2.83601,19.6214,0.52099,1,0.666667,-0.176408,0,0.100289,1
0.559384,18.4373,-0.498372,1.7,2,2.49683,2.94137,19.1859,-0.588448,18.0766,0.882912,23.1626,2.94137,19.1859,2.88828,19.6468,0.496827,1,0.666667,-0.206928,0,0.116768,1
0.648748,18.3925,-0.431705,1.7,2,2.47202,2.98234,19.2081,-0.510471,17.9873,0.882912,23.1626,2.98234,19.2081,3.20997,18.7645,0.472018,1,0.666667,-0.21014,0,0.11806,1
0.7409,18.3537,-0.365039,1.7,2,2.44705,3.02412,19.234,-0.428162,17.903,0.882912,23.1626,3.02412,19.234,3.22942,18.7963,0.447053,1,-0.666667,-0.253702,0,0.098402,1
0.833492,18.316,-0.419705,1.7,2,2.4198,3.10804,19.1417,-0.369866,17.8791,0.882912,23.1626,3.10804,19.1417,3.31012,18.7061,0.419799,1,0.666667,-0.217113,0,0.125531,1
0.925667,18.2772,-0.365039,1.7,2,2.39213,3.14228,19.1766,-0.286247,17.7855,-0.286247,17.7855,3.14228,19.1766,3.3372,18.7497,0.392127,2,0.666667,-0.237633,0,0.11645,1
1.0202,18.2447,-0.298372,1.7,2,2.36202,3.19599,19.164,-0.212287,17.7239,-0.286247,17.7855,3.19599,19.164,3.37217,18.7405,0.315213,2,-0.666667,-0.76305,0,0.100798,1
1.11514,18.2133,-0.351705,1.7,2,2.32867,3.29133,19.0421,-0.166408,17.7253,-0.286247,17.7855,3.29133,19.0421,3.45404,18.6194,0.234771,2,-0.666667,-0.698364,0,0.115186,1
1.2078,18.1758,-0.418372,1.7,2,2.29361,3.36269,18.9613,-0.113531,17.6941,-0.286247,17.7855,3.36269,18.9613,3.51331,18.5421,0.293614,1,0.666667,0.501516,0,0.117329,1
1.30007,18.1373,-0.362372,1.7,2,2.25564,3.42976,18.8805,-0.0636384,17.6614,-0.0636384,17.6614,3.42976,18.8805,3.56972,18.4658,0.25564,2,-0.666667,-0.381457,0,0.0995489,1
1.39267,18.0996,-0.419705,1.7,2,2.21078,3.50739,18.7442,-0.031838,17.6653,-0.0636384,17.6614,3.50739,18.7442,3.39484,19.1176,0.179197,2,-0.666667,-0.650484,0,0.117517,1
1.48257,18.0558,-0.486372,1.7,2,2.16451,3.56184,18.6572,0.00754216,17.6291,-0.0636384,17.6614,3.56184,18.6572,3.4575,19.0247,0.104282,2,-0.666667,-0.633241,0,0.118305,1
1.56935,18.0061,-0.553038,1.7,2,2.11781,3.62141,18.5297,0.0362649,17.615,-0.0636384,17.6614,3.62141,18.5297,3.52527,18.8898,0.117807,1,0.666667,0.13311,0,0.10161,1
1.65543,17.9553,-0.501038,1.7,2,2.06828,3.65969,18.4659,0.0742156,17.5525,0.0742156,17.5525,3.65969,18.4659,3.75723,18.0762,0.0682795,2,-0.666667,-0.426161,0,0.116217,1
1.74211,17.9055,-0.554372,1.7,2,2.01149,3.70791,18.3318,0.0919699,17.5476,0.0742156,17.5525,3.70791,18.3318,3.78861,17.9496,-0.00484385,2,-0.666667,-0.642262,0,0.113853,1
1.82532,17.85,-0.621038,1.7,2,1.9535,3.74663,18.2032,0.107609,17.5342,0.0742156,17.5525,3.74663,18.2032,3.68086,18.5407,-0.0762068,2,-0.666667,-0.687006,0,0.103875,1
1.90465,17.7892,-0.687705,1.7,2,1.89523,3.77336,18.1051,0.125141,17.4883,0.0742156,17.5525,3.77336,18.1051,3.71675,18.4343,-0.104767,1,-0.666667,-0.247541,0,0.115375,1
1.97975,17.7232,-0.754372,1.7,2,1.83692,3.79515,18.0035,0.138486,17.4389,0.138486,17.4389,3.79515,18.0035,3.74474,18.3232,-0.163081,2,-0.666667,-0.495732,0,0.117632,1
2.05028,17.6523,-0.821038,1.7,2,1.77857,3.81172,17.8985,0.147351,17.3863,0.138486,17.4389,3.81172,17.8985,3.77203,18.2103,-0.221433,1,-0.666667,-0.58289,0,0.100108,1
2.11594,17.5769,-0.887705,1.7,2,1.72013,3.82274,17.7906,0.151416,17.3309,0.151416,17.3309,3.82274,17.7906,3.78615,18.0919,-0.279867,2,-0.666667,-0.493468,0,0.118415,1
2.17643,17.4973,-0.954372,1.7,2,1.66857,3.82297,17.7675,0.1718,17.1684,0.151416,17.3309,3.82297,17.7675,3.79193,18.0636,-0.331433,1,-0.666667,-0.439115,0,0.117432,1
2.23148,17.4138,-1.02104,1.7,2,1.62556,3.82983,17.71,0.191768,17.0358,0.191768,17.0358,3.82983,17.71,3.79608,17.9988,-0.374436,2,-0.666667,-0.436774,0,0.0984568,1
2.28085,17.3269,-1.08771,1.7,2,1.58839,3.82418,17.7025,0.229128,16.8275,0.191768,17.0358,3.82418,17.7025,3.79268,17.9899,-0.41161,1,-0.666667,-0.317326,0,0.117148,1
2.32431,17.2369,-1.15437,1.7,2,1.56783,3.81659,17.7177,0.294885,16.583,0.294885,16.583,3.81659,17.7177,3.93878,17.4311,-0.43217,2,-0.666667,-0.171008,0,0.120224,1
2.36168,17.1441,-1.22104,1.7,2,1.55919,3.84423,17.627,0.326112,16.4812,0.294885,16.583,3.84423,17.627,3.78055,17.8998,-0.441624,2,-0.666667,-0.0955161,0,0.0989856,1
2.3928,17.0491,-1.28771,1.7,2,1.55707,3.84429,17.6127,0.395153,16.2735,0.294885,16.583,3.84429,17.6127,3.78089,17.8904,-0.442935,1,-0.666667,-0.0109861,0,0.119306,1
2.41751,16.9522,-1.35437,1.7,2,1.57287,3.82635,17.6516,0.512214,16.0064,0.512214,16.0064,3.82635,17.6516,3.98694,17.3845,-0.427129,2,-0.666667,0.162409,0,0.0973229,1
2.43571,16.8539,-1.42104,1.7,2,1.59987,3.86649,17.5698,0.557548,15.9142,0.512214,16.0064,3.86649,17.5698,3.76825,17.8428,-0.401922,2,-0.666667,0.20896,0,0.12063,1
2.44733,16.7546,-1.48771,1.7,2,1.63329,3.8652,17.5653,0.653202,15.7287,0.512214,16.0064,3.8652,17.5653,3.76044,17.8471,-0.366708,1,0.666667,0.30164,0,0.116741,1
2.45768,16.6552,-1.43437,1.7,2,1.6791,3.85272,17.5896,0.778669,15.5305,0.512214,16.0064,3.85272,17.5896,4.0678,17.3325,-0.320896,1,0.666667,0.458343,0,0.0999513,1
2.47457,16.5566,-1.36771,1.7,2,1.7233,3.90935,17.5112,0.828829,15.4617,0.828829,15.4617,3.90935,17.5112,3.76791,17.7898,-0.276697,2,0.666667,0.380254,0,0.116236,1
2.49799,16.4594,-1.30104,1.7,2,1.75956,3.93126,17.4801,0.91738,15.3338,0.828829,15.4617,3.93126,17.4801,3.78429,17.7663,-0.24044,1,0.666667,0.30541,0,0.118715,1
2.52783,16.364,-1.23437,1.7,2,1.79812,3.91978,17.5023,1.05557,15.16,0.828829,15.4617,3.91978,17.5023,4.18875,17.2574,-0.201878,1,0.666667,0.393504,0,0.0979964,1
2.56396,16.2708,-1.16771,1.7,2,1.83601,3.98889,17.4286,1.11733,15.0953,0.828829,15.4617,3.98889,17.4286,3.81127,17.7105,-0.163988,1,0.666667,0.324551,0,0.116748,1
2.60623,16.1802,-1.10104,1.7,2,1.86681,4.01694,17.4028,1.22092,14.9795,0.828829,15.4617,4.01694,17.4028,3.82967,17.6864,-0.133187,1,0.666667,0.257386,0,0.119666,1
2.65443,16.0926,-1.03437,1.7,2,1.8964,4.00159,17.4273,1.37321,14.8231,0.828829,15.4617,4.00159,17.4273,4.30179,17.1927,-0.103596,1,0.666667,0.302798,0,0.0977275,1
2.70836,16.0084,-0.967705,1.7,2,1.92765,4.08198,17.3608,1.44541,14.7649,0.828829,15.4617,4.08198,17.3608,3.87109,17.6417,-0.0723519,1,0.666667,0.269853,0,0.115781,1
2.76779,15.928,-0.901038,1.7,2,1.95048,4.08866,17.3631,1.58299,14.6407,0.828829,15.4617,4.08866,17.3631,3.8675,17.6458,-0.0495247,1,0.666667,0.19495,0,0.117093,1
2.83243,15.8517,-0.834372,1.7,2,1.97376,4.09602,17.368,1.72731,14.5256,0.828829,15.4617,4.09602,17.368,4.43662,17.1598,-0.0262399,1,0.666667,0.232636,0,0.100091,1
2.90201,15.7799,-0.767705,1.7,2,1.99881,4.15954,17.3336,1.83173,14.4576,0.828829,15.4617,4.15954,17.3336,4.52072,17.1388,-0.00119328,1,0.666667,0.205068,0,0.122138,1
2.97623,15.7129,-0.701038,1.7,2,2.01508,4.22145,17.2972,1.93503,14.3882,0.828829,15.4617,4.22145,17.2972,3.96664,17.5626,0.0150774,1,0.666667,0.142875,0,0.11388,1
3.05474,15.651,-0.634372,1.7,2,2.03269,4.2307,17.309,2.09015,14.291,0.828829,15.4617,4.2307,17.309,3.97227,17.5879,0.0326891,1,0.666667,0.181962,0,0.0967881,1
3.1372,15.5945,-0.567705,1.7,2,2.04899,4.23894,17.322,2.24944,14.2024,2.24944,14.2024,4.23894,17.322,5.86306,15.0385,0.0489874,2,0.666667,0.138748,0,0.117467,1
3.22324,15.5435,-0.501038,1.7,2,2.05924,4.33595,17.2763,2.33665,14.1629,2.24944,14.2024,4.33595,17.2763,5.90075,14.9398,0.0426399,2,0.666667,-0.052091,0,0.121854,1
3.31248,15.4985,-0.434372,1.7,2,2.06806,4.343,17.2915,2.49928,14.0836,2.24944,14.2024,4.343,17.2915,5.87605,15.0976,0.02377,2,-0.666667,-0.196476,0,0.0960416,1
3.40218,15.4543,-0.490372,1.7,2,2.08288,4.35091,17.3086,2.6656,14.0147,2.24944,14.2024,4.35091,17.3086,5.93493,14.9115,-0.00176129,2,-0.666667,-0.22164,0,0.115193,1
3.48877,15.4043,-0.557038,1.7,2,2.10396,4.4738,17.2634,2.74154,13.994,2.24944,14.2024,4.4738,17.2634,5.96423,14.9269,-0.0263869,2,-0.666667,-0.198466,0,0.12408,1
3.57182,15.3486,-0.623705,1.7,2,2.13579,4.43152,17.3038,2.9422,13.9167,2.24944,14.2024,4.43152,17.3038,5.97944,14.9787,-0.0499985,2,-0.666667,-0.23845,0,0.0990212,1
3.65099,15.2876,-0.690372,1.7,2,2.18497,4.41816,17.3334,3.11904,13.869,2.24944,14.2024,4.41816,17.3334,6.02528,14.9304,-0.0725337,2,-0.666667,-0.18592,0,0.121209,1
3.72591,15.2214,-0.757038,1.7,2,2.23725,5.95869,15.3628,2.26609,15.1289,2.24944,14.2024,5.95869,15.3628,4.14634,17.5177,-0.0939346,2,-0.666667,-0.186158,0,0.114961,1
3.79626,15.1503,-0.823705,1.7,2,2.19206,5.97707,15.372,2.29605,14.9978,2.24944,14.2024,5.97707,15.372,4.17812,17.5093,-0.114148,2,-0.666667,-0.201735,0,0.100198,1
3.86171,15.0747,-0.890372,1.7,2,2.15543,6.00114,15.3369,2.3286,14.8869,2.24944,14.2024,6.00114,15.3369,4.12351,17.5595,-0.133125,2,-0.666667,-0.162193,0,0.117002,1
3.92199,14.995,-0.957038,1.7,2,2.12534,6.03073,15.2601,2.35963,14.7986,2.24944,14.2024,6.03073,15.2601,4.18136,17.5333,-0.15082,2,-0.666667,-0.154268,0,0.114705,1
3.97682,14.9114,-1.02371,1.7,2,2.1039,6.05279,15.253,2.4019,14.6522,2.24944,14.2024,6.05279,15.253,4.19075,17.5393,-0.167193,2,-0.666667,-0.162327,0,0.100862,1
4.02595,14.8243,-1.09037,1.7,2,2.09186,6.06802,15.278,2.45609,14.4755,2.24944,14.2024,6.06802,15.278,4.19186,17.5573,-0.182206,2,-0.666667,-0.126144,0,0.119011,1
4.06918,14.7341,-1.15704,1.7,2,2.09231,6.08336,15.3006,2.52151,14.2989,2.24944,14.2024,6.08336,15.3006,4.18308,17.5781,-0.195824,2,-0.666667,-0.116031,0,0.117372,1
4.1063,14.6413,-1.22371,1.7,2,2.10477,6.10934,15.2878,2.58818,14.1514,2.24944,14.2024,6.10934,15.2878,6.30158,14.9065,-0.208019,2,-0.666667,-0.123752,0,0.0985446,1
4.13716,14.5462,-1.29037,1.7,2,2.12807,6.13604,15.2764,2.66066,14.0069,2.24944,14.2024,6.13604,15.2764,6.08823,15.6757,0.128069,1,0.666667,2.82495,0,0.118971,1
4.16693,14.4508,-1.23571,1.7,2,2.15545,6.18981,15.195,2.71737,13.9175,2.24944,14.2024,6.18981,15.195,6.102,15.577,0.155448,1,0.666667,0.218459,0,0.125325,1
4.20294,14.3575,-1.16904,1.7,2,2.17633,6.22053,15.1734,2.7904,13.7862,2.24944,14.2024,6.22053,15.1734,6.11647,15.5541,0.176333,1,0.666667,0.20216,0,0.103309,1
4.24508,14.2668,-1.10237,1.7,2,2.19522,6.25302,15.154,2.86867,13.6586,2.24944,14.2024,6.25302,15.154,6.14878,15.5431,0.195222,1,0.666667,0.162292,0,0.116391,1
4.29316,14.1792,-1.03571,1.7,2,2.21055,6.28574,15.1363,2.95059,13.5342,2.24944,14.2024,6.28574,15.1363,6.18202,15.5344,0.210555,1,0.666667,0.130584,0,0.117416,1
4.34699,14.0949,-0.969038,1.7,2,2.22417,6.32024,15.1212,3.03764,13.4139,2.24944,14.2024,6.32024,15.1212,6.21678,15.5285,0.224168,1,0.666667,0.137305,0,0.0991442,1
4.4063,14.0144,-0.902372,1.7,2,2.23094,6.33253,15.1399,3.13789,13.2733,2.24944,14.2024,6.33253,15.1399,6.62084,14.7898,0.230939,1,0.666667,0.0538968,0,0.125631,1
4.47084,13.9381,-0.835705,1.7,2,2.23441,6.42288,15.0253,3.19047,13.2249,2.24944,14.2024,6.42288,15.0253,6.28345,15.412,0.234411,1,0.666667,0.0287983,0,0.120574,1
4.54033,13.8662,-0.769038,1.7,2,2.23089,6.47356,14.9795,3.26724,13.133,2.24944,14.2024,6.47356,14.9795,6.32615,15.3613,0.23089,1,0.666667,-0.0366117,0,0.096177,1
4.61445,13.7991,-0.702372,1.7,2,2.22347,6.50504,14.9693,3.35897,13.022,2.24944,14.2024,6.50504,14.9693,6.34291,15.3422,0.223469,1,0.666667,-0.0611999,0,0.121263,1
4.69288,13.7371,-0.635705,1.7,2,2.21201,6.53581,14.9604,3.45317,12.9141,2.24944,14.2024,6.53581,14.9604,6.37867,15.3411,0.212013,1,0.666667,-0.119417,0,0.0959331,1
4.77526,13.6804,-0.569038,1.7,2,2.19868,6.56755,14.954,3.55144,12.8108,2.24944,14.2024,6.56755,14.954,6.41565,15.3437,0.198685,1,0.666667,-0.111279,0,0.119772,1
4.86124,13.6294,-0.502372,1.7,2,2.1797,6.59706,14.9477,3.65053,12.7099,2.24944,14.2024,6.59706,14.9477,6.92385,14.645,0.179695,1,0.666667,-0.157943,0,0.120229,1
4.95042,13.5842,-0.435705,1.7,2,2.15877,6.62725,14.9438,3.75326,12.6135,2.24944,14.2024,6.62725,14.9438,6.95192,14.65,0.158766,1,0.666667,-0.208437,0,0.100413,1
5.04242,13.545,-0.369039,1.7,2,2.13248,6.70305,14.8829,3.82175,12.5616,2.24944,14.2024,6.70305,14.8829,6.52375,15.2405,0.132483,1,0.666667,-0.223294,0,0.117702,1
5.13682,13.5121,-0.302372,1.7,2,2.09987,6.77619,14.8243,3.8876,12.5122,2.24944,14.2024,6.77619,14.8243,6.58086,15.1544,0.0998688,1,-0.666667,-0.270666,0,0.120498,1
5.23163,13.4804,-0.355705,1.7,2,2.0672,6.80074,14.8262,3.99225,12.4173,2.24944,14.2024,6.80074,14.8262,6.60496,15.1534,0.0671971,1,-0.666667,-0.330982,0,0.0987113,1
5.32414,13.4424,-0.422372,1.7,2,2.04043,6.82127,14.8288,4.10646,12.3149,2.24944,14.2024,6.82127,14.8288,6.62986,15.1626,0.0404258,1,-0.666667,-0.226607,0,0.11814,1
5.41392,13.3984,-0.489038,1.7,2,2.02391,6.84554,14.8291,4.22833,12.2137,2.24944,14.2024,6.84554,14.8291,6.6349,15.1409,0.0239105,1,-0.666667,-0.141794,0,0.116474,1
5.50057,13.3485,-0.555705,1.7,2,2.01882,6.87326,14.8289,4.35745,12.1158,2.24944,14.2024,6.87326,14.8289,6.65581,15.1384,0.0188179,1,-0.666667,-0.0516457,0,0.0986069,1
5.5837,13.293,-0.622372,1.7,2,2.02383,6.87536,14.8511,4.51393,12.0026,2.24944,14.2024,6.87536,14.8511,7.22111,14.6351,0.0238347,1,0.666667,0.0424897,0,0.118071,1
5.66619,13.2365,-0.567705,1.7,2,2.03446,6.96102,14.8057,4.60617,11.9518,2.24944,14.2024,6.96102,14.8057,6.71895,15.0952,0.0344617,1,0.666667,0.0899038,0,0.118205,1
5.75223,13.1856,-0.501038,1.7,2,2.03852,7.05458,14.7538,4.69077,11.9074,4.69077,11.9074,7.05458,14.7538,6.79341,15.0104,0.0385196,2,0.666667,0.0411773,0,0.0985466,1
5.84148,13.1405,-0.434372,1.7,2,2.03779,7.09292,14.7488,4.82069,11.8287,4.69077,11.9074,7.09292,14.7488,6.83103,15.0104,0.0377922,1,0.666667,-0.00622819,0,0.116794,1
5.93353,13.1015,-0.367705,1.7,2,2.03388,7.10209,14.7661,4.97626,11.7378,4.69077,11.9074,7.10209,14.7661,6.8427,15.0452,0.0338776,1,0.666667,-0.0324337,0,0.120695,1
6.02797,13.0687,-0.301039,1.7,2,2.02693,7.13927,14.7638,5.11068,11.6695,4.69077,11.9074,7.13927,14.7638,7.51811,14.5984,0.0269263,1,-0.666667,-0.0693585,0,0.100223,1
6.12283,13.0371,-0.354372,1.7,2,2.01968,7.20217,14.7441,5.22484,11.6168,4.69077,11.9074,7.20217,14.7441,6.93258,15.011,0.0196776,1,-0.666667,-0.0624989,0,0.11598,1
6.21539,12.9993,-0.421038,1.7,2,2.02079,7.22956,14.7471,5.37264,11.5468,4.69077,11.9074,7.22956,14.7471,7.6153,14.6027,0.0207891,1,0.666667,0.00947592,0,0.117298,1
6.30756,12.9605,-0.365039,1.7,2,2.02683,7.28756,14.7347,5.49855,11.4959,4.69077,11.9074,7.28756,14.7347,6.9999,14.9809,0.0268307,1,0.666667,0.0600248,0,0.100651,1
6.40209,12.9279,-0.298372,1.7,2,2.02687,7.38769,14.6991,5.5885,11.466,4.69077,11.9074,7.38769,14.6991,7.08739,14.9075,0.0268748,1,0.666667,0.000361002,0,0.122181,1
6.49858,12.9018,-0.231705,1.7,2,2.02388,7.42607,14.7006,5.73045,11.412,4.69077,11.9074,7.42607,14.7006,7.12407,14.913,0.0238752,1,0.666667,-0.0250561,0,0.119713,1
6.5966,12.8821,-0.165039,1.7,2,2.01395,7.46224,14.7005,5.8719,11.3597,4.69077,11.9074,7.46224,14.7005,7.16019,14.9203,0.013952,1,-0.666667,-0.101059,0,0.0981923,1
6.69479,12.8632,-0.222372,1.7,2,2.00562,7.50226,14.6991,6.01263,11.3122,4.69077,11.9074,7.50226,14.6991,7.19563,14.9113,0.0056169,1,-0.666667,-0.0693991,0,0.120104,1
6.79152,12.8379,-0.289039,1.7,2,2.00686,7.49634,14.717,6.19689,11.2527,4.69077,11.9074,7.49634,14.717,7.89301,14.6311,0.00685835,1,0.666667,0.00984207,0,0.126137,1
6.88793,12.8114,-0.235705,1.7,2,2.01431,7.52725,14.7216,6.35291,11.2129,4.69077,11.9074,7.52725,14.7216,7.92635,14.6465,0.0143068,1,0.666667,0.0745263,0,0.0999437,1
6.98587,12.7913,-0.169039,1.7,2,2.01675,7.63198,14.7018,6.44661,11.1968,4.69077,11.9074,7.63198,14.7018,7.30439,14.8765,0.0167499,1,0.666667,0.0207116,0,0.117957,1
7.08493,12.7778,-0.102372,1.7,2,2.01217,7.73557,14.6819,6.53917,11.1807,4.69077,11.9074,7.73557,14.6819,7.406,14.8362,0.0121703,1,-0.666667,-0.0388865,0,0.117767,1
7.18413,12.7653,-0.158372,1.7,2,2.00601,7.77311,14.6829,6.68676,11.146,4.69077,11.9074,7.77311,14.6829,7.44267,14.8486,0.00601149,1,-0.666667,-0.0620233,0,0.0992987,1
7.28228,12.7463,-0.225039,1.7,2,2.01107,7.79918,14.6898,6.84817,11.1141,4.69077,11.9074,7.79918,14.6898,7.46128,14.8369,0.011066,1,0.666667,0.0426572,0,0.118491,1
7.3802,12.7261,-0.170372,1.7,2,2.02053,7.79207,14.7042,7.03786,11.0819,4.69077,11.9074,7.79207,14.7042,8.20171,14.684,0.0205262,1,0.666667,0.0782338,0,0.120922,1
7.47925,12.7124,-0.103705,1.7,2,2.02832,7.82944,14.7103,7.19063,11.0658,4.69077,11.9074,7.82944,14.7103,8.24073,14.7021,0.0283163,1,0.666667,0.0809404,0,0.0962448,1
7.57898,12.7054,-0.0370385,1.7,2,2.03096,7.90098,14.7107,7.31437,11.0575,4.69077,11.9074,7.90098,14.7107,8.31153,14.7048,0.0309637,1,0.666667,0.0222875,0,0.118784,1
7.67896,12.705,0.0296281,1.7,2,2.02748,8.0067,14.7058,7.4086,11.0545,4.69077,11.9074,8.0067,14.7058,7.6532,14.8217,0.0274763,1,0.666667,-0.0300711,0,0.11597,1
7.77875,12.7113,0.0962948,1.7,2,2.01705,8.07629,14.7063,7.53049,11.0468,4.69077,11.9074,8.07629,14.7063,7.72302,14.8154,0.0170515,1,-0.666667,-0.103798,0,0.100434,1
7.87845,12.7187,0.0416281,1.7,2,2.00505,8.14416,14.7061,7.65384,11.0387,4.69077,11.9074,8.14416,14.7061,7.79178,14.7997,0.00504827,1,-0.666667,-0.100285,0,0.11969,1
7.97843,12.7196,-0.0250385,1.7,2,2.00218,8.16806,14.7127,7.81763,11.0294,4.69077,11.9074,8.16806,14.7127,7.81193,14.8048,0.00217581,1,-0.666667,-0.0239585,0,0.119893,1
8.07824,12.7137,-0.0917052,1.7,2,2.0101,8.19236,14.7206,7.98231,11.0266,4.69077,11.9074,8.19236,14.7206,7.83053,14.8081,0.0100975,1,0.666667,0.0818694,0,0.0967601,1
8.17798,12.7068,-0.0370385,1.7,2,2.02505,8.1823,14.7318,8.17441,11.0318,4.69077,11.9074,8.1823,14.7318,8.59012,14.8032,0.025054,1,0.666667,0.128375,0,0.116506,1
8.27796,12.7064,0.0296281,1.7,2,2.03412,8.21771,14.7396,8.32731,11.0412,4.69077,11.9074,8.21771,14.7396,8.62127,14.8022,0.0341163,1,0.666667,0.0755529,0,0.119946,1
8.37775,12.7127,0.0962948,1.7,2,2.03899,8.32376,14.751,8.42172,11.0523,4.69077,11.9074,8.32376,14.751,7.94896,14.817,0.0389934,1,0.666667,0.0503191,0,0.0969232,1
8.47689,12.7256,0.162961,1.7,2,2.03673,8.39384,14.7606,8.54471,11.0637,4.69077,11.9074,8.39384,14.7606,8.01843,14.8218,0.0367334,1,0.666667,-0.0191986,0,0.117715,1
8.57495,12.7451,0.229628,1.7,2,2.02744,8.49866,14.7711,8.63789,11.0737,4.69077,11.9074,8.49866,14.7711,8.13318,14.7959,0.0274401,1,-0.666667,-0.0773342,0,0.120171,1
8.67281,12.7656,0.173628,1.7,2,2.01912,8.53379,14.7799,8.78854,11.0887,4.69077,11.9074,8.53379,14.7799,8.16353,14.8162,0.0191212,1,-0.666667,-0.0829153,0,0.10033,1
8.77181,12.7796,0.106961,1.7,2,2.01901,8.55627,14.7871,8.95126,11.1082,4.69077,11.9074,8.55627,14.7871,8.18175,14.8201,0.0190094,1,0.666667,-0.000966606,0,0.115681,1
8.87095,12.7926,0.162961,1.7,2,2.024,8.54257,14.7897,9.14286,11.1388,4.69077,11.9074,8.54257,14.7897,8.93262,14.9168,0.0240026,1,0.666667,0.0417966,0,0.119464,1
8.96901,12.8121,0.229628,1.7,2,2.0265,8.61166,14.8068,9.26411,11.1648,4.69077,11.9074,8.61166,14.8068,8.2306,14.8237,0.0265036,1,0.666667,0.0247665,0,0.100983,1
9.06555,12.838,0.296295,1.7,2,2.02346,8.64567,14.8175,9.41344,11.198,4.69077,11.9074,8.64567,14.8175,9.02946,14.9561,0.023464,1,0.666667,-0.0254214,0,0.119568,1
9.16015,12.8704,0.362961,1.7,2,2.01448,8.74833,14.8424,9.50472,11.2205,4.69077,11.9074,8.74833,14.8424,8.37688,14.8291,0.0144808,1,-0.666667,-0.0765986,0,0.117275,1
9.25437,12.9039,0.308295,1.7,2,2.00323,8.84938,14.8657,9.59741,11.2421,4.69077,11.9074,8.84938,14.8657,8.48376,14.8439,0.00323391,1,-0.666667,-0.112861,0,0.0996531,1
9.3506,12.931,0.241628,1.7,2,1.99961,8.87213,14.8725,9.75747,11.28,4.69077,11.9074,8.87213,14.8725,8.50398,14.8465,-0.000391722,1,-0.666667,-0.0310893,0,0.11662,1
9.44842,12.9517,0.174961,1.7,2,2.00613,8.89464,14.8799,9.91601,11.3236,4.69077,11.9074,8.89464,14.8799,8.52443,14.8441,0.00612593,1,0.666667,0.0542243,0,0.120198,1
9.54652,12.971,0.226961,1.7,2,2.01944,8.88893,14.8804,10.0938,11.382,4.69077,11.9074,8.88893,14.8804,9.25081,15.0741,0.0194423,1,0.666667,0.13333,0,0.0998757,1
9.64313,12.9967,0.293628,1.7,2,2.02753,8.95555,14.9041,10.2103,11.4234,4.69077,11.9074,8.95555,14.9041,8.58012,14.8511,0.0275316,1,0.666667,0.0677763,0,0.119353,1
9.73782,13.0288,0.360295,1.7,2,2.03206,8.98834,14.9176,10.353,11.4785,4.69077,11.9074,8.98834,14.9176,9.34308,15.1293,0.0320599,1,0.666667,0.0455279,0,0.0994618,1
9.83015,13.0672,0.426961,1.7,2,2.03076,9.05423,14.9439,10.4679,11.5246,4.69077,11.9074,9.05423,14.9439,9.40624,15.1577,0.0307598,1,0.666667,-0.0108566,0,0.119751,1
9.91973,13.1116,0.493628,1.7,2,2.02307,9.15263,14.9836,10.5556,11.5599,4.69077,11.9074,9.15263,14.9836,8.78947,14.9007,0.0230737,1,-0.666667,-0.0652043,0,0.117878,1
10.0087,13.1571,0.440295,1.7,2,2.01254,9.24744,15.0201,10.6471,11.5951,4.69077,11.9074,9.24744,15.0201,8.89958,14.9166,0.012543,1,-0.666667,-0.105773,0,0.0995592,1
10.1006,13.1967,0.373628,1.7,2,2.01161,9.26932,15.0286,10.7982,11.6592,4.69077,11.9074,9.26932,15.0286,8.92098,14.919,0.0116081,1,0.666667,-0.0079786,0,0.117168,1
10.1928,13.2352,0.428295,1.7,2,2.01625,9.26059,15.023,10.9713,11.7423,4.69077,11.9074,9.26059,15.023,8.90622,14.9096,0.0162537,1,0.666667,0.0381405,0,0.121802,1
10.2823,13.2798,0.494961,1.7,2,2.01824,9.29283,15.0388,11.1069,11.814,4.69077,11.9074,9.29283,15.0388,8.92937,14.9293,0.0182374,1,0.666667,0.0208358,0,0.0952037,1
10.3687,13.3302,0.561628,1.7,2,2.01405,9.32599,15.0533,11.2415,11.8877,4.69077,11.9074,9.32599,15.0533,9.64103,15.3101,0.014046,1,0.666667,-0.0332655,0,0.125998,1
10.4515,13.3862,0.628295,1.7,2,2.00617,9.35889,15.0688,11.374,11.9656,4.69077,11.9074,9.35889,15.0688,9.66554,15.3316,0.0061698,1,-0.666667,-0.0673491,0,0.116945,1
10.5337,13.4431,0.572295,1.7,2,1.99679,9.45233,15.1217,11.4561,12.0113,4.69077,11.9074,9.45233,15.1217,9.75145,15.3999,-0.00321078,1,-0.666667,-0.0945086,0,0.0992563,1
10.6195,13.4944,0.505628,1.7,2,1.9942,9.56363,15.1861,11.5227,12.0473,11.5227,12.0473,9.56363,15.1861,9.24819,15.019,-0.0057981,2,-0.666667,-0.0220031,0,0.117589,1
10.7086,13.5399,0.438961,1.7,2,2.00097,9.55655,15.176,11.6867,12.1507,11.5227,12.0473,9.55655,15.176,9.23027,15.0104,0.000966549,1,0.666667,0.0574386,0,0.117772,1
10.7981,13.5844,0.493628,1.7,2,2.01457,9.55,15.1657,11.8423,12.2613,11.5227,12.0473,9.55,15.1657,9.21336,14.9972,0.0145676,1,0.666667,0.138215,0,0.0984052,1
10.8845,13.6346,0.560295,1.7,2,2.02121,9.58255,15.1806,11.9659,12.3505,11.5227,12.0473,9.58255,15.1806,9.85016,15.4928,0.0212088,1,0.666667,0.0555089,0,0.119641,1
10.9674,13.6906,0.626961,1.7,2,2.02518,9.64084,15.2208,12.0645,12.4251,11.5227,12.0473,9.64084,15.2208,9.90334,15.5394,0.0251832,1,0.666667,0.0341548,0,0.116366,1
11.0464,13.7519,0.693628,1.7,2,2.02468,9.67223,15.2388,12.1834,12.5215,11.5227,12.0473,9.67223,15.2388,9.92435,15.5656,0.0246778,1,0.666667,-0.00506642,0,0.0997643,1
11.1211,13.8183,0.760295,1.7,2,2.01955,9.72933,15.2818,12.2791,12.6006,11.5227,12.0473,9.72933,15.2818,9.97717,15.6097,0.0195546,1,0.666667,-0.043825,0,0.1169,1
11.1912,13.8896,0.826961,1.7,2,2.00736,9.8381,15.3724,12.3321,12.6393,11.5227,12.0473,9.8381,15.3724,9.54833,15.1556,0.00736427,1,-0.666667,-0.097085,0,0.125564,1
11.2604,13.9618,0.773628,1.7,2,1.99285,9.86792,15.3874,12.4532,12.7405,11.5227,12.0473,9.86792,15.3874,9.56849,15.1764,-0.00714517,1,-0.666667,-0.142617,0,0.101737,1
11.3342,14.0292,0.706961,1.7,2,1.98739,9.89247,15.3971,12.5766,12.8505,11.5227,12.0473,9.89247,15.3971,9.59896,15.1775,-0.0126072,1,-0.666667,-0.0478278,0,0.114202,1
11.4123,14.0916,0.640295,1.7,2,1.99312,9.91531,15.4074,12.6944,12.9647,11.5227,12.0473,9.91531,15.4074,9.63056,15.1755,-0.00688052,1,0.666667,0.0488979,0,0.117115,1
11.4911,14.1531,0.696295,1.7,2,2.00438,9.91393,15.3901,12.8254,13.1068,11.5227,12.0473,9.91393,15.3901,10.1051,15.7535,0.00437737,1,0.666667,0.112527,0,0.100046,1
11.5657,14.2198,0.762961,1.7,2,2.01273,9.96427,15.4391,12.9081,13.1977,11.5227,12.0473,9.96427,15.4391,9.68067,15.1921,0.0127323,1,0.666667,0.0717973,0,0.116368,1
11.6356,14.2913,0.829628,1.7,2,2.01485,9.99456,15.4603,13.0081,13.3135,11.5227,12.0473,9.99456,15.4603,10.1832,15.8199,0.0148509,1,0.666667,0.0179343,0,0.11813,1
11.7006,14.3672,0.896295,1.7,2,2.01156,10.0866,15.5679,13.0553,13.3594,11.5227,12.0473,10.0866,15.5679,9.8354,15.3031,0.0115623,1,-0.666667,-0.0321591,0,0.102258,1
11.7645,14.4441,0.844295,1.7,2,2.00537,10.1345,15.6122,13.142,13.457,11.5227,12.0473,10.1345,15.6122,9.88761,15.3444,0.00536585,1,-0.666667,-0.0530034,0,0.116908,1
11.8334,14.5166,0.777628,1.7,2,2.00875,10.1573,15.6237,13.2446,13.5844,11.5227,12.0473,10.1573,15.6237,9.92056,15.3461,0.00875068,1,0.666667,0.0282727,0,0.119721,1
11.9031,14.5882,0.832295,1.7,2,2.01739,10.1615,15.6065,13.3557,13.739,11.5227,12.0473,10.1615,15.6065,9.91793,15.3231,0.0173898,1,0.666667,0.0878543,0,0.0983344,1
11.9679,14.6644,0.898961,1.7,2,2.02446,10.1887,15.6302,13.4405,13.8651,11.5227,12.0473,10.1887,15.6302,10.3151,16.0266,0.0244622,1,0.666667,0.0592424,0,0.119382,1
12.0275,14.7447,0.965628,1.7,2,2.02687,10.2163,15.6546,13.5226,13.9936,11.5227,12.0473,10.2163,15.6546,10.3459,16.0431,0.0268705,1,0.666667,0.0206037,0,0.116885,1
12.0816,14.8287,1.03229,1.7,2,2.02565,10.2587,15.7121,13.5884,14.0986,11.5227,12.0473,10.2587,15.7121,10.3804,16.1039,0.0256453,1,0.666667,-0.012241,0,0.100092,1
12.13,14.9162,1.09896,1.7,2,2.01803,10.3167,15.802,13.6413,14.178,11.5227,12.0473,10.3167,15.802,10.1035,15.4986,0.0180266,1,-0.666667,-0.0653246,0,0.116628,1
12.1775,15.0042,1.04296,1.7,2,2.00732,10.3618,15.8603,13.7085,14.2824,11.5227,12.0473,10.3618,15.8603,10.1604,15.5539,0.0073247,1,-0.666667,-0.0914774,0,0.11699,1
12.2307,15.0889,0.976295,1.7,2,2.00489,10.386,15.8743,13.7903,14.4248,11.5227,12.0473,10.386,15.8743,10.1971,15.5607,0.00489402,1,-0.666667,-0.0243315,0,0.0998984,1
12.2894,15.1698,0.909628,1.7,2,2.01375,10.3957,15.8546,13.8751,14.5963,11.5227,12.0473,10.3957,15.8546,10.1932,15.535,0.0137477,1,0.666667,0.0759037,0,0.116643,1
12.3489,15.2502,0.966961,1.7,2,2.0294,10.4144,15.8637,13.9413,14.7451,11.5227,12.0473,10.4144,15.8637,10.2242,15.5336,0.0293994,1,0.666667,0.121353,0,0.128977,1
12.4029,15.3343,1.03363,1.7,2,2.04213,10.4377,15.8896,13.9983,14.8835,11.5227,12.0473,10.4377,15.8896,10.4908,16.2992,0.0421333,1,0.666667,0.127742,0,0.0996849,1
12.4511,15.4219,1.10029,1.7,2,2.05115,10.4695,15.9513,14.0441,14.9963,11.5227,12.0473,10.4695,15.9513,10.2928,15.6091,0.0511458,1,0.666667,0.0774476,0,0.116368,1
12.4935,15.5125,1.16696,1.7,2,2.05333,10.5114,16.0487,14.083,15.0824,11.5227,12.0473,10.5114,16.0487,10.3669,15.7037,0.0533297,1,0.666667,0.0184642,0,0.118278,1
12.5297,15.6056,1.23363,1.7,2,2.0487,10.5446,16.1123,14.1297,15.1973,11.5227,12.0473,10.5446,16.1123,10.4046,15.7661,0.0486996,1,0.666667,-0.0474328,0,0.0976137,1
12.5596,15.7011,1.30029,1.7,2,2.03999,10.5679,16.1425,14.1802,15.3418,11.5227,12.0473,10.5679,16.1425,10.4362,15.7937,0.0399895,1,0.666667,-0.0747261,0,0.116561,1
12.5831,15.7982,1.36696,1.7,2,2.03093,10.5873,16.1746,14.2232,15.4889,11.5227,12.0473,10.5873,16.1746,10.4542,15.8235,0.0309331,1,0.666667,-0.0745519,0,0.121477,1
12.6,15.8968,1.43363,1.7,2,2.01276,10.6062,16.172,14.2714,15.6661,11.5227,12.0473,10.6062,16.172,10.6018,16.5793,0.0127597,1,-0.666667,-0.181821,0,0.0999526,1
12.6159,15.9955,1.37896,1.7,2,1.99819,10.6286,16.2041,14.3084,15.8179,11.5227,12.0473,10.6286,16.2041,10.6317,16.6018,-0.00181031,1,-0.666667,-0.123695,0,0.11779,1
12.6382,16.0929,1.31229,1.7,2,1.99283,10.6556,16.2947,14.3366,15.9201,11.5227,12.0473,10.6556,16.2947,10.5657,15.9412,-0.00716627,1,-0.666667,-0.0528456,0,0.101351,1
12.6669,16.1887,1.24563,1.7,2,1.9943,10.6792,16.3497,14.3671,16.051,11.5227,12.0473,10.6792,16.3497,10.6094,15.9953,-0.00570261,1,-0.666667,0.0122622,0,0.119363,1
12.702,16.2823,1.17896,1.7,2,2.00476,10.6991,16.368,14.3957,16.2098,11.5227,12.0473,10.6991,16.368,10.6314,16.0079,0.0047648,1,0.666667,0.0831055,0,0.125953,1
12.738,16.3756,1.23629,1.7,2,2.02304,10.7151,16.3462,14.4147,16.4,11.5227,12.0473,10.7151,16.3462,10.6416,15.9744,0.0230439,1,0.666667,0.18247,0,0.100176,1
12.7676,16.4711,1.30296,1.7,2,2.03624,10.7336,16.3768,14.4296,16.5482,11.5227,12.0473,10.7336,16.3768,10.6332,16.7842,0.036238,1,0.666667,0.111399,0,0.11844,1
12.7908,16.5684,1.36963,1.7,2,2.04758,10.7495,16.4086,14.4382,16.6972,11.5227,12.0473,10.7495,16.4086,10.6534,16.8129,0.0475767,1,0.666667,0.0963561,0,0.117675,1
12.8075,16.6669,1.43629,1.7,2,2.05566,10.7643,16.4416,14.442,16.8472,11.5227,12.0473,10.7643,16.4416,10.6715,16.8428,0.0556612,1,0.666667,0.0817312,0,0.0989162,1
12.8176,16.7664,1.50296,1.7,2,2.05739,10.7684,16.583,14.4537,16.9128,11.5227,12.0473,10.7684,16.583,10.7626,16.2114,0.0573859,1,0.666667,0.0146337,0,0.117859,1
12.8211,16.8663,1.56963,1.7,2,2.05246,10.7836,16.6186,14.4566,17.0652,11.5227,12.0473,10.7836,16.6186,10.7726,16.2427,0.052458,1,0.666667,-0.0404854,0,0.12172,1
12.8179,16.9663,1.63629,1.7,2,2.04383,10.7978,16.6552,14.4548,17.2183,11.5227,12.0473,10.7978,16.6552,10.7825,16.2752,0.0438299,1,0.666667,-0.0874985,0,0.0986089,1
12.808,17.0657,1.70296,1.7,2,2.03185,10.8107,16.693,14.4478,17.3718,11.5227,12.0473,10.8107,16.693,10.8094,16.3156,0.0318496,1,-0.666667,-0.0991133,0,0.120875,1
12.7966,17.1651,1.65229,1.7,2,2.02264,10.8233,16.7215,14.4332,17.533,11.5227,12.0473,10.8233,16.7215,10.6699,17.1031,0.0226386,1,-0.666667,-0.078605,0,0.117182,1
12.7918,17.265,1.58563,1.7,2,2.02318,10.8362,16.7464,14.4127,17.6947,11.5227,12.0473,10.8362,16.7464,10.6736,17.1224,0.0231817,1,0.666667,0.00548901,0,0.0989463,1
12.7882,17.3649,1.64029,1.7,2,2.02798,10.8386,16.8065,14.3956,17.8252,11.5227,12.0473,10.8386,16.8065,10.8869,16.4383,0.0279822,1,0.666667,0.0391516,0,0.122615,1
12.7779,17.4643,1.70696,1.7,2,2.02673,10.8377,16.8785,14.3797,17.948,11.5227,12.0473,10.8377,16.8785,10.9047,16.518,0.0267265,1,0.666667,-0.0101555,0,0.123653,1
