-1.69498e-19,2.5947e-37,-5.89203e-19,0.5,2,4.68805,-1.6034,4.40533,-0.748352,2.0561,0,0,-1.6034,4.40533,-0.966248,6.10075,0,0,0,0,0,0,1
-1.68273e-19,2.58835e-37,-5.53356e-19,0.5,2,4.70726,-1.60997,4.42338,-0.754922,2.07415,0,0,-1.60997,4.42338,-0.966175,6.10029,2.70726,0,3.33333,22562.9,0,0.000119987,1
0.00444672,0.000950552,0.316667,0.5,2,4.72425,-2.00283,4.27756,-0.940609,2.01445,0,0,-2.00283,4.27756,-1.42994,5.6932,2.72425,0,3.33333,0.170188,0,0.0998405,1
0.0171417,0.00792641,0.65,0.5,2,4.7407,-1.85362,4.3639,-0.867079,2.06679,0,0,-1.85362,4.3639,-1.23422,5.77519,2.7407,0,3.33333,0.165021,0,0.0996984,1
0.0336704,0.025927,0.983333,0.5,2,4.75264,-1.69588,4.45269,-0.786093,2.12411,0,0,-1.69588,4.45269,-1.06997,6.07445,2.75264,0,3.33333,0.118947,0,0.100316,1
0.0474656,0.0574304,1.31667,0.5,2,4.75033,-1.53348,4.53697,-0.701462,2.17948,0,0,-1.53348,4.53697,-2.6385,4.81661,2.75033,0,3.33333,-0.0220285,0,0.104704,1
0.0510632,0.101629,1.65,0.5,2,4.73513,-1.3758,4.61666,-0.622462,2.23287,0,0,-1.3758,4.61666,-2.37361,4.75188,2.73513,0,3.33333,-0.157033,0,0.0967957,1
0.0375785,0.154227,1.98333,0.5,2,4.70585,-1.3097,4.66309,-0.593951,2.26774,0,0,-1.3097,4.66309,-2.42287,5.05984,2.70585,0,-3.33333,-0.297671,0,0.0983803,1
0.0205792,0.216194,1.67667,0.5,2,4.67089,0.178233,4.88442,0.0938519,2.38584,0,0,0.178233,4.88442,-0.708139,5.35846,2.67089,0,3.33333,-0.308468,0,0.113327,1
0.00312595,0.288331,1.97,0.5,2,4.62953,-1.18513,4.76277,-0.543458,2.34652,0,0,-1.18513,4.76277,-2.19346,5.02643,2.62953,0,-3.33333,-0.41439,0,0.0998102,1
-0.0191735,0.369498,1.67667,0.5,2,4.58149,0.0555268,4.95037,0.0147648,2.45071,0,0,0.0555268,4.95037,-0.83491,5.48187,2.58149,0,3.33333,-0.418815,0,0.114708,1
-0.0418151,0.460859,1.97667,0.5,2,4.5211,-1.15504,4.84276,-0.539468,2.41973,0,0,-1.15504,4.84276,-2.09386,5.01528,2.5211,0,-3.33333,-0.608076,0,0.099314,1
-0.0679158,0.556912,1.67,0.5,2,4.45639,0.0344484,5.01213,-0.0229771,2.51279,0,0,0.0344484,5.01213,-0.804341,5.37859,2.45639,0,3.33333,-0.577246,0,0.112086,1
-0.090937,0.653763,1.97,0.5,2,4.38294,-1.36306,4.84803,-0.637448,2.45565,0,0,-1.36306,4.84803,-2.4133,5.23684,2.38294,0,-3.33333,-0.736429,0,0.0997414,1
-0.117014,0.749837,1.67,0.5,2,4.30836,-0.0932369,5.05813,-0.107034,2.55817,0,0,-0.0932369,5.05813,-0.94531,5.60384,2.30836,0,3.33333,-0.642212,0,0.116136,1
-0.138822,0.846981,1.95667,0.5,2,4.23622,-1.45552,4.87337,-0.67847,2.4972,0,0,-1.45552,4.87337,-2.40216,5.08431,2.23622,0,-3.33333,-0.647371,0,0.111438,1
-0.164825,0.943086,1.67,0.5,2,4.15916,-0.214461,5.10195,-0.184626,2.60213,0,0,-0.214461,5.10195,-1.01811,5.46598,2.15916,0,3.33333,-0.767974,0,0.100334,1
-0.186633,1.04023,1.95667,0.5,2,4.08352,-1.52341,4.89875,-0.705012,2.5365,0,0,-1.52341,4.89875,-2.36765,4.95737,2.08352,0,-3.33333,-0.687257,0,0.110068,1
-0.212035,1.13649,1.66333,0.5,2,4.00835,-0.373024,5.1416,-0.272616,2.64362,0,0,-0.373024,5.1416,-1.14165,5.39942,2.00835,0,3.33333,-0.759625,0,0.0989573,1
-0.23441,1.23349,1.96333,0.5,2,3.93369,-1.67551,4.89371,-0.759641,2.56751,0,0,-1.67551,4.89371,-2.4762,4.89312,1.93369,0,-3.33333,-0.665881,0,0.112111,1
-0.260454,1.32958,1.67,0.5,2,3.85892,-0.57556,5.17562,-0.371419,2.68397,0,0,-0.57556,5.17562,-1.3234,5.38598,1.85892,0,3.33333,-0.673242,0,0.111059,1
-0.283475,1.42643,1.97,0.5,2,3.78306,-1.75388,4.91204,-0.782177,2.60861,0,0,-1.75388,4.91204,-2.47699,4.82066,1.78306,0,-3.33333,-0.765413,0,0.0991162,1
-0.309552,1.52251,1.67,0.5,2,3.70921,-0.741266,5.2065,-0.450291,2.72349,0,0,-0.741266,5.2065,-1.46805,5.38796,1.70921,0,3.33333,-0.66293,0,0.111405,1
-0.332573,1.61936,1.97,0.5,2,3.63694,-1.91963,4.89176,-0.828701,2.64234,0,0,-1.91963,4.89176,-2.62055,4.78326,1.63694,0,-3.33333,-0.638518,0,0.113174,1
-0.359257,1.71527,1.67667,0.5,2,3.56296,-0.981984,5.22339,-0.545038,2.76187,0,0,-0.981984,5.22339,-1.67849,5.32694,1.56296,0,3.33333,-0.73048,0,0.101285,1
-0.381711,1.81227,1.96333,0.5,2,3.4886,-2.09908,4.84887,-0.868379,2.67278,0,0,-2.09908,4.84887,-2.76939,4.70972,1.4886,0,-3.33333,-0.67993,0,0.109359,1
-0.407148,1.90851,1.66333,0.5,2,3.41842,-1.2516,5.22099,-0.634025,2.79847,0,0,-1.2516,5.22099,-1.91582,5.24957,1.41842,0,3.33333,-0.699858,0,0.100276,1
-0.428912,2.00566,1.95667,0.5,2,3.34838,-2.30656,4.77804,-0.904649,2.70809,0,0,-2.30656,4.77804,-2.90385,4.55883,1.34838,0,-3.33333,-0.631369,0,0.110941,1
-0.45309,2.10222,1.65,0.5,2,3.28181,-1.55063,5.19507,-0.714552,2.83902,0,0,-1.55063,5.19507,-2.18424,5.15731,1.28181,0,3.33333,-0.58786,0,0.113228,1
-0.472951,2.19979,1.93667,0.5,2,3.21635,-2.53878,4.665,-0.933056,2.74884,0,0,-2.53878,4.665,-3.1297,4.43201,1.21635,0,-3.33333,-0.664175,0,0.0985579,1
-0.495812,2.29667,1.63667,0.5,2,3.15197,-1.76646,5.18117,-0.758638,2.89332,0,0,-1.76646,5.18117,-2.36957,5.09841,1.15197,0,3.33333,-0.566777,0,0.113603,1
-0.513767,2.39461,1.91667,0.5,2,3.09006,-2.57407,4.69757,-0.90719,2.83437,0,0,-2.57407,4.69757,-3.11013,4.43652,1.09006,0,3.33333,-0.637655,0,0.0970833,1
-0.562579,2.48136,2.25,0.5,2,3.01578,-2.53775,4.76032,-0.900388,2.87112,0,0,-2.53775,4.76032,-3.07019,4.51813,1.01578,0,-3.33333,-0.670423,0,0.11079,1
-0.614191,2.56648,1.95,0.5,2,2.94039,-1.75017,5.27858,-0.784331,2.97268,0,0,-1.75017,5.27858,-2.32843,5.23397,0.940394,0,-3.33333,-0.671551,0,0.112262,1
-0.635188,2.66378,1.61667,0.5,2,2.86515,-1.78353,5.28874,-0.78154,2.99832,0,0,-1.78353,5.28874,-2.31343,5.18706,0.865152,0,3.33333,-0.744671,0,0.101041,1
-0.651786,2.76195,1.90333,0.5,2,2.80153,-2.66883,4.7062,-0.868884,2.97121,0,0,-2.66883,4.7062,-3.14341,4.43923,0.801534,0,3.33333,-0.568513,0,0.111902,1
-0.699437,2.84934,2.23667,0.5,2,2.72764,-2.63326,4.77297,-0.860827,3.00988,0,0,-2.63326,4.77297,-3.07815,4.50558,0.727638,0,-3.33333,-0.746408,0,0.0990015,1
-0.750987,2.93452,1.95,0.5,2,2.65276,-1.90249,5.32432,-0.817297,3.07213,0,0,-1.90249,5.32432,-2.37776,5.19619,0.652761,0,-3.33333,-0.67176,0,0.111465,1
-0.771984,3.03181,1.61667,0.5,2,2.57915,-2.00771,5.29566,-0.809907,3.10129,0,0,-2.00771,5.29566,-2.48914,5.1807,0.579152,0,3.33333,-0.663777,0,0.110894,1
-0.789193,3.12987,1.91,0.5,2,2.51594,-2.70047,4.76602,-0.8013,3.14024,0,0,-2.70047,4.76602,-3.08675,4.48676,0.515938,0,3.33333,-0.628495,0,0.100581,1
-0.837425,3.21694,2.24333,0.5,2,2.44975,-2.67313,4.83913,-0.799773,3.18367,0,0,-2.67313,4.83913,-3.02761,4.55733,0.449752,1,-3.33333,-0.586573,0,0.112835,1
-0.889542,3.30177,1.95667,0.5,2,2.37171,-2.07929,5.35348,-0.825186,3.19079,0,0,-2.07929,5.35348,-2.51385,5.23011,0.371709,1,-3.33333,-0.708353,0,0.110176,1
-0.911187,3.39893,1.62333,0.5,2,2.30119,-2.13097,5.35023,-0.805802,3.23034,0,0,-2.13097,5.35023,-2.54222,5.20974,0.301186,1,-3.33333,-0.7104,0,0.0992723,1
-0.899851,3.49782,1.29,0.5,2,2.24552,-2.18498,5.33923,-0.754211,3.28914,0,0,-2.18498,5.33923,-2.58565,5.18884,0.245522,1,-3.33333,-0.497204,0,0.111954,1
-0.856783,3.58756,0.956667,0.5,2,2.21359,-2.24421,5.31238,-0.677268,3.36439,0,0,-2.24421,5.31238,-1.94387,5.64827,0.21359,1,-3.33333,-0.320134,0,0.0997447,1
-0.786724,3.65826,0.623333,0.5,2,2.21989,-2.29257,5.28932,-0.596717,3.45246,0,0,-2.29257,5.28932,-2.00625,5.63174,0.219894,1,3.33333,0.0550551,0,0.114508,1
-0.713535,3.72576,0.91,0.5,2,2.24895,-2.68315,4.8113,-0.49367,3.60458,0,0,-2.68315,4.8113,-2.93489,4.48461,0.248953,1,3.33333,0.263445,0,0.110301,1
-0.666328,3.81339,1.24333,0.5,2,2.26876,-2.63582,4.93961,-0.465589,3.6986,0,0,-2.63582,4.93961,-2.87682,4.60758,0.268758,1,3.33333,0.198935,0,0.0995584,1
-0.650392,3.91164,1.57667,0.5,2,2.25958,-2.63305,4.99549,-0.439431,3.79632,0,0,-2.63305,4.99549,-2.8998,4.67145,0.259575,1,3.33333,-0.0824513,0,0.111377,1
-0.66748,4.0097,1.91,0.5,2,2.21959,-2.59807,5.10488,-0.42358,3.87135,0,0,-2.59807,5.10488,-2.86441,4.7905,0.219589,1,-3.33333,-0.353385,0,0.113152,1
-0.68775,4.10717,1.61,0.5,2,2.16503,-2.08651,5.75969,-0.471334,3.85149,0,0,-2.08651,5.75969,-2.44039,5.56503,0.165029,1,-3.33333,-0.545135,0,0.100086,1
-0.675097,4.2059,1.27667,0.5,2,2.11658,-2.09541,5.77518,-0.417808,3.92163,0,0,-2.09541,5.77518,-2.44525,5.58157,0.116582,1,-3.33333,-0.413537,0,0.117151,1
-0.630836,4.29506,0.943333,0.5,2,2.09596,-2.13978,5.74974,-0.339953,4.01463,0,0,-2.13978,5.74974,-1.90457,6.11084,0.0959573,1,3.33333,-0.194025,0,0.106301,1
-0.583141,4.38244,1.23667,0.5,2,2.09754,-2.48192,5.27369,-0.218819,4.21144,0,0,-2.48192,5.27369,-2.36058,5.68068,0.0975409,1,3.33333,0.0159608,0,0.0992167,1
-0.56655,4.48059,1.57,0.5,2,2.0921,-2.44618,5.3992,-0.200073,4.30148,0,0,-2.44618,5.3992,-2.69312,5.09221,0.0920973,1,3.33333,-0.0455798,0,0.11943,1
-0.582985,4.57876,1.90333,0.5,2,2.0541,-2.39753,5.54143,-0.189082,4.36978,0,0,-2.39753,5.54143,-2.61219,5.23602,0.054096,1,-3.33333,-0.333704,0,0.113877,1
-0.603828,4.67611,1.61667,0.5,2,1.99787,-1.90473,6.1924,-0.276869,4.29502,0,0,-1.90473,6.1924,-2.20324,5.98858,-0.00212991,1,-3.33333,-0.564494,0,0.099604,1
-0.591834,4.77493,1.28333,0.5,2,1.94968,-1.90976,6.21171,-0.219838,4.36938,0,0,-1.90976,6.21171,-2.20884,6.01438,-0.0503151,1,-3.33333,-0.428784,0,0.112376,1
-0.548168,4.86437,0.95,0.5,2,1.92676,-1.94419,6.19236,-0.132832,4.46928,0,0,-1.94419,6.19236,-2.24012,5.98719,-0.0732394,1,-3.33333,-0.228615,0,0.100275,1
-0.47764,4.93461,0.616667,0.5,2,1.94347,-1.97364,6.1752,-0.0492476,4.57936,0,0,-1.97364,6.1752,-1.77363,6.51618,-0.0565274,1,3.33333,0.151355,0,0.110417,1
-0.404426,5.00207,0.91,0.5,2,1.98091,-2.26751,5.67507,0.0837874,4.82572,0,0,-2.26751,5.67507,-2.19696,6.07323,-0.0190886,1,3.33333,0.338555,0,0.110584,1
-0.357218,5.08971,1.24333,0.5,2,2.0142,-2.26438,5.73756,0.10277,4.93345,0,0,-2.26438,5.73756,0.186948,7.49216,0.0141964,1,3.33333,0.333985,0,0.0996601,1
-0.341282,5.18796,1.57667,0.5,2,2.01487,-2.22653,5.89897,0.112637,5.01676,0.112637,5.01676,-2.22653,5.89897,0.263048,7.49747,0.0148709,2,3.33333,0.00599523,0,0.112504,1
-0.358371,5.28602,1.91,0.5,2,1.98054,-2.18728,6.04602,0.121324,5.08668,0.112637,5.01676,-2.18728,6.04602,0.30105,7.50292,-0.0425371,2,-3.33333,-0.503114,0,0.114105,1
-0.380463,5.3831,1.63,0.5,2,1.92939,-1.8005,6.68926,0.0395067,4.99681,0.112637,5.01676,-1.8005,6.68926,1.02788,7.1468,-0.114291,2,-3.33333,-0.698723,0,0.102693,1
-0.369787,5.48207,1.29667,0.5,2,1.88646,-1.79984,6.71239,0.0953107,5.08193,0.112637,5.01676,-1.79984,6.71239,1.03344,7.17187,-0.170254,2,-3.33333,-0.518553,0,0.107922,1
-0.327319,5.57209,0.963333,0.5,2,1.8731,-1.82707,6.69426,0.174624,5.19652,0.112637,5.01676,-1.82707,6.69426,1.00283,7.22616,-0.208483,2,-3.33333,-0.34812,0,0.109816,1
-0.257732,5.64326,0.63,0.5,2,1.89753,-1.86861,6.6461,0.253729,5.32486,0.112637,5.01676,-1.86861,6.6461,0.971255,7.27989,-0.227787,2,-3.33333,-0.193707,0,0.0996557,1
-0.168689,5.68775,0.296667,0.5,2,1.95245,0.717779,7.42736,-0.417291,5.19989,0.112637,5.01676,0.717779,7.42736,-2.00573,6.46762,-0.227575,2,-3.33333,0.00188225,0,0.112607,1
-0.0699915,5.70065,-0.0366667,0.5,2,1.91905,0.713646,7.45242,-0.30722,5.17035,0.112637,5.01676,0.713646,7.45242,-1.98804,6.47953,-0.207854,2,-3.33333,0.196828,0,0.100196,1
0.0274956,5.68055,-0.37,0.5,2,1.91738,0.751948,7.45581,-0.192637,5.14112,0.112637,5.01676,0.751948,7.45581,-2.05233,6.36435,-0.169227,2,3.33333,0.328849,0,0.117462,1
0.124002,5.65608,-0.0833333,0.5,2,1.93541,0.217696,7.58922,0.0966696,5.09215,0.112637,5.01676,0.217696,7.58922,-2.16671,5.72706,-0.139415,2,3.33333,0.263577,0,0.113107,1
0.223194,5.66436,0.25,0.5,2,1.94696,0.246171,7.61119,0.216667,5.11136,0.112637,5.01676,0.246171,7.61119,-2.14592,5.89984,-0.0530424,1,3.33333,0.861517,0,0.100256,1
0.314215,5.70465,0.583333,0.5,2,1.92994,0.299988,7.63454,0.318418,5.1346,0.112637,5.01676,0.299988,7.63454,0.684569,7.6879,-0.0700592,1,-3.33333,-0.145088,0,0.117286,1
0.403352,5.749,0.296667,0.5,2,1.89749,0.958199,7.56355,0.227169,5.17282,0.112637,5.01676,0.958199,7.56355,1.33415,7.4994,-0.102515,1,-3.33333,-0.287612,0,0.112844,1
0.502049,5.7619,-0.0366667,0.5,2,1.87932,0.991651,7.57632,0.340348,5.16265,0.112637,5.01676,0.991651,7.57632,0.676871,7.72036,-0.120684,1,-3.33333,-0.183872,0,0.0988138,1
0.599536,5.7418,-0.37,0.5,2,1.89532,1.00005,7.59432,0.471757,5.15078,0.112637,5.01676,1.00005,7.59432,0.674744,7.69988,-0.104677,1,-3.33333,0.143916,0,0.111219,1
0.685081,5.69091,-0.703333,0.5,2,1.94591,0.965923,7.61644,0.605111,5.14262,0.112637,5.01676,0.965923,7.61644,0.62488,7.71713,-0.0540948,1,3.33333,0.44936,0,0.112566,1
0.768267,5.63621,-0.416667,0.5,2,2.01735,0.378964,7.61564,0.861408,5.16263,0.112637,5.01676,0.378964,7.61564,0.00629333,7.60818,0.0173466,1,3.33333,0.720581,0,0.0991441,1
0.86471,5.61158,-0.0833333,0.5,2,2.08601,0.422988,7.65028,0.952375,5.20698,0.112637,5.01676,0.422988,7.65028,0.817614,7.81368,0.0860074,1,3.33333,0.617412,0,0.111207,1
0.963902,5.61987,0.25,0.5,2,2.12275,0.51083,7.6937,1.04442,5.25131,0.112637,5.01676,0.51083,7.6937,0.912436,7.84702,0.122752,1,3.33333,0.366171,0,0.100348,1
1.05492,5.66015,0.583333,0.5,2,2.12547,0.597699,7.73586,1.13549,5.29439,0.112637,5.01676,0.597699,7.73586,0.999219,7.90356,0.125473,1,3.33333,0.0241244,0,0.112783,1
1.12775,5.728,0.916667,0.5,2,2.0959,0.745053,7.78866,1.20154,5.33069,0.112637,5.01676,0.745053,7.78866,0.362114,7.77352,0.0958996,1,-3.33333,-0.260172,0,0.113667,1
1.19704,5.79951,0.636667,0.5,2,2.05213,1.3945,7.84211,1.15394,5.35372,0.112637,5.01676,1.3945,7.84211,1.03092,7.92055,0.0521271,1,-3.33333,-0.444931,0,0.0983802,1
1.28578,5.84459,0.303333,0.5,2,2.01995,1.3429,7.86373,1.27221,5.36473,0.112637,5.01676,1.3429,7.86373,0.977919,7.93459,0.0199454,1,-3.33333,-0.287125,0,0.112083,1
1.38439,5.85815,-0.03,0.5,2,2.02702,1.30372,7.88357,1.40322,5.38555,0.112637,5.01676,1.30372,7.88357,0.932016,7.93625,0.027025,1,3.33333,0.0625404,0,0.1132,1
1.48354,5.86726,0.256667,0.5,2,2.06025,0.622437,7.73893,1.66733,5.46776,0.112637,5.01676,0.622437,7.73893,0.242755,7.65879,0.0602489,1,3.33333,0.332683,0,0.0998666,1
1.57429,5.90815,0.59,0.5,2,2.08536,0.633904,7.76944,1.76127,5.53806,0.112637,5.01676,0.633904,7.76944,0.981904,8.00098,0.085356,1,3.33333,0.220669,0,0.113778,1
1.64666,5.97648,0.923333,0.5,2,2.07937,0.738293,7.84695,1.83041,5.59811,0.112637,5.01676,0.738293,7.84695,1.0827,8.09558,0.0793729,1,3.33333,-0.0525805,0,0.11379,1
1.6927,6.06474,1.25667,0.5,2,2.04318,0.861609,7.93126,1.87851,5.64742,0.112637,5.01676,0.861609,7.93126,0.501873,7.8301,0.043185,1,-3.33333,-0.370398,0,0.0977,1
1.73528,6.15472,0.963333,0.5,2,1.99471,1.45096,8.12906,1.8073,5.65459,0.112637,5.01676,1.45096,8.12906,1.08759,8.12529,-0.0052942,1,-3.33333,-0.426537,0,0.113658,1
1.80487,6.2259,0.63,0.5,2,1.9531,1.42898,8.14249,1.91012,5.68922,0.112637,5.01676,1.42898,8.14249,1.07373,8.12105,-0.0468955,1,-3.33333,-0.41788,0,0.0995532,1
1.89391,6.27038,0.296667,0.5,2,1.94859,1.35689,8.14351,2.04588,5.74032,0.112637,5.01676,1.35689,8.14351,0.996386,8.11078,-0.0514147,1,-3.33333,-0.040567,0,0.111401,1
1.99261,6.28329,-0.0366667,0.5,2,1.98561,1.31678,8.15034,2.16769,5.79961,0.112637,5.01676,1.31678,8.15034,1.66997,8.34387,-0.0143919,1,3.33333,0.326932,0,0.113243,1
2.09181,6.29173,0.25,0.5,2,2.04451,0.741794,7.82714,2.39258,5.94966,0.112637,5.01676,0.741794,7.82714,1.00938,8.14233,0.044507,1,3.33333,0.589256,0,0.0999547,1
2.18283,6.33202,0.583333,0.5,2,2.09443,0.797149,7.90253,2.45116,6.0279,0.112637,5.01676,0.797149,7.90253,1.0649,8.23578,0.0944271,1,3.33333,0.437067,0,0.114216,1
2.25566,6.39987,0.916667,0.5,2,2.11146,0.912014,8.02863,2.50292,6.10015,0.112637,5.01676,0.912014,8.02863,0.580763,7.82931,0.111458,1,3.33333,0.15166,0,0.112296,1
2.30228,6.48781,1.25,0.5,2,2.09738,0.964815,8.10341,2.55903,6.17767,0.112637,5.01676,0.964815,8.10341,0.640413,7.9012,0.0973756,1,3.33333,-0.141063,0,0.099829,1
2.31757,6.58617,1.58333,0.5,2,2.05568,1.03176,8.19008,2.59548,6.2395,0.112637,5.01676,1.03176,8.19008,0.710115,7.99745,0.05568,1,-3.33333,-0.366236,0,0.113849,1
2.32779,6.68521,1.30333,0.5,2,2.00256,1.62075,8.5588,2.50343,6.21981,0.112637,5.01676,1.62075,8.5588,1.25834,8.48814,0.00256133,1,-3.33333,-0.482927,0,0.109993,1
2.36966,6.77551,0.97,0.5,2,1.95477,1.5878,8.56711,2.58774,6.2758,0.112637,5.01676,1.5878,8.56711,1.23838,8.47973,-0.0452253,1,-3.33333,-0.477967,0,0.0999789,1
2.43877,6.84715,0.636667,0.5,2,1.9331,1.51703,8.54634,2.70909,6.34884,0.112637,5.01676,1.51703,8.54634,1.83128,8.77644,-0.0669045,1,-3.33333,-0.190123,0,0.114027,1
2.52752,6.89223,0.303333,0.5,2,1.95379,1.51017,8.56025,2.81193,6.42591,0.112637,5.01676,1.51017,8.56025,1.81483,8.81067,-0.0462137,1,3.33333,0.206377,0,0.100257,1
2.61742,6.93498,0.61,0.5,2,1.99736,1.02329,8.1384,3.01858,6.63213,0.112637,5.01676,1.02329,8.1384,0.742391,7.8924,-0.00263584,1,3.33333,0.388625,0,0.112133,1
2.68841,7.00474,0.943333,0.5,2,2.03202,1.08609,8.25442,3.05743,6.71694,0.112637,5.01676,1.08609,8.25442,0.836499,7.9874,0.0320249,1,3.33333,0.296421,0,0.116931,1
2.73267,7.0939,1.27667,0.5,2,2.03599,1.12507,8.34324,3.09905,6.80917,0.112637,5.01676,1.12507,8.34324,0.862735,8.082,0.0359879,1,3.33333,0.0399108,0,0.0992964,1
2.74533,7.19263,1.61,0.5,2,2.01135,1.15506,8.42412,3.13168,6.89344,0.112637,5.01676,1.15506,8.42412,0.895936,8.1658,0.0113471,1,-3.33333,-0.204922,0,0.120245,1
2.75053,7.29209,1.35667,0.5,2,1.96755,1.62956,8.90909,3.05388,6.85451,0.112637,5.01676,1.62956,8.90909,1.29256,8.76381,-0.0324514,1,-3.33333,-0.408456,0,0.107229,1
2.78752,7.3845,1.02333,0.5,2,1.93171,1.60803,8.91431,3.13452,6.93445,0.112637,5.01676,1.60803,8.91431,1.8721,9.20997,-0.0682883,1,-3.33333,-0.358648,0,0.0999224,1
2.85271,7.45972,0.69,0.5,2,1.92712,1.57491,8.90229,3.23257,7.03088,0.112637,5.01676,1.57491,8.90229,1.82549,9.20124,-0.0728831,1,-3.33333,-0.0417367,0,0.11009,1
2.93893,7.50946,0.356667,0.5,2,1.9621,1.56526,8.91048,3.31552,7.12538,0.112637,5.01676,1.56526,8.91048,1.79735,9.23843,-0.0379026,1,3.33333,0.303547,0,0.115239,1
3.02703,7.55583,0.65,0.5,2,2.01767,1.19481,8.4008,3.46502,7.35384,0.112637,5.01676,1.19481,8.4008,0.98488,8.09379,0.0176685,1,3.33333,0.559686,0,0.0992897,1
3.09518,7.62838,0.983333,0.5,2,2.0663,1.21731,8.49049,3.48932,7.44744,0.112637,5.01676,1.21731,8.49049,1.01915,8.17144,0.0663037,1,3.33333,0.42152,0,0.115381,1
3.13583,7.71924,1.31667,0.5,2,2.08679,1.23785,8.58663,3.51165,7.54749,0.112637,5.01676,1.23785,8.58663,1.02853,8.26661,0.0867937,1,3.33333,0.174576,0,0.11737,1
3.14453,7.8184,1.65,0.5,2,2.07397,1.25673,8.67721,3.53231,7.64198,0.112637,5.01676,1.25673,8.67721,1.03797,8.3617,0.0739739,1,3.33333,-0.132716,0,0.0965956,1
3.1203,7.91494,1.98333,0.5,2,2.03137,1.26983,8.75293,3.5472,7.72162,0.112637,5.01676,1.26983,8.75293,1.37548,9.15325,0.0313702,1,-3.33333,-0.378007,0,0.112706,1
3.09116,8.01015,1.70333,0.5,2,1.97445,1.68062,9.39175,3.46661,7.64239,0.112637,5.01676,1.68062,9.39175,1.3744,9.18591,-0.0255539,1,-3.33333,-0.583983,0,0.0974757,1
3.09455,8.10963,1.37,0.5,2,1.92567,1.65242,9.38574,3.52467,7.72902,0.112637,5.01676,1.65242,9.38574,1.87048,9.70516,-0.0743337,1,-3.33333,-0.433515,0,0.112521,1
3.13031,8.20252,1.03667,0.5,2,1.90588,1.62037,9.36548,3.601,7.83999,0.112637,5.01676,1.62037,9.36548,1.8269,9.68113,-0.0941169,1,-3.33333,-0.17397,0,0.113717,1
3.1945,8.2786,0.703333,0.5,2,1.91937,1.63585,9.39869,3.666,7.93976,0.112637,5.01676,1.63585,9.39869,1.80971,9.74821,-0.0806273,1,-3.33333,0.133331,0,0.101174,1
3.28004,8.32949,0.37,0.5,2,1.96797,1.66406,9.45266,3.71691,8.02585,0.112637,5.01676,1.66406,9.45266,1.43825,9.18054,-0.0320326,1,3.33333,0.435431,0,0.111602,1
3.3681,8.37595,0.65,0.5,2,2.03589,1.38248,8.82554,3.82076,8.27346,0.112637,5.01676,1.38248,8.82554,1.26014,8.47749,0.0358875,1,3.33333,0.557939,0,0.121734,1
3.43625,8.4485,0.983333,0.5,2,2.10071,1.37889,8.87303,3.82731,8.36781,0.112637,5.01676,1.37889,8.87303,1.22926,8.51243,0.100709,1,3.33333,0.658995,0,0.0983642,1
3.47691,8.53935,1.31667,0.5,2,2.1414,1.38677,9.00505,3.82693,8.46137,0.112637,5.01676,1.38677,9.00505,1.24418,8.63921,0.141399,1,3.33333,0.368199,0,0.11051,1
3.48561,8.63851,1.65,0.5,2,2.14543,1.38297,9.06485,3.83311,8.56805,0.112637,5.01676,1.38297,9.06485,1.38438,9.50724,0.145425,1,3.33333,0.0355802,0,0.113164,1
3.46138,8.73505,1.98333,0.5,2,2.11857,1.38434,9.15248,3.83534,8.6599,0.112637,5.01676,1.38434,9.15248,1.40503,9.58109,0.118566,1,-3.33333,-0.271287,0,0.099006,1
3.43342,8.8306,1.69,0.5,2,2.07375,1.64059,9.87281,3.80193,8.61638,0.112637,5.01676,1.64059,9.87281,1.80212,10.2572,0.0737529,1,-3.33333,-0.399918,0,0.112056,1
3.43814,8.93003,1.35667,0.5,2,2.04048,1.65816,9.92764,3.83899,8.70537,0.112637,5.01676,1.65816,9.92764,1.40551,9.64061,0.0404842,1,-3.33333,-0.332781,0,0.0999718,1
3.47514,9.02244,1.02333,0.5,2,2.03801,1.66523,9.9593,3.88542,8.81006,0.112637,5.01676,1.66523,9.9593,1.45309,9.65485,0.0380063,1,3.33333,-0.021595,0,0.114743,1
3.51683,9.11286,1.30333,0.5,2,2.05337,1.49058,9.44556,3.95755,9.04049,0.112637,5.01676,1.49058,9.44556,1.3863,9.08774,0.0533736,1,3.33333,0.134595,0,0.114174,1
3.52684,9.21189,1.63667,0.5,2,2.06163,1.49188,9.54243,3.95954,9.1416,0.112637,5.01676,1.49188,9.54243,1.38219,9.18292,0.0616269,1,3.33333,0.0851835,0,0.0968889,1
3.5039,9.30875,1.97,0.5,2,2.03816,1.48621,9.59689,3.9611,9.24345,0.112637,5.01676,1.48621,9.59689,1.46639,10.0154,0.0381622,1,-3.33333,-0.212369,0,0.11049,1
3.47783,9.40482,1.67,0.5,2,1.99574,1.70464,10.3207,3.92586,9.17341,0.112637,5.01676,1.70464,10.3207,1.477,10.0286,-0.00426495,1,-3.33333,-0.369376,0,0.114862,1
3.48454,9.50413,1.33667,0.5,2,1.96833,1.69222,10.3177,3.96866,9.28437,0.112637,5.01676,1.69222,10.3177,1.47556,10.0205,-0.0316725,1,-3.33333,-0.276557,0,0.0991025,1
3.52337,9.59578,1.00333,0.5,2,1.97607,1.67261,10.2882,4.01408,9.41218,0.112637,5.01676,1.67261,10.2882,1.74552,10.6858,-0.0239333,1,3.33333,0.067415,0,0.114799,1
3.56741,9.68509,1.27667,0.5,2,2.00359,1.56486,9.74986,4.06355,9.66904,0.112637,5.01676,1.56486,9.74986,1.51584,10.1532,0.00359488,1,3.33333,0.238713,0,0.115319,1
3.58006,9.78382,1.61,0.5,2,2.02182,1.56258,9.91619,4.05722,9.75251,0.112637,5.01676,1.56258,9.91619,1.48472,9.55449,0.0218155,1,3.33333,0.192146,0,0.0948272,1
3.55971,9.88126,1.94333,0.5,2,2.00334,1.56298,10.0439,4.05473,9.84095,0.112637,5.01676,1.56298,10.0439,1.49356,9.68796,0.00334263,1,-3.33333,-0.163241,0,0.113164,1
3.53499,9.9777,1.65667,0.5,2,1.9689,1.7105,10.7178,4.02714,9.77806,0.112637,5.01676,1.7105,10.7178,1.52138,10.4087,-0.0311002,1,-3.33333,-0.344429,0,0.0999996,1
3.54303,10.0769,1.32333,0.5,2,1.947,1.71553,10.7485,4.06209,9.88615,0.112637,5.01676,1.71553,10.7485,1.54897,10.4349,-0.0530014,1,-3.33333,-0.195982,0,0.111751,1
3.58308,10.168,0.99,0.5,2,1.96045,1.69191,10.6846,4.10356,10.0259,0.112637,5.01676,1.69191,10.6846,1.51812,10.3588,-0.0395459,1,3.33333,0.117338,0,0.114673,1
3.62776,10.257,1.27,0.5,2,1.996,1.63607,10.1259,4.13067,10.2901,0.112637,5.01676,1.63607,10.1259,1.54683,10.5212,-0.00400114,1,3.33333,0.357815,0,0.0993384,1
3.64107,10.3557,1.60333,0.5,2,2.02244,1.62323,10.2194,4.11754,10.3878,0.112637,5.01676,1.62323,10.2194,1.52561,10.6205,0.0224416,1,3.33333,0.23029,0,0.114824,1
3.62137,10.4532,1.93667,0.5,2,2.01419,1.60988,10.3491,4.10654,10.4783,0.112637,5.01676,1.60988,10.3491,1.55347,9.97723,0.0141873,1,-3.33333,-0.0751632,0,0.109818,1
3.5979,10.55,1.64333,0.5,2,1.98736,1.68605,11.0926,4.09107,10.41,0.112637,5.01676,1.68605,11.0926,1.53031,10.7616,-0.0126417,1,-3.33333,-0.269355,0,0.0996048,1
3.60726,10.6491,1.31,0.5,2,1.97316,1.69223,11.1245,4.11857,10.5221,0.112637,5.01676,1.69223,11.1245,1.56574,10.7898,-0.0268376,1,-3.33333,-0.125511,0,0.113105,1
3.64852,10.7397,0.976667,0.5,2,1.99578,1.68331,11.0876,4.14502,10.6517,0.112637,5.01676,1.68331,11.0876,1.56627,10.7412,-0.00421989,1,3.33333,0.227341,0,0.0994879,1
3.69271,10.8289,1.27667,0.5,2,2.03731,1.68131,10.505,4.14952,10.9024,0.112637,5.01676,1.68131,10.505,1.67792,10.1293,0.0373108,1,3.33333,0.342039,0,0.121421,1
3.70537,10.9276,1.61,0.5,2,2.06731,1.66492,10.5954,4.13243,10.9971,0.112637,5.01676,1.66492,10.5954,1.64601,10.2086,0.0673113,1,3.33333,0.264319,0,0.113501,1
3.68502,11.025,1.94333,0.5,2,2.06516,1.64727,10.6897,4.11409,11.0956,0.112637,5.01676,1.64727,10.6897,1.50185,11.0881,0.0651562,1,3.33333,-0.0219118,0,0.0983516,1
3.63391,11.1104,2.27667,0.5,2,2.03017,1.63126,10.7774,4.09738,11.1875,0.112637,5.01676,1.63126,10.7774,1.50567,11.1683,0.0301678,1,-3.33333,-0.307444,0,0.113804,1
3.579,11.1935,1.99,0.5,2,1.98185,1.60793,11.4,4.09432,11.1395,0.112637,5.01676,1.60793,11.4,1.60303,11.7969,-0.018146,1,-3.33333,-0.424127,0,0.113914,1
3.55413,11.2899,1.65667,0.5,2,1.94428,1.61748,11.462,4.10766,11.2407,0.112637,5.01676,1.61748,11.462,1.53543,11.1161,-0.0557182,1,-3.33333,-0.374443,0,0.100342,1
3.56216,11.3891,1.32333,0.5,2,1.94359,1.62156,11.4969,4.11772,11.3582,0.112637,5.01676,1.62156,11.4969,1.57085,11.1509,-0.0564128,1,-3.33333,-0.0061658,0,0.112659,1
3.60221,11.4802,0.99,0.5,2,1.97865,1.62372,11.4552,4.12352,11.4868,0.112637,5.01676,1.62372,11.4552,1.58102,11.0975,-0.0213516,1,3.33333,0.309627,0,0.113237,1
3.64634,11.5695,1.27667,0.5,2,2.0324,1.73831,10.8694,4.08533,11.7305,0.112637,5.01676,1.73831,10.8694,1.80769,10.5016,0.032397,1,3.33333,0.543765,0,0.0988454,1
3.65899,11.6682,1.61,0.5,2,2.0762,1.71107,10.9497,4.05661,11.8148,0.112637,5.01676,1.71107,10.9497,1.75609,10.5586,0.076201,1,3.33333,0.382271,0,0.114589,1
3.63864,11.7656,1.94333,0.5,2,2.08694,1.66953,11.0743,4.02838,11.9024,0.112637,5.01676,1.66953,11.0743,1.73043,10.6928,0.086941,1,3.33333,0.10691,0,0.100459,1
3.58754,11.851,2.27667,0.5,2,2.06619,1.63918,11.1633,3.99661,11.9954,0.112637,5.01676,1.63918,11.1633,1.68343,10.7762,0.0661879,1,-3.33333,-0.183084,0,0.113353,1
3.53314,11.9344,1.98333,0.5,2,2.03155,1.50824,11.7702,4.00006,11.9723,0.112637,5.01676,1.50824,11.7702,1.40737,12.1715,0.0315506,1,-3.33333,-0.300751,0,0.115169,1
3.50892,12.031,1.65,0.5,2,2.00934,1.51264,11.8022,3.99638,12.0868,0.112637,5.01676,1.51264,11.8022,1.48166,11.429,0.00934291,1,-3.33333,-0.222749,0,0.0996984,1
3.51761,12.1301,1.31667,0.5,2,2.02455,1.51499,11.833,3.98792,12.1999,0.112637,5.01676,1.51499,11.833,1.52957,11.4673,0.0245454,1,3.33333,0.13601,0,0.111775,1
3.53015,12.2289,1.61,0.5,2,2.05857,1.73399,11.2231,3.91531,12.4445,0.112637,5.01676,1.73399,11.2231,1.88086,10.8815,0.0585692,1,3.33333,0.301205,0,0.112959,1
3.5098,12.3263,1.94333,0.5,2,2.08318,1.71201,11.2739,3.86951,12.5369,0.112637,5.01676,1.71201,11.2739,1.85635,10.9219,0.0831842,1,3.33333,0.249427,0,0.0986865,1
3.45869,12.4117,2.27667,0.5,2,2.07795,1.66722,11.3589,3.82255,12.6256,0.112637,5.01676,1.66722,11.3589,1.80211,10.9997,0.0779543,1,3.33333,-0.0460733,0,0.113514,1
3.38245,12.4757,2.61,0.5,2,2.04277,1.6231,11.4377,3.77624,12.7081,0.112637,5.01676,1.6231,11.4377,1.74805,11.0777,0.0427709,1,-3.33333,-0.298488,0,0.117872,1
3.30192,12.5343,2.35,0.5,2,1.99284,1.37382,12.0305,3.7926,12.6625,0.112637,5.01676,1.37382,12.0305,1.20037,12.4004,-0.00715542,1,-3.33333,-0.501311,0,0.0995915,1
3.24469,12.6158,2.01667,0.5,2,1.94908,1.39683,11.9958,3.767,12.791,0.112637,5.01676,1.39683,11.9958,1.23546,12.3496,-0.0509186,1,-3.33333,-0.395822,0,0.110563,1
3.21726,12.7114,1.68333,0.5,2,1.94354,1.40831,12.0008,3.73518,12.9149,0.112637,5.01676,1.40831,12.0008,1.21597,12.3424,-0.0564613,1,-3.33333,-0.0499434,0,0.110981,1
3.22264,12.8108,1.35,0.5,2,1.9742,1.41012,12.0284,3.70538,13.0192,0.112637,5.01676,1.41012,12.0284,1.49901,11.6765,-0.0257993,1,3.33333,0.310696,0,0.0986884,1
3.23188,12.91,1.64333,0.5,2,2.02159,1.75714,11.5272,3.58088,13.2372,0.112637,5.01676,1.75714,11.5272,1.97765,11.2361,0.0215902,1,3.33333,0.417162,0,0.1136,1
3.2083,13.0067,1.97667,0.5,2,2.06014,1.70786,11.595,3.52866,13.3081,0.112637,5.01676,1.70786,11.595,1.92403,11.2865,0.0601397,1,3.33333,0.386133,0,0.0998346,1
3.15437,13.0903,2.31,0.5,2,2.07115,1.64836,11.6685,3.4662,13.3847,0.112637,5.01676,1.64836,11.6685,1.86133,11.3522,0.0711505,1,3.33333,0.0955365,0,0.115253,1
3.07604,13.1517,2.64333,0.5,2,2.05076,1.58728,11.7413,3.40217,13.4607,0.112637,5.01676,1.58728,11.7413,1.79718,11.4265,0.0507581,1,-3.33333,-0.182976,0,0.111449,1
2.995,13.2096,2.35667,0.5,2,2.01653,1.21495,12.262,3.42177,13.4367,0.112637,5.01676,1.21495,12.262,1.32833,11.9062,0.0165343,1,-3.33333,-0.343246,0,0.0997065,1
2.93723,13.2906,2.02333,0.5,2,1.99169,1.2655,12.208,3.36388,13.5669,0.112637,5.01676,1.2655,12.208,1.01643,12.5174,-0.00830626,1,-3.33333,-0.211489,0,0.117456,1
2.90916,13.3861,1.69,0.5,2,2.00597,1.26256,12.2404,3.31469,13.6683,0.112637,5.01676,1.26256,12.2404,1.40674,11.8926,0.00597048,1,3.33333,0.129682,0,0.11009,1
2.88542,13.4828,1.97667,0.5,2,2.04273,1.78048,11.7647,3.13276,13.8674,0.112637,5.01676,1.78048,11.7647,2.05285,11.4969,0.0427339,1,3.33333,0.368397,0,0.099793,1
2.83149,13.5665,2.31,0.5,2,2.07186,1.68353,11.8417,3.06871,13.9229,0.112637,5.01676,1.68353,11.8417,1.97288,11.6056,0.0718617,1,3.33333,0.255107,0,0.114179,1
2.75316,13.6279,2.64333,0.5,2,2.07312,1.60747,11.9001,2.98907,13.9837,0.112637,5.01676,1.60747,11.9001,1.89283,11.6538,0.0731232,1,3.33333,0.0112464,0,0.112166,1
2.65904,13.6603,2.97667,0.5,2,2.04275,1.56299,11.9365,2.90438,14.0462,0.112637,5.01676,1.56299,11.9365,1.83421,11.664,0.0427504,1,-3.33333,-0.303379,0,0.100115,1
2.56336,13.6879,2.69667,0.5,2,1.9947,1.02437,12.4189,2.95322,14.0093,0.112637,5.01676,1.02437,12.4189,1.20925,12.102,-0.00530088,1,-3.33333,-0.43568,0,0.11029,1
2.48187,13.745,2.36333,0.5,2,1.95584,1.08468,12.3764,2.87059,14.1258,0.112637,5.01676,1.08468,12.3764,0.778487,12.6215,-0.0441558,1,-3.33333,-0.390569,0,0.0994828,1
2.42356,13.8257,2.03,0.5,2,1.95358,1.12424,12.3668,2.78698,14.2337,0.112637,5.01676,1.12424,12.3668,0.810531,12.5964,-0.0464195,1,-3.33333,-0.0195562,0,0.115752,1
2.39485,13.921,1.69667,0.5,2,1.98751,1.12294,12.3938,2.72282,14.3148,0.112637,5.01676,1.12294,12.3938,0.772616,12.5974,-0.0124861,1,3.33333,0.300114,0,0.113068,1
2.37106,14.0177,1.97667,0.5,2,2.04153,1.74882,12.0733,2.51079,14.4543,0.112637,5.01676,1.74882,12.0733,2.08322,11.9015,0.0415332,1,3.33333,0.548273,0,0.0985263,1
2.31713,14.1013,2.31,0.5,2,2.08891,1.68388,12.1107,2.44175,14.4931,0.112637,5.01676,1.68388,12.1107,2.02897,11.955,0.0889087,1,3.33333,0.413622,0,0.114538,1
2.2388,14.1627,2.64333,0.5,2,2.11402,1.6014,12.1471,2.35518,14.5308,0.112637,5.01676,1.6014,12.1471,1.94997,11.9831,0.114016,1,3.33333,0.219348,0,0.114462,1
2.14468,14.1952,2.97667,0.5,2,2.10788,1.54779,12.1736,2.25572,14.5712,0.112637,5.01676,1.54779,12.1736,1.118,12.2187,0.107877,1,3.33333,-0.0615073,0,0.0998099,1
2.04515,14.195,-2.97319,0.5,2,2.06782,1.42847,12.2213,2.17403,14.6075,0.112637,5.01676,1.42847,12.2213,1.76719,12.0405,0.0678244,1,-3.33333,-0.349934,0,0.114456,1
1.94572,14.1897,3.03,0.5,2,2.00414,0.756592,12.5765,2.23993,14.5889,0.112637,5.01676,0.756592,12.5765,0.399658,12.7677,0.00414443,1,-3.33333,-0.530787,0,0.119973,1
1.85001,14.217,2.69667,0.5,2,1.95419,0.715415,12.626,2.16691,14.6614,0.112637,5.01676,0.715415,12.626,0.363085,12.8056,-0.0458136,1,-3.33333,-0.504714,0,0.0989828,1
1.76852,14.2742,2.36333,0.5,2,1.93624,0.754205,12.6249,2.06384,14.7544,0.112637,5.01676,0.754205,12.6249,0.403104,12.7889,-0.0637552,1,-3.33333,-0.157566,0,0.113867,1
1.71021,14.3549,2.03,0.5,2,1.95309,0.713371,12.6753,1.98934,14.8252,0.112637,5.01676,0.713371,12.6753,0.996273,12.4645,-0.0469117,1,3.33333,0.166771,0,0.100997,1
1.65659,14.4388,2.30333,0.5,2,1.98791,1.2763,12.4876,1.75456,14.9414,0.112637,5.01676,1.2763,12.4876,1.61967,12.3828,-0.0120873,1,3.33333,0.309839,0,0.112395,1
1.57867,14.5007,2.63667,0.5,2,2.02066,1.23021,12.5103,1.66133,14.9729,0.112637,5.01676,1.23021,12.5103,1.58125,12.3819,0.0206621,1,3.33333,0.29242,0,0.111994,1
1.48477,14.5337,2.97,0.5,2,2.02315,1.13931,12.5403,1.5662,15.0036,0.112637,5.01676,1.13931,12.5403,1.49106,12.395,0.0231545,1,3.33333,0.0249753,0,0.0997957,1
1.38524,14.5342,-2.97985,0.5,2,1.99381,1.04817,12.5691,1.47081,15.0331,0.112637,5.01676,1.04817,12.5691,1.39503,12.4324,-0.00618827,1,-3.33333,-0.25941,0,0.113114,1
1.28576,14.5302,3.01667,0.5,2,1.94168,0.339733,12.8346,1.55778,15.0178,0.112637,5.01676,0.339733,12.8346,-0.0242116,12.9778,-0.0583163,1,-3.33333,-0.450057,0,0.115826,1
1.19042,14.5589,2.68333,0.5,2,1.90325,0.318779,12.8669,1.46372,15.0893,0.112637,5.01676,0.318779,12.8669,-0.036541,13.0028,-0.096746,1,-3.33333,-0.393166,0,0.097744,1
1.1097,14.6171,2.35,0.5,2,1.89796,0.296937,12.902,1.3675,15.1611,0.112637,5.01676,0.296937,12.902,0.584023,12.7028,-0.102037,1,-3.33333,-0.0475023,0,0.111379,1
1.05247,14.6985,2.01667,0.5,2,1.92536,0.317102,12.9191,1.27194,15.2296,0.112637,5.01676,0.317102,12.9191,0.621046,12.7451,-0.0746412,1,3.33333,0.232273,0,0.117945,1
0.998951,14.7825,2.30333,0.5,2,1.96941,0.894888,12.8158,1.02699,15.3123,0.112637,5.01676,0.894888,12.8158,1.24839,12.7425,-0.0305861,1,3.33333,0.444618,0,0.0990852,1
0.921029,14.8444,2.63667,0.5,2,2.01191,0.818179,12.8351,0.945981,15.3319,0.112637,5.01676,0.818179,12.8351,1.18035,12.7535,0.0119083,1,3.33333,0.37609,0,0.11299,1
0.827132,14.8775,2.97,0.5,2,2.02608,0.762371,12.8524,0.84228,15.3511,0.112637,5.01676,0.762371,12.8524,0.355087,12.8051,0.0260804,1,3.33333,0.142101,0,0.0997321,1
0.727596,14.8779,-2.97985,0.5,2,2.00522,0.66695,12.8736,0.74256,15.3725,0.112637,5.01676,0.66695,12.8736,0.262103,12.8179,0.00522256,1,-3.33333,-0.183414,0,0.11372,1
0.628097,14.8746,3.01,0.5,2,1.96786,-0.0623436,13.0318,0.814804,15.3729,0.112637,5.01676,-0.0623436,13.0318,-0.445608,13.1252,-0.0321418,1,-3.33333,-0.325115,0,0.114926,1
0.532954,14.9038,2.67667,0.5,2,1.94215,-0.11977,13.0746,0.72044,15.4292,0.112637,5.01676,-0.11977,13.0746,0.192131,12.8969,-0.0578543,1,-3.33333,-0.255907,0,0.100476,1
0.452619,14.9626,2.34333,0.5,2,1.95014,-0.141489,13.1052,0.620134,15.4863,0.112637,5.01676,-0.141489,13.1052,0.181399,12.9663,-0.0498633,1,-3.33333,0.0717217,0,0.111416,1
0.395934,15.0444,2.01,0.5,2,1.99206,-0.046611,13.1021,0.508777,15.5397,0.112637,5.01676,-0.046611,13.1021,0.292436,12.9549,-0.00794494,1,3.33333,0.369973,0,0.113301,1
0.342979,15.1287,2.29667,0.5,2,2.04751,0.542395,13.0909,0.29891,15.5791,0.112637,5.01676,0.542395,13.0909,0.917532,13.0694,0.0475147,1,3.33333,0.555995,0,0.0997485,1
0.265472,15.1912,2.63,0.5,2,2.09957,0.473554,13.1019,0.225787,15.5896,0.112637,5.01676,0.473554,13.1019,0.86353,13.0618,0.0995698,1,3.33333,0.459613,0,0.113259,1
0.171797,15.2248,2.96333,0.5,2,2.12684,0.386223,13.1088,0.134176,15.5961,0.112637,5.01676,0.386223,13.1088,-0.0330612,12.9798,0.126844,1,3.33333,0.233593,0,0.116761,1
0.0722665,15.226,-2.98652,0.5,2,2.12064,0.326479,13.1206,0.0267903,15.6026,0.112637,5.01676,0.326479,13.1206,-0.0860996,13.0248,0.120639,1,3.33333,-0.0628021,0,0.0988151,1
-0.0221636,15.1945,-2.65319,0.5,2,2.08185,0.158684,13.1205,-0.0584882,15.6111,0.112637,5.01676,0.158684,13.1205,0.545754,13.0726,0.0818465,1,-3.33333,-0.349103,0,0.111119,1
-0.114887,15.1582,-2.93319,0.5,2,2.02575,-0.538115,13.1772,-0.0158051,15.622,0.112637,5.01676,-0.538115,13.1772,-0.190018,13.0688,0.0257537,1,-3.33333,-0.493071,0,0.113762,1
-0.214338,15.1541,3.01667,0.5,2,1.98413,-0.461569,13.1854,-0.150058,15.6659,0.112637,5.01676,-0.461569,13.1854,-0.110773,13.068,-0.0158663,1,-3.33333,-0.415321,0,0.100212,1
-0.309673,15.1827,2.68333,0.5,2,1.98342,-0.422344,13.2025,-0.280329,15.6984,0.112637,5.01676,-0.422344,13.2025,-0.0650721,13.1141,-0.0165761,1,-3.33333,-0.00597328,0,0.118825,1
-0.390399,15.2409,2.35,0.5,2,2.01846,-0.36768,13.2226,-0.395819,15.7224,0.112637,5.01676,-0.36768,13.2226,-0.772576,13.1494,0.0184641,1,3.33333,0.350862,0,0.0998688,1
-0.467311,15.3042,2.61667,0.5,2,2.0715,0.238595,13.3567,-0.61333,15.707,0.112637,5.01676,0.238595,13.3567,-0.130703,13.1605,0.0715027,1,3.33333,0.479482,0,0.110616,1
-0.560529,15.3391,2.95,0.5,2,2.11865,0.164869,13.3485,-0.691098,15.6974,0.112637,5.01676,0.164869,13.3485,-0.213562,13.154,0.118649,1,3.33333,0.423975,0,0.111201,1
-0.660036,15.3416,-2.99985,0.5,2,2.13424,0.00376455,13.3132,-0.773796,15.6892,0.112637,5.01676,0.00376455,13.3132,0.399415,13.3591,0.134239,1,3.33333,0.15618,0,0.0998176,1
-0.754877,15.3114,-2.66652,0.5,2,2.11618,-0.128415,13.29,-0.868501,15.678,0.112637,5.01676,-0.128415,13.29,0.248311,13.361,0.116181,1,3.33333,-0.155498,0,0.116129,1
-0.834612,15.2518,-2.33319,0.5,2,2.0701,-0.183994,13.2866,-0.969727,15.6599,0.112637,5.01676,-0.183994,13.2866,-3.06242,14.1978,0.0700984,1,-3.33333,-0.401122,0,0.114884,1
-0.910832,15.1877,-2.60652,0.5,2,2.01175,-0.782505,13.18,-0.941977,15.675,-0.941977,15.675,-0.782505,13.18,-3.21961,14.7948,0.0117486,2,-3.33333,-0.572186,0,0.101977,1
-1.00369,15.1518,-2.93985,0.5,2,1.96304,-0.745469,13.2059,-1.07432,15.6841,-0.941977,15.675,-0.745469,13.2059,-3.24403,14.8546,-0.0267314,2,-3.33333,-0.35167,0,0.10942,1
-1.10317,15.1484,3.01,0.5,2,1.95637,-0.714464,13.231,-1.21118,15.6812,-0.941977,15.675,-0.714464,13.231,-3.2438,14.83,-0.0507119,2,-3.33333,-0.211613,0,0.113322,1
-1.19831,15.1776,2.67667,0.5,2,1.98587,-0.739386,13.2455,-1.31712,15.6778,-0.941977,15.675,-0.739386,13.2455,-3.22592,14.7702,-0.0595159,2,-3.33333,-0.0876704,0,0.100422,1
-1.27865,15.2364,2.34333,0.5,2,1.96466,-3.12172,14.556,-0.776437,15.4218,-0.941977,15.675,-3.12172,14.556,-0.533869,13.3225,-0.0528953,2,-3.33333,0.058602,0,0.112975,1
-1.33533,15.3182,2.01,0.5,2,1.92827,-3.08059,14.4983,-0.817861,15.5613,-0.941977,15.675,-3.08059,14.4983,-0.461567,13.3707,-0.0310367,2,3.33333,0.219241,0,0.0997015,1
-1.38881,15.4022,2.30333,0.5,2,1.91526,-2.7672,14.0724,-0.967976,15.8082,-0.941977,15.675,-2.7672,14.0724,0.0910224,13.757,-0.0235135,2,3.33333,0.0655149,0,0.114832,1
-1.46673,15.4641,2.63667,0.5,2,1.89666,-2.82947,14.1449,-1.03323,15.8838,-0.941977,15.675,-2.82947,14.1449,0.0441578,13.7303,-0.065526,2,-3.33333,-0.37406,0,0.112315,1
-1.54738,15.5225,2.35,0.5,2,1.85974,-3.20962,14.6885,-0.975109,15.8096,-0.941977,15.675,-3.20962,14.6885,-0.555975,13.3616,-0.140263,1,-3.33333,-0.747525,0,0.0999797,1
-1.60461,15.6039,2.01667,0.5,2,1.83083,-3.21287,14.729,-1.01679,15.9237,-1.01679,15.9237,-3.21287,14.729,-3.08012,14.4283,-0.169166,2,-3.33333,-0.250198,0,0.11552,1
-1.63204,15.6996,1.68333,0.5,2,1.83874,-3.18371,14.7131,-1.07401,16.0544,-1.01679,15.9237,-3.18371,14.7131,-3.03707,14.4145,-0.161263,1,-3.33333,0.0709707,0,0.111362,1
-1.62665,15.799,1.35,0.5,2,1.88294,-3.14321,14.683,-1.12966,16.1647,-1.01679,15.9237,-3.14321,14.683,-2.98395,14.3762,-0.117059,1,3.33333,0.439862,0,0.100494,1
-1.6168,15.8981,1.63667,0.5,2,1.94192,-2.65235,14.2553,-1.31919,16.3702,-1.01679,15.9237,-2.65235,14.2553,-2.38725,14.0126,-0.0580815,1,3.33333,0.526558,0,0.112006,1
-1.63973,15.9949,1.97,0.5,2,1.99535,-2.70087,14.3051,-1.37136,16.4223,-1.01679,15.9237,-2.70087,14.3051,-2.43103,14.0489,-0.00464749,1,3.33333,0.466127,0,0.114634,1
-1.6931,16.079,2.30333,0.5,2,2.02606,-2.76762,14.3613,-1.44175,16.4807,-1.01679,15.9237,-2.76762,14.3613,-3.15092,14.5172,0.0260634,1,3.33333,0.310824,0,0.0988049,1
-1.77102,16.1409,2.63667,0.5,2,2.02989,-2.8446,14.4181,-1.52239,16.5399,-1.01679,15.9237,-2.8446,14.4181,-3.22999,14.5725,0.0298886,1,3.33333,0.0336709,0,0.113605,1
-1.86492,16.1739,2.97,0.5,2,1.99862,-2.94852,14.4945,-1.59309,16.5952,-1.01679,15.9237,-2.94852,14.4945,-2.68678,14.2218,-0.00137544,1,-3.33333,-0.312865,0,0.0999283,1
-1.95945,16.2051,2.65667,0.5,2,1.94853,-3.51119,15.0266,-1.52028,16.5386,-1.01679,15.9237,-3.51119,15.0266,-3.32913,14.7252,-0.0514724,1,-3.33333,-0.417277,0,0.120057,1
-2.0386,16.2655,2.32333,0.5,2,1.9072,-3.49709,15.0366,-1.58527,16.6474,-1.01679,15.9237,-3.49709,15.0366,-3.30513,14.7498,-0.0928012,1,-3.33333,-0.374879,0,0.110246,1
-2.09363,16.3484,1.99,0.5,2,1.90259,-3.46182,15.0263,-1.66403,16.7635,-1.01679,15.9237,-3.46182,15.0263,-3.25985,14.7422,-0.0974094,1,-3.33333,-0.0475382,0,0.0969359,1
-2.11851,16.4448,1.65667,0.5,2,1.93453,-3.41497,15.009,-1.73955,16.8645,-1.01679,15.9237,-3.41497,15.009,-3.1973,14.7237,-0.0654677,1,3.33333,0.282123,0,0.113219,1
-2.13962,16.5421,1.95,0.5,2,1.98409,-2.79452,14.6692,-1.96933,17.0291,-1.01679,15.9237,-2.79452,14.6692,-3.19368,14.7363,-0.0159062,1,3.33333,0.437523,0,0.113277,1
-2.1913,16.6271,2.28333,0.5,2,2.03126,-2.82488,14.6972,-2.04509,17.0725,-1.01679,15.9237,-2.82488,14.6972,-3.22579,14.7742,0.0312626,1,3.33333,0.469704,0,0.100422,1
-2.26796,16.6906,2.61667,0.5,2,2.057,-2.90622,14.7351,-2.13051,17.1118,-1.01679,15.9237,-2.90622,14.7351,-3.31531,14.8071,0.0570045,1,3.33333,0.222958,0,0.115456,1
-2.36118,16.7255,2.95,0.5,2,2.04746,-3.0607,14.8013,-2.20657,17.1508,-1.01679,15.9237,-3.0607,14.8013,-2.73281,14.6131,0.0474575,1,3.33333,-0.0842747,0,0.113284,1
-2.46069,16.728,-2.99985,0.5,2,2.00124,-3.20645,14.8709,-2.27483,17.1908,-1.01679,15.9237,-3.20645,14.8709,-2.88627,14.7048,0.00124311,1,-3.33333,-0.471228,0,0.0980721,1
-2.56023,16.726,2.99667,0.5,2,1.9361,-3.81258,15.2495,-2.19548,17.1561,-1.01679,15.9237,-3.81258,15.2495,-3.57715,14.986,-0.0639017,1,-3.33333,-0.541373,0,0.120333,1
-2.65498,16.7565,2.66333,0.5,2,1.88191,-3.82398,15.2817,-2.27103,17.2409,-1.01679,15.9237,-3.82398,15.2817,-3.58893,15.0294,-0.118086,1,-3.33333,-0.53726,0,0.100853,1
-2.73452,16.8164,2.33,0.5,2,1.86367,-3.76317,15.2623,-2.3833,17.347,-1.01679,15.9237,-3.76317,15.2623,-4.10344,15.4234,-0.136332,1,-3.33333,-0.163424,0,0.111648,1
-2.79011,16.8989,1.99667,0.5,2,1.88258,-3.71998,15.262,-2.48514,17.4358,-1.01679,15.9237,-3.71998,15.262,-4.07609,15.3985,-0.117424,1,-3.33333,0.172844,0,0.109394,1
-2.81562,16.9951,1.66333,0.5,2,1.93188,-3.65334,15.2543,-2.56926,17.5071,-1.01679,15.9237,-3.65334,15.2543,-4.0114,15.3908,-0.0681248,1,3.33333,0.494355,0,0.099724,1
-2.83739,17.0923,1.95667,0.5,2,1.99346,-3.042,15.1094,-2.78539,17.5962,-1.01679,15.9237,-3.042,15.1094,-2.68644,14.9909,-0.00653839,1,3.33333,0.537005,0,0.114685,1
-2.88963,17.177,2.29,0.5,2,2.05381,-3.13255,15.1376,-2.83685,17.6201,-1.01679,15.9237,-3.13255,15.1376,-2.76959,15.0349,0.0538092,1,3.33333,0.528931,0,0.114093,1
-2.96672,17.24,2.62333,0.5,2,2.09381,-3.24705,15.165,-2.91233,17.6425,-1.01679,15.9237,-3.24705,15.165,-2.87898,15.061,0.0938115,1,3.33333,0.40025,0,0.0999433,1
-3.06016,17.2743,2.95667,0.5,2,2.10143,-3.33793,15.1913,-3.00748,17.6693,-1.01679,15.9237,-3.33793,15.1913,-2.9684,15.0888,0.101433,1,3.33333,0.0666774,0,0.114305,1
-3.15969,17.2761,-2.99319,0.5,2,2.07379,-3.43026,15.22,-3.10408,17.6986,-1.01679,15.9237,-3.43026,15.22,-3.06466,15.1021,0.0737936,1,-3.33333,-0.24312,0,0.113686,1
-3.2592,17.2728,3.01,0.5,2,2.02973,-4.1343,15.4414,-3.05645,17.6971,-1.01679,15.9237,-4.1343,15.4414,-3.83184,15.2135,0.0297327,1,-3.33333,-0.451186,0,0.0976559,1
-3.35434,17.302,2.67667,0.5,2,1.99672,-4.12291,15.4592,-3.16062,17.7666,-1.01679,15.9237,-4.12291,15.4592,-4.52122,15.5483,-0.00328445,1,-3.33333,-0.290925,0,0.11349,1
-3.43468,17.3608,2.34333,0.5,2,2.00262,-4.07797,15.4643,-3.27491,17.8318,-1.01679,15.9237,-4.07797,15.4643,-4.47153,15.5458,0.00261974,1,3.33333,0.0515353,0,0.114566,1
-3.5123,17.4232,2.63,0.5,2,2.02669,-3.55872,15.397,-3.50146,17.8963,-1.01679,15.9237,-3.55872,15.397,-3.19033,15.3161,0.0266893,1,3.33333,0.238771,0,0.100806,1
-3.60598,17.4568,2.96333,0.5,2,2.0404,-3.68479,15.4179,-3.58823,17.9161,-1.01679,15.9237,-3.68479,15.4179,-3.31898,15.3579,0.0403988,1,3.33333,0.119653,0,0.114577,1
-3.70551,17.458,-2.98652,0.5,2,2.01964,-3.78005,15.4397,-3.68778,17.938,-1.01679,15.9237,-3.78005,15.4397,-3.417,15.3748,0.0196378,1,-3.33333,-0.208407,0,0.0996179,1
-3.805,17.454,3.01667,0.5,2,1.98283,-4.4883,15.5927,-3.62678,17.9395,-1.01679,15.9237,-4.4883,15.5927,-4.17008,15.4164,-0.0171707,1,-3.33333,-0.326799,0,0.112633,1
-3.90034,17.4826,2.68333,0.5,2,1.96105,-4.44931,15.6,-3.74946,18,-1.01679,15.9237,-4.44931,15.6,-4.12587,15.4255,-0.0389459,1,-3.33333,-0.188066,0,0.115785,1
-3.98106,17.5409,2.35,0.5,2,1.97754,-4.37042,15.602,-3.8782,18.0531,-1.01679,15.9237,-4.37042,15.602,-4.76386,15.6374,-0.0224587,1,3.33333,0.167118,0,0.0986564,1
-4.05872,17.6032,2.63,0.5,2,2.01374,-3.82421,15.6031,-4.11535,18.0861,-1.01679,15.9237,-3.82421,15.6031,-3.448,15.5659,0.0137422,1,3.33333,0.321596,0,0.112566,1
-4.1524,17.6368,2.96333,0.5,2,2.03949,-3.98222,15.6045,-4.19082,18.0957,-1.01679,15.9237,-3.98222,15.6045,-3.6148,15.6002,0.0394883,1,3.33333,0.221404,0,0.116286,1
-4.25193,17.638,-2.98652,0.5,2,2.03034,-4.07904,15.615,-4.29192,18.106,-1.01679,15.9237,-4.07904,15.615,-3.71062,15.6014,0.0303371,1,-3.33333,-0.0935743,0,0.0977963,1
-4.35145,17.6353,3.00333,0.5,2,2.00554,-4.76575,15.673,-4.2493,18.1191,-1.01679,15.9237,-4.76575,15.673,-4.4218,15.5386,0.0055418,1,-3.33333,-0.219156,0,0.11314,1
-4.44639,17.6652,2.67,0.5,2,1.99982,-4.72542,15.6849,-4.37661,18.1605,-1.01679,15.9237,-4.72542,15.6849,-4.37369,15.5618,-0.00018084,1,-3.33333,-0.0571446,0,0.100143,1
-4.52634,17.7245,2.33667,0.5,2,2.02915,-4.67209,15.7006,-4.49252,18.1941,-1.01679,15.9237,-4.67209,15.7006,-5.08614,15.6525,0.0291481,1,3.33333,0.250402,0,0.117128,1
-4.60316,17.7878,2.61667,0.5,2,2.07777,-4.03311,15.7898,-4.719,18.1938,-1.01679,15.9237,-4.03311,15.7898,-4.4176,15.6338,0.0777664,1,3.33333,0.429524,0,0.113191,1
-4.69638,17.8227,2.95,0.5,2,2.11778,-4.18324,15.768,-4.78899,18.1935,-1.01679,15.9237,-4.18324,15.768,-3.78644,15.7811,0.117785,1,3.33333,0.399381,0,0.100202,1
-4.79589,17.8252,-2.99985,0.5,2,2.12403,-4.34989,15.7485,-4.87483,18.1928,-1.01679,15.9237,-4.34989,15.7485,-3.9717,15.7976,0.124032,1,3.33333,0.0536667,0,0.116409,1
-4.89073,17.795,-2.66652,0.5,2,2.10114,-4.41023,15.7495,-4.98194,18.1833,-1.01679,15.9237,-4.41023,15.7495,-4.02648,15.7804,0.101141,1,3.33333,-0.196171,0,0.116691,1
-4.97046,17.7354,-2.33319,0.5,2,2.04882,-4.46378,15.7502,-5.08204,18.1726,-1.01679,15.9237,-4.46378,15.7502,-4.08548,15.777,0.0488188,1,-3.33333,-0.542219,0,0.0964958,1
-5.04745,17.6723,-2.61985,0.5,2,1.98456,-5.05114,15.6877,-5.04649,18.1877,-1.01679,15.9237,-5.05114,15.6877,-5.44741,15.6349,-0.0154414,1,-3.33333,-0.572582,0,0.112229,1
-5.14078,17.6377,-2.95319,0.5,2,1.93112,-5.01297,15.7108,-5.17843,18.2053,-1.01679,15.9237,-5.01297,15.7108,-5.39213,15.6495,-0.0688771,1,-3.33333,-0.460169,0,0.116122,1
-5.24029,17.6355,2.99667,0.5,2,1.91677,-5.05005,15.7282,-5.29818,18.2159,-1.01679,15.9237,-5.05005,15.7282,-4.69847,15.7074,-0.0832334,1,-3.33333,-0.145739,0,0.0985064,1
-5.33504,17.666,2.66333,0.5,2,1.9386,-5.07873,15.7444,-5.40926,18.2225,-1.01679,15.9237,-5.07873,15.7444,-4.73175,15.7639,-0.0614005,1,3.33333,0.193775,0,0.112671,1
-5.42854,17.7002,2.95667,0.5,2,1.97979,-4.42658,15.9927,-5.69182,18.1489,-1.01679,15.9237,-4.42658,15.9927,-4.09154,16.1295,-0.0202134,1,3.33333,0.410862,0,0.100246,1
-5.52807,17.702,-2.99319,0.5,2,2.01462,-4.47534,15.9843,-5.7817,18.1159,-1.01679,15.9237,-4.47534,15.9843,-4.12893,16.1207,0.0146177,1,3.33333,0.286737,0,0.121474,1
-5.6227,17.6712,-2.65985,0.5,2,2.02347,-4.53247,15.9665,-5.87945,18.0726,-1.01679,15.9237,-4.53247,15.9665,-4.84155,15.6984,0.0234747,1,3.33333,0.0793028,0,0.111686,1
-5.70204,17.6111,-2.32652,0.5,2,2.0079,-4.61729,15.9214,-5.96789,18.0252,-1.01679,15.9237,-4.61729,15.9214,-4.92115,15.6488,0.00789952,1,-3.33333,-0.155391,0,0.100232,1
-5.77861,17.5474,-2.61319,0.5,2,1.97444,-5.22526,15.6521,-5.9259,18.0519,-1.01679,15.9237,-5.22526,15.6521,-4.86533,15.6975,-0.0255615,1,-3.33333,-0.290339,0,0.115248,1
-5.8717,17.5122,-2.94652,0.5,2,1.95044,-5.19896,15.6814,-6.06125,18.028,-1.01679,15.9237,-5.19896,15.6814,-4.85323,15.7606,-0.049556,1,-3.33333,-0.207952,0,0.115385,1
-5.9712,17.5094,3.00333,0.5,2,1.96587,-5.16916,15.7145,-6.18912,17.997,-1.01679,15.9237,-5.16916,15.7145,-4.81872,15.8058,-0.0341334,1,3.33333,0.153948,0,0.10018,1
-6.07072,17.5128,-3.01319,0.5,2,2.00746,-4.59406,16.1529,-6.43303,17.8465,-1.01679,15.9237,-4.59406,16.1529,-4.29828,16.3774,0.00746036,1,3.33333,0.37146,0,0.111974,1
-6.16596,17.4839,-2.67985,0.5,2,2.04753,-4.58704,16.1803,-6.51487,17.772,-1.01679,15.9237,-4.58704,16.1803,-4.79792,15.8217,0.047533,1,3.33333,0.354516,0,0.113035,1
-6.24648,17.4254,-2.34652,0.5,2,2.06595,-4.6511,16.1128,-6.58167,17.7012,-1.01679,15.9237,-4.6511,16.1128,-4.86797,15.7563,0.065948,1,3.33333,0.184141,0,0.100005,1
-6.30342,17.3437,-2.01319,0.5,2,2.05116,-4.74017,16.0158,-6.6455,17.6343,-1.01679,15.9237,-4.74017,16.0158,-4.44034,16.253,0.0511568,1,-3.33333,-0.13163,0,0.11237,1
-6.35665,17.2596,-2.29985,0.5,2,2.01641,-5.28132,15.5538,-6.61454,17.6687,-1.01679,15.9237,-5.28132,15.5538,-4.94138,15.7003,0.0164137,1,-3.33333,-0.294857,0,0.11783,1
-6.43435,17.1974,-2.63319,0.5,2,1.99486,-5.23022,15.6069,-6.73927,17.6001,-1.01679,15.9237,-5.23022,15.6069,-4.89836,15.7715,-0.00514376,1,-3.33333,-0.220034,0,0.0979732,1
-6.52814,17.164,-2.96652,0.5,2,2.01344,-5.20638,15.6452,-6.84754,17.5311,-1.01679,15.9237,-5.20638,15.6452,-4.87677,15.8283,0.0134447,1,3.33333,0.163603,0,0.113619,1
-6.62371,17.1361,-2.69319,0.5,2,2.0538,-4.7988,16.1939,-7.02018,17.3408,-1.01679,15.9237,-4.7988,16.1939,-4.93935,15.8055,0.0538027,1,3.33333,0.400469,0,0.100777,1
-6.70501,17.0787,-2.35985,0.5,2,2.09407,-4.85966,16.0888,-7.06272,17.2705,-1.01679,15.9237,-4.85966,16.0888,-4.6109,16.3898,0.0940721,1,3.33333,0.360679,0,0.111649,1
-6.76303,16.9978,-2.02652,0.5,2,2.10295,-4.92574,15.9747,-7.10993,17.191,-1.01679,15.9237,-4.92574,15.9747,-4.69936,16.2827,0.102946,1,3.33333,0.0761541,0,0.116526,1
-6.79141,16.9024,-1.69319,0.5,2,2.07856,-4.95636,15.9261,-7.16347,17.1003,-1.01679,15.9237,-4.95636,15.9261,-4.71384,16.2268,0.0785623,1,-3.33333,-0.244444,0,0.0997519,1
-6.81487,16.8056,-1.97319,0.5,2,2.03088,-5.4574,15.2951,-7.12843,17.1545,-1.01679,15.9237,-5.4574,15.2951,-5.13941,15.494,0.030885,1,-3.33333,-0.424517,0,0.112309,1
-6.8685,16.7218,-2.30652,0.5,2,2.00163,-5.45694,15.3026,-7.21996,17.0751,-1.01679,15.9237,-5.45694,15.3026,-5.69018,14.9647,0.00162625,1,-3.33333,-0.256313,0,0.114153,1
-6.94662,16.6601,-2.63985,0.5,2,2.00899,-5.41335,15.3619,-7.32136,16.9773,-1.01679,15.9237,-5.41335,15.3619,-5.63872,15.0303,0.00898933,1,3.33333,0.0736117,0,0.100026,1
-7.02745,16.602,-2.35319,0.5,2,2.03659,-5.16446,15.7792,-7.45137,16.7892,-1.01679,15.9237,-5.16446,15.7792,-4.97916,16.0978,0.0365856,1,3.33333,0.244107,0,0.11305,1
-7.08494,16.5207,-2.01985,0.5,2,2.05563,-5.2031,15.6935,-7.49175,16.6995,-1.01679,15.9237,-5.2031,15.6935,-5.01618,16.0153,0.0556264,1,3.33333,0.165063,0,0.115355,1
-7.11268,16.4251,-1.68652,0.5,2,2.04378,-5.21282,15.6717,-7.53677,16.5933,-1.01679,15.9237,-5.21282,15.6717,-5.30531,15.2679,0.0437794,1,-3.33333,-0.117731,0,0.100628,1
-7.1349,16.328,-1.95985,0.5,2,2.01571,-5.59739,15.0245,-7.5043,16.6412,-1.01679,15.9237,-5.59739,15.0245,-5.81748,14.6841,0.0157123,1,-3.33333,-0.248425,0,0.11298,1
-7.18741,16.2435,-2.29319,0.5,2,2.00288,-5.5751,15.0552,-7.58759,16.5384,-1.01679,15.9237,-5.5751,15.0552,-5.79102,14.7254,0.00287914,1,-3.33333,-0.123979,0,0.10351,1
-7.2647,16.1808,-2.62652,0.5,2,2.02727,-5.59374,15.0328,-7.65434,16.4484,-1.01679,15.9237,-5.59374,15.0328,-5.79328,14.684,0.0272748,1,3.33333,0.21753,0,0.112149,1
-7.34584,16.123,-2.35985,0.5,2,2.07032,-5.34804,15.5799,-7.76047,16.2357,-1.01679,15.9237,-5.34804,15.5799,-5.42651,15.1782,0.0703232,1,3.33333,0.370924,0,0.116057,1
-7.40387,16.0421,-2.02652,0.5,2,2.10717,-5.36956,15.4928,-7.78312,16.1446,-1.01679,15.9237,-5.36956,15.4928,-5.45838,15.0886,0.107169,1,3.33333,0.368947,0,0.0998664,1
-7.43224,15.9467,-1.69319,0.5,2,2.11268,-5.38243,15.4352,-7.80804,16.0405,-7.80804,16.0405,-5.38243,15.4352,-5.48779,15.0395,0.112677,2,3.33333,0.0487311,0,0.113027,1
-7.42784,15.8473,-1.35985,0.5,2,2.08477,-5.42296,15.2757,-7.82715,15.9612,-7.80804,16.0405,-5.42296,15.2757,-5.53754,14.8877,0.0847733,1,-3.33333,-0.246864,0,0.113031,1
-7.41896,15.7481,-1.64652,0.5,2,2.04014,-5.71455,14.6269,-7.80314,16.0009,-7.80314,16.0009,-5.71455,14.6269,-5.93487,14.2979,0.0401385,2,-3.33333,-0.445636,0,0.10016,1
-7.44285,15.6515,-1.97985,0.5,2,2.00684,-5.74912,14.5751,-7.85907,15.916,-7.80314,16.0009,-5.74912,14.5751,-5.56259,14.8751,0.00683784,1,-3.33333,-0.293373,0,0.113509,1
-7.49704,15.568,-2.31319,0.5,2,2.01024,-5.7656,14.5467,-7.91888,15.8169,-7.91888,15.8169,-5.7656,14.5467,-5.58767,14.8528,0.0102372,2,3.33333,0.0286367,0,0.118707,1
-7.55595,15.4877,-2.03985,0.5,2,2.03335,-5.56611,15.0693,-8.01261,15.5838,-7.91888,15.8169,-5.56611,15.0693,-5.49657,15.4203,0.0333509,1,3.33333,0.233107,0,0.0991548,1
-7.58559,15.3927,-1.70652,0.5,2,2.04454,-5.59168,14.9406,-8.02978,15.4934,-8.02978,15.4934,-5.59168,14.9406,-5.51091,15.2921,0.0445385,2,3.33333,0.0983645,0,0.113736,1
-7.58251,15.2932,-1.37319,0.5,2,2.0206,-5.62785,14.7812,-8.04627,15.4147,-8.02978,15.4934,-5.62785,14.7812,-5.53744,15.1259,0.0205986,1,-3.33333,-0.239164,0,0.100098,1
-7.57434,15.194,-1.65319,0.5,2,1.97935,-5.89066,14.1533,-8.01721,15.4677,-8.01721,15.4677,-5.89066,14.1533,-6.09673,13.8295,-0.0206475,2,-3.33333,-0.358819,0,0.11495,1
-7.59888,15.0975,-1.98652,0.5,2,1.94938,-5.92477,14.0988,-8.07174,15.3796,-8.01721,15.4677,-5.92477,14.0988,-5.74763,14.3936,-0.0506196,1,-3.33333,-0.24764,0,0.121031,1
-7.65362,15.0144,-2.31985,0.5,2,1.95603,-5.94148,14.0685,-8.12977,15.2774,-8.12977,15.2774,-5.94148,14.0685,-5.77491,14.3705,-0.0439687,2,-3.33333,0.0709931,0,0.0936841,1
-7.73256,14.9538,-2.65319,0.5,2,1.99596,-5.95441,14.0471,-8.1816,15.1827,-8.12977,15.2774,-5.95441,14.0471,-5.79486,14.3607,-0.00404358,1,3.33333,0.348158,0,0.114675,1
-7.81487,14.8977,-2.37985,0.5,2,2.05207,-5.79622,14.5288,-8.25549,14.9782,-8.25549,14.9782,-5.79622,14.5288,-5.73458,14.8848,0.0520747,2,3.33333,0.492636,0,0.113914,1
-7.8745,14.818,-2.04652,0.5,2,2.09915,-5.8232,14.3724,-8.26622,14.9031,-8.25549,14.9782,-5.8232,14.3724,-5.75038,14.7343,0.0991457,1,3.33333,0.46869,0,0.100431,1
-7.90478,14.7232,-1.71319,0.5,2,2.11028,-5.8586,14.207,-8.28266,14.8185,-8.28266,14.8185,-5.8586,14.207,-5.77107,14.5681,0.110282,2,3.33333,0.0994431,0,0.111984,1
-7.90236,14.6237,-1.37985,0.5,2,2.08601,-5.88799,14.0817,-8.30213,14.7313,-8.28266,14.8185,-5.88799,14.0817,-5.79108,14.4368,0.0860107,1,3.33333,-0.207966,0,0.116707,1
-7.86752,14.5305,-1.04652,0.5,2,2.03096,-5.9249,13.938,-8.31615,14.6673,-8.31615,14.6673,-5.9249,13.938,-5.82129,14.2806,0.0309606,2,-3.33333,-0.553885,0,0.0993891,1
-7.82682,14.4396,-1.31319,0.5,2,1.96179,-6.20504,13.3357,-8.27175,14.7424,-8.31615,14.6673,-6.20504,13.3357,-6.01018,13.6216,-0.0382087,1,-3.33333,-0.609179,0,0.113545,1
-7.81778,14.3404,-1.64652,0.5,2,1.89802,-6.21415,13.3251,-8.3264,14.6625,-8.3264,14.6625,-6.21415,13.3251,-6.03178,13.6065,-0.101984,2,-3.33333,-0.56294,0,0.113289,1
-7.84168,14.2438,-1.97985,0.5,2,1.87049,-6.18159,13.3819,-8.40037,14.5339,-8.3264,14.6625,-6.18159,13.3819,-6.0115,13.669,-0.129509,1,-3.33333,-0.27996,0,0.0983185,1
-7.89587,14.1603,-2.31319,0.5,2,1.8855,-6.16722,13.4074,-8.45925,14.4057,-8.45925,14.4057,-6.16722,13.4074,-6.00757,13.7057,-0.114499,2,-3.33333,0.127656,0,0.117579,1
-7.9744,14.0992,-2.64652,0.5,2,1.93532,-6.17541,13.3856,-8.49929,14.3073,-8.45925,14.4057,-6.17541,13.3856,-6.03219,13.6993,-0.0646755,1,3.33333,0.500158,0,0.0996161,1
-8.05598,14.0421,-2.36652,0.5,2,2.00151,-6.05651,13.9516,-8.55395,14.0646,-8.45925,14.4057,-6.05651,13.9516,-6.00824,14.3083,0.00151372,1,3.33333,0.588335,0,0.112503,1
-8.11454,13.9616,-2.03319,0.5,2,2.06209,-6.05315,13.9079,-8.5523,13.973,-8.45925,14.4057,-6.05315,13.9079,-5.98964,14.2794,0.062093,1,3.33333,0.517388,0,0.117087,1
-8.14355,13.8664,-1.69985,0.5,2,2.09379,-6.05038,13.8154,-8.54964,13.8763,-8.45925,14.4057,-6.05038,13.8154,-5.98126,14.1936,0.0937932,1,3.33333,0.318396,0,0.099562,1
-8.13981,13.7669,-1.36652,0.5,2,2.09545,-6.04438,13.7561,-8.54435,13.769,-8.45925,14.4057,-6.04438,13.7561,-5.96766,14.1384,0.0954545,1,3.33333,0.0144032,0,0.115343,1
-8.10373,13.6741,-1.03319,0.5,2,2.07094,-6.0328,13.667,-8.53278,13.6756,-8.45925,14.4057,-6.0328,13.667,-5.95465,14.0454,0.0709407,1,-3.33333,-0.215326,0,0.113844,1
-8.06182,13.5838,-1.29985,0.5,2,2.0293,-6.12619,12.9744,-8.5108,13.7251,-8.45925,14.4057,-6.12619,12.9744,-5.98396,13.3111,0.0293021,1,-3.33333,-0.413076,0,0.100801,1
-8.05146,13.4848,-1.63319,0.5,2,1.99717,-6.1022,13.05,-8.54223,13.5943,-8.45925,14.4057,-6.1022,13.05,-5.97174,13.3913,-0.00282645,1,-3.33333,-0.278793,0,0.115242,1
-8.07406,13.3879,-1.96652,0.5,2,2.00819,-6.08884,13.085,-8.56025,13.462,-8.45925,14.4057,-6.08884,13.085,-5.97422,13.4365,0.00819492,1,3.33333,0.0971137,0,0.113489,1
-8.10334,13.2927,-1.70652,0.5,2,2.04883,-6.1361,13.8651,-8.53654,13.1666,-8.45925,14.4057,-6.1361,13.8651,-5.94519,13.49,0.048831,1,3.33333,0.40738,0,0.0997497,1
-8.10026,13.1932,-1.37319,0.5,2,2.08726,-6.14292,13.9181,-8.48731,13.0498,-8.45925,14.4057,-6.14292,13.9181,-5.9606,13.5444,0.0872641,1,3.33333,0.328397,0,0.117032,1
-8.0648,13.1002,-1.03985,0.5,2,2.09822,-6.06282,13.7283,-8.44815,12.9799,-8.45925,14.4057,-6.06282,13.7283,-6.12582,14.1061,0.0982232,1,3.33333,0.109468,0,0.100113,1
-8.00086,13.0239,-0.706519,0.5,2,2.07704,-6.02016,13.6491,-8.4042,12.8966,-8.45925,14.4057,-6.02016,13.6491,-6.09437,14.0172,0.0770411,1,3.33333,-0.189836,0,0.111581,1
-7.91547,12.9727,-0.373186,0.5,2,2.02747,-5.9941,13.62,-8.36327,12.8219,-8.45925,14.4057,-5.9941,13.62,-6.04608,13.9927,0.0274746,1,-3.33333,-0.438381,0,0.113067,1
-7.82756,12.926,-0.653186,0.5,2,1.96417,-5.864,12.8771,-8.36322,12.9393,-8.45925,14.4057,-5.864,12.8771,-5.78026,13.2347,-0.0358293,1,-3.33333,-0.632789,0,0.10004,1
-7.75964,12.8532,-0.986519,0.5,2,1.90929,-5.85041,12.8691,-8.35033,12.8483,-8.45925,14.4057,-5.85041,12.8691,-5.78534,12.4865,-0.0907067,1,-3.33333,-0.484311,0,0.11331,1
-7.71927,12.7622,-1.31985,0.5,2,1.88236,-5.8452,12.9387,-8.33419,12.7043,-8.45925,14.4057,-5.8452,12.9387,-5.77132,12.5705,-0.117639,1,-3.33333,-0.234664,0,0.114771,1
-7.71089,12.6631,-1.65319,0.5,2,1.89317,-5.83298,12.9029,-8.31283,12.5862,-8.45925,14.4057,-5.83298,12.9029,-5.83228,13.2474,-0.10683,1,-3.33333,0.107959,0,0.100124,1
-7.73543,12.5666,-1.98652,0.5,2,1.94052,-5.82546,12.9096,-8.2861,12.4677,-8.45925,14.4057,-5.82546,12.9096,-5.84865,13.2601,-0.0594795,1,3.33333,0.417638,0,0.113377,1
-7.76546,12.4716,-1.71319,0.5,2,2.01557,-6.11121,13.6232,-8.16305,12.1949,-8.45925,14.4057,-6.11121,13.6232,-6.26528,13.9635,0.0155668,1,3.33333,0.64141,0,0.117002,1
-7.76304,12.3721,-1.37985,0.5,2,2.08532,-6.09632,13.6254,-8.09448,12.1229,-8.45925,14.4057,-6.09632,13.6254,-6.2697,13.9702,0.0853209,1,3.33333,0.729875,0,0.0955699,1
-7.7282,12.2789,-1.04652,0.5,2,2.13568,-6.04615,13.5949,-8.01514,12.0544,-8.45925,14.4057,-6.04615,13.5949,-5.71709,13.3053,0.135681,1,3.33333,0.433045,0,0.116292,1
-7.66477,12.2022,-0.713186,0.5,2,2.15555,-5.99285,13.5627,-7.93194,11.9848,-8.45925,14.4057,-5.99285,13.5627,-5.67814,13.2646,0.155545,1,3.33333,0.197874,0,0.100391,1
-7.57973,12.1505,-0.379853,0.5,2,2.14142,-5.87484,13.4462,-7.86522,11.9335,-8.45925,14.4057,-5.87484,13.4462,-6.05109,13.8033,0.141415,1,3.33333,-0.12595,0,0.112188,1
-7.48245,12.1294,-0.0465193,0.5,2,2.09567,-5.79423,13.3711,-7.80816,11.8898,-8.45925,14.4057,-5.79423,13.3711,-5.97749,13.7061,0.0956726,1,-3.33333,-0.401362,0,0.113969,1
-7.38418,12.1133,-0.326519,0.5,2,2.03957,-5.44767,12.7535,-7.82135,11.9688,-8.45925,14.4057,-5.44767,12.7535,-5.52118,13.1161,0.039571,1,-3.33333,-0.564893,0,0.0993136,1
-7.29651,12.0662,-0.659853,0.5,2,1.99434,-5.44992,12.8195,-7.76471,11.8752,-8.45925,14.4057,-5.44992,12.8195,-5.53137,13.1775,-0.00566447,1,-3.33333,-0.388378,0,0.116473,1
-7.22908,11.993,-0.993186,0.5,2,1.98169,-5.46487,12.8956,-7.69051,11.7569,-8.45925,14.4057,-5.46487,12.8956,-5.22938,12.57,-0.0183126,1,-3.33333,-0.109464,0,0.115545,1
-7.18931,11.9017,-1.32652,0.5,2,2.00423,-5.48955,12.9637,-7.60977,11.6391,-8.45925,14.4057,-5.48955,12.9637,-5.23514,12.6517,0.00422835,1,3.33333,0.224796,0,0.100273,1
-7.15539,11.8081,-1.05985,0.5,2,2.05158,-5.81688,13.3629,-7.44796,11.4683,-8.45925,14.4057,-5.81688,13.3629,-6.05133,13.6657,0.0515785,1,3.33333,0.419093,0,0.112982,1
-7.09299,11.7306,-0.726519,0.5,2,2.09171,-5.70352,13.2941,-7.36421,11.4254,-8.45925,14.4057,-5.70352,13.2941,-5.9513,13.5844,0.0917068,1,3.33333,0.356209,0,0.112654,1
-7.00865,11.6777,-0.393186,0.5,2,2.10034,-5.6438,13.2742,-7.26835,11.3739,-8.45925,14.4057,-5.6438,13.2742,-5.89379,13.5682,0.100345,1,3.33333,0.0851023,0,0.101503,1
-6.91165,11.6554,-0.0598526,0.5,2,2.07543,-5.56571,13.2352,-7.18699,11.3322,-8.45925,14.4057,-5.56571,13.2352,-5.80621,13.5373,0.0754292,1,-3.33333,-0.207393,0,0.120138,1
-6.8135,11.6386,-0.333186,0.5,2,2.037,-5.10338,12.7453,-7.2022,11.387,-8.45925,14.4057,-5.10338,12.7453,-5.23933,13.1019,0.037004,1,-3.33333,-0.391506,0,0.0981471,1
-6.72614,11.5909,-0.666519,0.5,2,2.01415,-5.11358,12.7977,-7.11511,11.2998,-8.45925,14.4057,-5.11358,12.7977,-4.82283,12.5114,0.0141537,1,-3.33333,-0.191244,0,0.119482,1
-6.6592,11.5172,-0.999853,0.5,2,2.02778,-5.09931,12.8128,-7.02246,11.2155,-8.45925,14.4057,-5.09931,12.8128,-4.78106,12.546,0.0277779,1,3.33333,0.122213,0,0.111479,1
-6.59656,11.4398,-0.726519,0.5,2,2.06009,-5.48584,13.1748,-6.83374,11.0693,-8.45925,14.4057,-5.48584,13.1748,-5.77907,13.4011,0.0600927,1,3.33333,0.327086,0,0.098796,1
-6.51222,11.3869,-0.393186,0.5,2,2.08301,-5.42298,13.1625,-6.73027,11.0315,-8.45925,14.4057,-5.42298,13.1625,-5.71701,13.4028,0.08301,1,3.33333,0.202609,0,0.113111,1
-6.41523,11.3646,-0.0598526,0.5,2,2.07582,-5.33279,13.1359,-6.63642,11.0026,-8.45925,14.4057,-5.33279,13.1359,-5.61966,13.3916,0.0758176,1,3.33333,-0.0619472,0,0.116105,1
-6.31626,11.3752,0.273481,0.5,2,2.03836,-5.2869,13.1346,-6.54938,10.9768,-8.45925,14.4057,-5.2869,13.1346,-4.8974,12.9885,0.0383632,1,-3.33333,-0.37787,0,0.0991197,1
-6.21793,11.3909,-0.00651927,0.5,2,1.98936,-4.77792,12.7634,-6.58756,11.0386,-8.45925,14.4057,-4.77792,12.7634,-4.97353,13.0804,-0.010636,1,-3.33333,-0.42788,0,0.114516,1
-6.11988,11.3737,-0.339853,0.5,2,1.95228,-4.82697,12.8365,-6.48261,10.9633,-8.45925,14.4057,-4.82697,12.8365,-4.51505,12.6064,-0.0477194,1,-3.33333,-0.322431,0,0.115012,1
-6.03284,11.3254,-0.673186,0.5,2,1.95243,-4.78908,12.8304,-6.38166,10.9033,-8.45925,14.4057,-4.78908,12.8304,-5.02197,13.107,-0.0475733,1,-3.33333,0.00147678,0,0.0988852,1
-5.96639,11.2513,-1.00652,0.5,2,1.98787,-4.7516,12.8248,-6.27936,10.8459,-8.45925,14.4057,-4.7516,12.8248,-5.00873,13.0778,-0.0121349,1,3.33333,0.312164,0,0.113525,1
-5.90381,11.1739,-0.726519,0.5,2,2.04358,-5.28498,13.1215,-6.04202,10.7389,-8.45925,14.4057,-5.28498,13.1215,-5.62061,13.2888,0.043576,1,3.33333,0.559061,0,0.0996508,1
-5.81946,11.121,-0.393186,0.5,2,2.09266,-5.22413,13.1272,-5.93534,10.7305,-8.45925,14.4057,-5.22413,13.1272,-4.79653,13.0837,0.0926623,1,3.33333,0.431032,0,0.113881,1
-5.72247,11.0987,-0.0598526,0.5,2,2.10784,-5.1263,13.1204,-5.83338,10.7225,-8.45925,14.4057,-5.1263,13.1204,-4.69377,13.0807,0.107843,1,3.33333,0.129086,0,0.117604,1
-5.6235,11.1093,0.273481,0.5,2,2.0943,-5.06978,13.1291,-5.73076,10.718,-8.45925,14.4057,-5.06978,13.1291,-4.65283,13.0706,0.0942991,1,3.33333,-0.135618,0,0.0998708,1
-5.53345,11.1517,0.606814,0.5,2,2.05332,-4.95948,13.1232,-5.65831,10.7228,-8.45925,14.4057,-4.95948,13.1232,-4.54431,13.0737,0.0533204,1,-3.33333,-0.366882,0,0.111695,1
-5.44622,11.1997,0.340147,0.5,2,2.00019,-4.31298,12.8479,-5.7294,10.7879,-8.45925,14.4057,-4.31298,12.8479,-4.57877,13.1022,0.000194311,1,-3.33333,-0.46944,0,0.113169,1
-5.34818,11.2169,0.00681406,0.5,2,1.94991,-4.29734,12.8595,-5.64463,10.7535,-8.45925,14.4057,-4.29734,12.8595,-4.57407,13.0757,-0.0500873,1,-3.33333,-0.50559,0,0.0994515,1
-5.24991,11.2011,-0.326519,0.5,2,1.9309,-4.3224,12.8946,-5.52328,10.7019,-8.45925,14.4057,-4.3224,12.8946,-4.60767,13.0976,-0.0690985,1,-3.33333,-0.162033,0,0.117328,1
-5.16224,11.154,-0.659853,0.5,2,1.95367,-4.37363,12.9414,-5.38276,10.6541,-8.45925,14.4057,-4.37363,12.9414,-4.67167,13.1501,-0.0463307,1,3.33333,0.197641,0,0.115198,1
-5.07768,11.1013,-0.393186,0.5,2,2.00094,-5.02432,13.1016,-5.09099,10.6025,-8.45925,14.4057,-5.02432,13.1016,-4.6213,13.1552,0.000935793,1,3.33333,0.47727,0,0.0990351,1
-4.98069,11.079,-0.0598526,0.5,2,2.04283,-4.96537,13.1218,-4.98411,10.6218,-8.45925,14.4057,-4.96537,13.1218,-5.34007,13.2105,0.0428259,1,3.33333,0.370039,0,0.113205,1
-4.88172,11.0896,0.273481,0.5,2,2.05503,-4.86985,13.1446,-4.88428,10.6446,-8.45925,14.4057,-4.86985,13.1446,-4.45661,13.2111,0.055032,1,3.33333,0.122556,0,0.0995956,1
-4.79166,11.132,0.606814,0.5,2,2.0364,-4.74787,13.1679,-4.80163,10.6685,-8.45925,14.4057,-4.74787,13.1679,-5.11782,13.2467,0.0364003,1,-3.33333,-0.164157,0,0.113499,1
-4.70388,11.179,0.326814,0.5,2,2.001,-4.04334,13.0678,-4.8686,10.708,-8.45925,14.4057,-4.04334,13.0678,-4.37193,13.2116,0.00100446,1,-3.33333,-0.300002,0,0.117985,1
-4.60561,11.1949,-0.00651927,0.5,2,1.97396,-4.11559,13.107,-4.7362,10.6853,-8.45925,14.4057,-4.11559,13.107,-4.44785,13.2576,-0.026044,1,-3.33333,-0.273619,0,0.0988546,1
-4.50756,11.1777,-0.339853,0.5,2,1.98399,-4.14695,13.1287,-4.60135,10.6703,-8.45925,14.4057,-4.14695,13.1287,-4.49042,13.2573,-0.0160074,1,3.33333,0.0892434,0,0.112463,1
-4.41049,11.1556,-0.0598526,0.5,2,2.02384,-4.85097,13.1309,-4.30686,10.6908,-8.45925,14.4057,-4.85097,13.1309,-4.46902,13.2903,0.0238447,1,3.33333,0.34211,0,0.116489,1
-4.31152,11.1662,0.273481,0.5,2,2.05683,-4.83239,13.156,-4.1993,10.7374,-8.45925,14.4057,-4.83239,13.156,-4.44863,13.3042,0.0568345,1,3.33333,0.330034,0,0.0999587,1
-4.22147,11.2086,0.606814,0.5,2,2.06175,-4.71214,13.2111,-4.11717,10.7829,-8.45925,14.4057,-4.71214,13.2111,-4.32692,13.3897,0.0617459,1,3.33333,0.0418255,0,0.117426,1
-4.15025,11.2781,0.940147,0.5,2,2.03475,-4.60335,13.2618,-4.04665,10.8246,-8.45925,14.4057,-4.60335,13.2618,-4.9838,13.2546,0.034755,1,-3.33333,-0.232936,0,0.115873,1
-4.08355,11.3521,0.673481,0.5,2,1.99076,-3.82672,13.3262,-4.14925,10.8471,-8.45925,14.4057,-3.82672,13.3262,-4.17622,13.4026,-0.00924361,1,-3.33333,-0.452953,0,0.0971372,1
-3.99653,11.4004,0.340147,0.5,2,1.95104,-3.84307,13.3454,-4.0397,10.8531,-8.45925,14.4057,-3.84307,13.3454,-4.18921,13.4056,-0.0489613,1,-3.33333,-0.346211,0,0.114721,1
-3.89848,11.4176,0.00681406,0.5,2,1.94328,-3.91172,13.3608,-3.89469,10.8609,-8.45925,14.4057,-3.91172,13.3608,-4.2668,13.4263,-0.0567193,1,-3.33333,-0.0666899,0,0.11633,1
-3.80021,11.4017,-0.326519,0.5,2,1.97697,-3.94816,13.3731,-3.76107,10.8802,-8.45925,14.4057,-3.94816,13.3731,-4.31366,13.4173,-0.0230256,1,3.33333,0.344871,0,0.0976993,1
-3.70298,11.3803,-0.0531859,0.5,2,2.03546,-4.62556,13.1946,-3.49243,10.9662,-8.45925,14.4057,-4.62556,13.1946,-4.99754,13.1012,0.0354633,1,3.33333,0.503827,0,0.116089,1
-3.60408,11.3915,0.280147,0.5,2,2.08997,-4.61895,13.2186,-3.40498,11.0331,-8.45925,14.4057,-4.61895,13.2186,-4.28091,13.4683,0.0899732,1,3.33333,0.549747,0,0.0991545,1
-3.51431,11.4345,0.613481,0.5,2,2.118,-4.51354,13.302,-3.3341,11.0977,-8.45925,14.4057,-4.51354,13.302,-4.17297,13.569,0.118002,1,3.33333,0.238425,0,0.117559,1
-3.44356,11.5046,0.946814,0.5,2,2.0974,-4.43625,13.3522,-3.25301,11.1499,-8.45925,14.4057,-4.43625,13.3522,-4.0985,13.614,0.0973997,1,3.33333,-0.182098,0,0.113139,1
-3.39961,11.5939,1.28015,0.5,2,2.03182,-4.33298,13.3986,-3.18454,11.178,-8.45925,14.4057,-4.33298,13.3986,-3.9972,13.6312,0.0318208,1,-3.33333,-0.649524,0,0.100965,1
-3.36193,11.6861,1.02015,0.5,2,1.95025,-3.51325,13.6304,-3.31928,11.138,-8.45925,14.4057,-3.51325,13.6304,-3.87226,13.6665,-0.0497452,1,-3.33333,-0.730693,0,0.111628,1
-3.2965,11.7611,0.686814,0.5,2,1.87614,-3.43885,13.6318,-3.24917,11.139,-8.45925,14.4057,-3.43885,13.6318,-3.78377,13.6655,-0.123864,1,-3.33333,-0.63971,0,0.115863,1
-3.21013,11.8105,0.353481,0.5,2,1.83005,-3.40945,13.6297,-3.13716,11.1446,-8.45925,14.4057,-3.40945,13.6297,-3.74154,13.6334,-0.169948,1,-3.33333,-0.46523,0,0.0990564,1
-3.11232,11.829,0.0201474,0.5,2,1.81985,-3.40185,13.6257,-3.00412,11.1575,-8.45925,14.4057,-3.40185,13.6257,-3.72948,13.6058,-0.180146,1,-3.33333,-0.0841153,0,0.121233,1
-3.01385,11.8145,-0.313186,0.5,2,1.84841,-3.4314,13.6151,-2.86666,11.1797,-8.45925,14.4057,-3.4314,13.6151,-3.77268,13.5974,-0.151589,1,-3.33333,0.237664,0,0.120156,1
-2.92555,11.7685,-0.646519,0.5,2,1.90849,-3.48218,13.5941,-2.75304,11.2027,-8.45925,14.4057,-3.48218,13.5941,-3.13161,13.7433,-0.0915065,1,3.33333,0.622638,0,0.0964961,1
-2.8397,11.7181,-0.366519,0.5,2,1.98194,-4.00465,13.3215,-2.53519,11.299,-8.45925,14.4057,-4.00465,13.3215,-3.72258,13.6115,-0.0180625,1,3.33333,0.647126,0,0.113493,1
-2.74214,11.6983,-0.0331859,0.5,2,2.05312,-3.89316,13.3985,-2.49162,11.3283,-8.45925,14.4057,-3.89316,13.3985,-4.24068,13.2448,0.053123,1,3.33333,0.713463,0,0.0997746,1
-2.64349,11.7116,0.300147,0.5,2,2.10269,-3.76387,13.4909,-2.43179,11.3754,-8.45925,14.4057,-3.76387,13.4909,-1.13737,13.5846,0.102692,1,3.33333,0.424919,0,0.116654,1
-2.5546,11.7564,0.633481,0.5,2,2.12558,-3.62688,13.5917,-2.36572,11.4331,-2.36572,11.4331,-3.62688,13.5917,-0.995957,13.5055,0.125579,2,3.33333,0.201096,0,0.113815,1
-2.48527,11.8278,0.966814,0.5,2,2.11573,-3.55571,13.6528,-2.29084,11.4963,-2.36572,11.4331,-3.55571,13.6528,-0.953428,13.4933,0.0875925,2,-3.33333,-0.379963,0,0.0999752,1
-2.41965,11.9027,0.686814,0.5,2,2.08592,-2.90134,13.9322,-2.32403,11.4998,-2.36572,11.4331,-2.90134,13.9322,-0.497673,12.9398,0.027319,2,-3.33333,-0.520302,0,0.115843,1
-2.33328,11.9522,0.353481,0.5,2,2.06412,-2.87631,13.9436,-2.21861,11.5316,-2.36572,11.4331,-2.87631,13.9436,-0.423322,12.8942,-0.0200781,2,-3.33333,-0.411618,0,0.115148,1
-2.23548,11.9707,0.0201474,0.5,2,2.03042,-0.555244,13.1106,-2.62407,11.707,-2.36572,11.4331,-0.555244,13.1106,-3.06414,13.9083,-0.0531066,2,-3.33333,-0.335103,0,0.0985625,1
-2.137,11.9561,-0.313186,0.5,2,1.98124,-0.53528,13.1222,-2.55639,11.6508,-2.36572,11.4331,-0.53528,13.1222,-3.04971,13.9085,-0.0708437,2,-3.33333,-0.148437,0,0.119492,1
-2.04871,11.9102,-0.646519,0.5,2,1.95923,-0.525178,13.142,-2.46922,11.5702,-2.36572,11.4331,-0.525178,13.142,-3.0619,13.9024,-0.0407717,1,3.33333,0.260159,0,0.115591,1
-1.96316,11.8592,-0.373186,0.5,2,1.96203,-1.03051,13.5854,-2.21888,11.3859,-2.21888,11.3859,-1.03051,13.5854,-3.62497,13.4856,-0.0379691,2,-3.33333,0.0279722,0,0.100193,1
-1.87467,11.8135,-0.639853,0.5,2,1.97029,-0.465484,13.1906,-2.25353,11.4433,-2.21888,11.3859,-0.465484,13.1906,-0.681667,13.4762,-0.0297127,1,-3.33333,0.0721481,0,0.114437,1
-1.80579,11.7417,-0.973186,0.5,2,1.98735,-0.45653,13.2008,-2.15384,11.3653,-2.21888,11.3859,-0.45653,13.2008,-0.678743,13.4932,-0.0126544,1,3.33333,0.173887,0,0.0980998,1
-1.74065,11.6664,-0.693186,0.5,2,2.02877,-0.98997,13.5512,-1.91502,11.2286,-2.21888,11.3859,-0.98997,13.5512,-0.593986,13.4513,0.0287721,1,3.33333,0.337894,0,0.122602,1
-1.6546,11.6164,-0.359853,0.5,2,2.06159,-0.763224,13.4753,-1.84415,11.221,-2.21888,11.3859,-0.763224,13.4753,-1.08287,13.6615,0.061589,1,3.33333,0.286658,0,0.114481,1
-1.55691,11.5973,-0.0265193,0.5,2,2.05436,-0.737093,13.4809,-1.73475,11.1886,-2.21888,11.3859,-0.737093,13.4809,-1.04865,13.7111,0.054359,1,3.33333,-0.0723688,0,0.0999055,1
-1.45835,11.6112,0.306814,0.5,2,2.0216,-0.654797,13.4662,-1.64851,11.1722,-2.21888,11.3859,-0.654797,13.4662,-0.25741,13.3637,0.021595,1,-3.33333,-0.272281,0,0.120331,1
-1.3606,11.6301,0.0268141,0.5,2,1.97147,-0.0551973,13.1075,-1.71056,11.234,-2.21888,11.3859,-0.0551973,13.1075,-0.293974,13.3731,-0.0285317,1,-3.33333,-0.43553,0,0.115093,1
-1.26203,11.6162,-0.306519,0.5,2,1.92839,-0.0864407,13.1448,-1.6105,11.1631,-2.21888,11.3859,-0.0864407,13.1448,-0.325703,13.4101,-0.0716145,1,-3.33333,-0.435078,0,0.0990232,1
-1.17343,11.5709,-0.639853,0.5,2,1.92768,-0.133127,13.1937,-1.4823,11.089,-2.21888,11.3859,-0.133127,13.1937,0.220433,13.0314,-0.07232,1,-3.33333,-0.00616101,0,0.114507,1
-1.10455,11.499,-0.973186,0.5,2,1.96075,-0.04356,13.1479,-1.39635,11.0455,-2.21888,11.3859,-0.04356,13.1479,-0.323198,13.3614,-0.0392513,1,3.33333,0.283542,0,0.116627,1
-1.04033,11.4229,-0.706519,0.5,2,2.00839,-0.606292,13.3838,-1.14657,10.9429,-2.21888,11.3859,-0.606292,13.3838,-0.949116,13.5282,0.00839329,1,3.33333,0.483522,0,0.0985366,1
-0.954946,11.3717,-0.373186,0.5,2,2.05382,-0.54962,13.3852,-1.043,10.9343,-2.21888,11.3859,-0.54962,13.3852,-0.130686,13.3733,0.0538235,1,3.33333,0.388968,0,0.116797,1
-0.857523,11.3513,-0.0398526,0.5,2,2.06059,-0.349134,13.3482,-0.965936,10.9255,-2.21888,11.3859,-0.349134,13.3482,-0.698263,13.4776,0.0605853,1,3.33333,0.0678568,0,0.0996479,1
-0.758785,11.3639,0.293481,0.5,2,2.03122,-0.295473,13.3416,-0.865711,10.9075,-2.21888,11.3859,-0.295473,13.3416,-0.640088,13.497,0.0312212,1,-3.33333,-0.261047,0,0.112486,1
-0.660791,11.3815,0.0134807,0.5,2,1.99057,0.249951,13.1515,-0.893871,10.9286,-2.21888,11.3859,0.249951,13.1515,0.616973,13.0037,-0.00943255,1,-3.33333,-0.352031,0,0.115483,1
-0.562419,11.3664,-0.319853,0.5,2,1.95941,0.337064,13.1071,-0.810582,10.8861,-2.21888,11.3859,0.337064,13.1071,0.0416069,13.3025,-0.0405917,1,-3.33333,-0.310302,0,0.100416,1
-0.474431,11.3198,-0.653186,0.5,2,1.96458,0.306581,13.1225,-0.687287,10.8285,-2.21888,11.3859,0.306581,13.1225,0.00302239,13.3201,-0.0354246,1,-3.33333,0.0448281,0,0.115265,1
-0.406513,11.247,-0.986519,0.5,2,2.00659,0.230967,13.1497,-0.563268,10.7792,-2.21888,11.3859,0.230967,13.1497,0.628911,13.0754,0.00658607,1,3.33333,0.364088,0,0.115386,1
-0.342852,11.1705,-0.713186,0.5,2,2.06469,-0.239736,13.2326,-0.364592,10.7357,-2.21888,11.3859,-0.239736,13.2326,-0.609706,13.3016,0.0646904,1,3.33333,0.586695,0,0.0990366,1
-0.257813,11.1188,-0.379853,0.5,2,2.11186,-0.1928,13.2296,-0.269762,10.7308,-2.21888,11.3859,-0.1928,13.2296,-0.578472,13.3341,0.111858,1,3.33333,0.406619,0,0.116001,1
-0.160529,11.0977,-0.0465193,0.5,2,2.12686,-0.0987123,13.2237,-0.171374,10.7247,-2.21888,11.3859,-0.0987123,13.2237,0.33197,13.2892,0.126864,1,3.33333,0.132082,0,0.11361,1
-0.0617085,11.1096,0.286814,0.5,2,2.10761,0.106107,13.2105,-0.0929518,10.7185,-2.21888,11.3859,0.106107,13.2105,-0.268257,13.2813,0.107613,1,3.33333,-0.193019,0,0.0997391,1
0.0277686,11.1532,0.620147,0.5,2,2.05452,0.15206,13.204,0.00081842,10.7086,-2.21888,11.3859,0.15206,13.204,-0.217819,13.2982,0.0545182,1,-3.33333,-0.463755,0,0.114488,1
0.114633,11.2019,0.346814,0.5,2,1.99096,0.734142,13.094,-0.0437586,10.7181,-2.21888,11.3859,0.734142,13.094,1.13,13.024,-0.0090363,1,-3.33333,-0.538677,0,0.117983,1
0.21256,11.2197,0.0134807,0.5,2,1.93362,0.817388,13.0563,0.0353999,10.6818,-2.21888,11.3859,0.817388,13.0563,0.49792,13.1932,-0.066378,1,-3.33333,-0.582433,0,0.098452,1
0.310932,11.2046,-0.319853,0.5,2,1.90686,0.750458,13.0601,0.174214,10.6274,-2.21888,11.3859,0.750458,13.0601,0.427407,13.2086,-0.093143,1,-3.33333,-0.233632,0,0.11456,1
0.39892,11.158,-0.653186,0.5,2,1.92426,0.68085,13.0615,0.314566,10.5885,-2.21888,11.3859,0.68085,13.0615,1.06696,13.0524,-0.0757416,1,-3.33333,0.174549,0,0.0996931,1
0.466838,11.0852,-0.986519,0.5,2,1.97325,0.759305,13.0367,0.388765,10.5643,-2.21888,11.3859,0.759305,13.0367,0.414233,13.1262,-0.0267472,1,3.33333,0.412175,0,0.118868,1
0.530041,11.0083,-0.719853,0.5,2,2.03243,0.150758,13.005,0.617297,10.5489,-2.21888,11.3859,0.150758,13.005,-0.225757,13.0026,0.0324275,1,3.33333,0.512799,0,0.115396,1
0.614733,10.956,-0.386519,0.5,2,2.08826,0.185768,12.9997,0.699312,10.553,-2.21888,11.3859,0.185768,12.9997,0.582136,13.143,0.0882587,1,3.33333,0.562943,0,0.0991773,1
0.711875,10.9343,-0.0531859,0.5,2,2.11477,0.346374,13.0172,0.778454,10.5549,-2.21888,11.3859,0.346374,13.0172,-0.0485316,13.0289,0.114774,1,3.33333,0.235551,0,0.112566,1
0.810772,10.9456,0.280147,0.5,2,2.10556,0.443296,13.0188,0.879612,10.5572,-2.21888,11.3859,0.443296,13.0188,0.047827,13.0359,0.105562,1,3.33333,-0.0780753,0,0.117989,1
0.900538,10.9886,0.613481,0.5,2,2.06697,0.500842,13.0165,0.984275,10.5637,-2.21888,11.3859,0.500842,13.0165,0.894892,13.1496,0.0669656,1,-3.33333,-0.384702,0,0.100327,1
0.987156,11.0377,0.353481,0.5,2,2.0133,1.25855,13.0326,0.921548,10.5555,-2.21888,11.3859,1.25855,13.0326,0.905154,13.1222,0.0133047,1,-3.33333,-0.481298,0,0.111492,1
1.08496,11.0562,0.0201474,0.5,2,1.96304,1.18242,13.0168,1.0583,10.5199,-2.21888,11.3859,1.18242,13.0168,0.828246,13.1015,-0.0369581,1,-3.33333,-0.429884,0,0.116922,1
1.18343,11.0417,-0.313186,0.5,2,1.95632,1.11326,12.9967,1.20293,10.4983,-2.21888,11.3859,1.11326,12.9967,1.50281,13.0709,-0.0436765,1,-3.33333,-0.0679907,0,0.0988135,1
1.27173,10.9957,-0.646519,0.5,2,1.98416,1.16937,12.9772,1.29834,10.4806,-2.21888,11.3859,1.16937,12.9772,0.810274,13.0014,-0.0158409,1,3.33333,0.240551,0,0.115716,1
1.35758,10.9453,-0.366519,0.5,2,2.02684,0.501008,12.7822,1.55755,10.5165,-2.21888,11.3859,0.501008,12.7822,0.840647,13.0186,0.0268409,1,3.33333,0.426917,0,0.0999769,1
1.45514,10.9255,-0.0331859,0.5,2,2.06693,0.545866,12.7817,1.64565,10.5366,-2.21888,11.3859,0.545866,12.7817,0.892028,13.0127,0.0669317,1,3.33333,0.348993,0,0.114876,1
1.55379,10.9388,0.300147,0.5,2,2.07632,0.73594,12.8472,1.72068,10.5494,-2.21888,11.3859,0.73594,12.8472,0.371324,12.746,0.0763221,1,3.33333,0.0807503,0,0.116289,1
1.64268,10.9836,0.633481,0.5,2,2.05754,0.796117,12.8589,1.82473,10.5803,-2.21888,11.3859,0.796117,12.8589,0.425592,12.7681,0.0575352,1,-3.33333,-0.187964,0,0.0999497,1
1.72889,11.0334,0.360147,0.5,2,2.02604,1.3898,13.0309,1.80821,10.5661,-2.21888,11.3859,1.3898,13.0309,1.01013,13.048,0.0260363,1,-3.33333,-0.275799,0,0.11421,1
1.82657,11.0526,0.0268141,0.5,2,1.99845,1.4269,13.0106,1.92687,10.5611,-2.21888,11.3859,1.4269,13.0106,1.06252,12.9886,-0.00155091,1,-3.33333,-0.235946,0,0.116922,1
1.92513,11.0387,-0.306519,0.5,2,2.0148,1.32136,12.9609,2.07053,10.5758,-2.21888,11.3859,1.32136,12.9609,1.68819,13.1386,0.0148032,1,3.33333,0.162617,0,0.100568,1
2.02289,11.0198,-0.0265193,0.5,2,2.05647,0.743254,12.6296,2.29887,10.6726,-2.21888,11.3859,0.743254,12.6296,0.422384,12.4368,0.0564742,1,3.33333,0.359988,0,0.115757,1
2.12145,11.0337,0.306814,0.5,2,2.08748,0.763553,12.6191,2.38979,10.7204,-2.21888,11.3859,0.763553,12.6191,0.435267,12.4198,0.0874815,1,3.33333,0.265102,0,0.116964,1
2.21004,11.0791,0.640147,0.5,2,2.10104,0.785804,12.6237,2.48048,10.7858,-2.21888,11.3859,0.785804,12.6237,1.05883,12.9447,0.101036,1,3.33333,0.140322,0,0.096598,1
2.2789,11.1509,0.973481,0.5,2,2.08155,0.947146,12.7507,2.54662,10.8293,-2.21888,11.3859,0.947146,12.7507,0.627604,12.5476,0.0815454,1,3.33333,-0.16581,0,0.11755,1
2.32045,11.2414,1.30681,0.5,2,2.02791,0.966813,12.7514,2.63557,10.8899,-2.21888,11.3859,0.966813,12.7514,0.636554,12.5629,0.0279088,1,-3.33333,-0.536461,0,0.0999822,1
2.35847,11.3334,1.01348,0.5,2,1.96044,1.62192,13.1502,2.56119,10.8334,-2.21888,11.3859,1.62192,13.1502,1.96303,13.3549,-0.039559,1,-3.33333,-0.582656,0,0.115794,1
2.4244,11.408,0.680147,0.5,2,1.89926,1.71387,13.1693,2.64915,10.8508,-2.21888,11.3859,1.71387,13.1693,1.38081,13.08,-0.100739,1,-3.33333,-0.54036,0,0.113221,1
2.5111,11.4569,0.346814,0.5,2,1.87497,1.63459,13.1143,2.80329,10.9043,-2.21888,11.3859,1.63459,13.1143,1.9417,13.3344,-0.125029,1,-3.33333,-0.243822,0,0.0996216,1
2.60903,11.4747,0.0134807,0.5,2,1.88832,1.61475,13.08,2.93111,10.9547,-2.21888,11.3859,1.61475,13.08,1.90818,13.3224,-0.111681,1,-3.33333,0.113121,0,0.117995,1
2.7074,11.4595,-0.319853,0.5,2,1.93555,1.57865,13.0319,3.03657,11.001,-2.21888,11.3859,1.57865,13.0319,1.86242,13.2988,-0.0644456,1,3.33333,0.419189,0,0.112683,1
2.80478,11.4387,-0.0465193,0.5,2,1.9996,1.12144,12.518,3.22603,11.1686,-2.21888,11.3859,1.12144,12.518,0.867942,12.2475,-0.000400782,1,3.33333,0.645908,0,0.0991548,1
2.9036,11.4506,0.286814,0.5,2,2.06171,1.14696,12.5299,3.27703,11.2212,-2.21888,11.3859,1.14696,12.5299,0.894896,12.2446,0.0617111,1,3.33333,0.53208,0,0.116734,1
2.99308,11.4942,0.620147,0.5,2,2.1085,1.19468,12.5949,3.327,11.2899,-2.21888,11.3859,1.19468,12.5949,0.940249,12.3016,0.108496,1,3.33333,0.410567,0,0.113953,1
3.06336,11.5647,0.953481,0.5,2,2.12428,1.24959,12.6705,3.38416,11.3691,-2.21888,11.3859,1.24959,12.6705,0.996445,12.3735,0.124282,1,3.33333,0.159489,0,0.0989737,1
3.10671,11.6543,1.28681,0.5,2,2.10531,1.30727,12.7472,3.44407,11.4494,-2.21888,11.3859,1.30727,12.7472,1.04469,12.4571,0.105307,1,3.33333,-0.164453,0,0.115378,1
3.11836,11.7532,1.62015,0.5,2,2.05369,1.38002,12.8467,3.49615,11.5155,-2.21888,11.3859,1.38002,12.8467,1.14111,12.559,0.0536878,1,-3.33333,-0.510622,0,0.101091,1
3.12494,11.8525,1.34015,0.5,2,1.98811,1.82627,13.3579,3.45932,11.4649,-2.21888,11.3859,1.82627,13.3579,1.53171,13.1526,-0.0118872,1,-3.33333,-0.546029,0,0.120094,1
3.16346,11.9443,1.00681,0.5,2,1.93669,1.80154,13.3212,3.55959,11.5438,-2.21888,11.3859,1.80154,13.3212,1.52328,13.1062,-0.0633117,1,-3.33333,-0.452354,0,0.113682,1
3.22988,12.0184,0.673481,0.5,2,1.92176,1.78863,13.2896,3.66355,11.6359,-2.21888,11.3859,1.78863,13.2896,1.52708,13.0583,-0.0782419,1,-3.33333,-0.149476,0,0.0998842,1
3.31691,12.0668,0.340147,0.5,2,1.94227,1.77623,13.2494,3.75932,11.7271,-2.21888,11.3859,1.77623,13.2494,1.52977,12.9975,-0.0577292,1,3.33333,0.176311,0,0.116344,1
3.40632,12.1106,0.620147,0.5,2,1.98251,1.52591,12.7386,3.89716,11.9466,-2.21888,11.3859,1.52591,12.7386,1.37138,12.4135,-0.0174862,1,3.33333,0.353055,0,0.113985,1
3.4766,12.181,0.953481,0.5,2,2.01755,1.55106,12.7834,3.93706,12.037,-2.21888,11.3859,1.55106,12.7834,1.36617,12.454,0.017549,1,3.33333,0.350718,0,0.0998958,1
3.51996,12.2706,1.28681,0.5,2,2.02013,1.59092,12.8704,3.97819,12.1282,-2.21888,11.3859,1.59092,12.8704,1.42396,12.5381,0.0201294,1,3.33333,0.0214205,0,0.120464,1
3.53161,12.3695,1.62015,0.5,2,1.98875,1.62156,12.9234,4.02263,12.2271,-2.21888,11.3859,1.62156,12.9234,1.66241,13.329,-0.0112482,1,-3.33333,-0.271492,0,0.115575,1
3.53758,12.4689,1.34681,0.5,2,1.94167,1.90609,13.5217,4.00672,12.1662,-2.21888,11.3859,1.90609,13.5217,2.06283,13.8848,-0.0583324,1,-3.33333,-0.470438,0,0.100086,1
3.57548,12.5609,1.01348,0.5,2,1.90944,1.90435,13.4847,4.09233,12.2752,-2.21888,11.3859,1.90435,13.4847,2.03615,13.8495,-0.0905555,1,-3.33333,-0.278927,0,0.115525,1
3.64141,12.6355,0.680147,0.5,2,1.91611,1.89138,13.4158,4.1747,12.3977,-2.21888,11.3859,1.89138,13.4158,2.01686,13.7743,-0.0838925,1,-3.33333,0.0668325,0,0.0996982,1
3.72812,12.6844,0.346814,0.5,2,1.95676,1.90291,13.3898,4.23484,12.4886,-2.21888,11.3859,1.90291,13.3898,1.9959,13.7722,-0.0432444,1,3.33333,0.353011,0,0.115147,1
3.81751,12.7283,0.620147,0.5,2,2.01314,1.80806,12.8501,4.30348,12.6988,-2.21888,11.3859,1.80806,12.8501,1.70813,12.4867,0.0131404,1,3.33333,0.489456,0,0.115199,1
3.88779,12.7987,0.953481,0.5,2,2.0635,1.82786,12.92,4.32354,12.7731,-2.21888,11.3859,1.82786,12.92,1.77329,13.3405,0.0634992,1,3.33333,0.504452,0,0.0998286,1
3.93115,12.8883,1.28681,0.5,2,2.08572,1.84883,13.0074,4.34475,12.8647,-2.21888,11.3859,1.84883,13.0074,1.80727,13.4286,0.0857179,1,3.33333,0.191084,0,0.116277,1
3.9428,12.9872,1.62015,0.5,2,2.07773,1.87058,13.1384,4.36395,12.9565,-2.21888,11.3859,1.87058,13.1384,1.77045,12.7655,0.0777254,1,3.33333,-0.068611,0,0.11649,1
3.92146,13.0844,1.95348,0.5,2,2.03691,1.8897,13.2291,4.38338,13.0515,-2.21888,11.3859,1.8897,13.2291,1.80019,12.8642,0.0369101,1,-3.33333,-0.403687,0,0.101106,1
3.89343,13.18,1.69348,0.5,2,1.98043,2.02057,13.8238,4.38478,13.0111,-2.21888,11.3859,2.02057,13.8238,1.84157,13.5039,-0.0195724,1,-3.33333,-0.467872,0,0.120722,1
3.89781,13.2794,1.36015,0.5,2,1.93711,2.02731,13.7831,4.44134,13.1331,-2.21888,11.3859,2.02731,13.7831,1.87414,13.459,-0.0628946,1,-3.33333,-0.370808,0,0.116832,1
3.93448,13.372,1.02681,0.5,2,1.93424,2.03687,13.7466,4.48952,13.2624,-2.21888,11.3859,2.03687,13.7466,1.89918,13.4135,-0.0657606,1,-3.33333,-0.0287788,0,0.0995883,1
3.99941,13.4474,0.693481,0.5,2,1.96622,2.05362,13.7301,4.52764,13.3707,-2.21888,11.3859,2.05362,13.7301,1.9465,13.3853,-0.0337802,1,3.33333,0.28093,0,0.113838,1
4.06814,13.5195,0.973481,0.5,2,2.01658,2.08712,13.1424,4.54303,13.6098,-2.21888,11.3859,2.08712,13.1424,2.10806,12.7758,0.0165792,1,3.33333,0.499107,0,0.100899,1
4.10969,13.6099,1.30681,0.5,2,2.06037,2.08632,13.2212,4.54142,13.6928,-2.21888,11.3859,2.08632,13.2212,2.11115,12.8477,0.0603728,1,3.33333,0.38356,0,0.114177,1
4.11936,13.709,1.64015,0.5,2,2.07324,2.08403,13.3143,4.53832,13.7902,-2.21888,11.3859,2.08403,13.3143,2.10253,12.9359,0.0732424,1,3.33333,0.110773,0,0.11618,1
4.09609,13.8057,1.97348,0.5,2,2.05828,2.06953,13.4458,4.531,13.883,-2.21888,11.3859,2.06953,13.4458,2.10346,13.0777,0.0582802,1,-3.33333,-0.15005,0,0.0997147,1
4.06788,13.9012,1.69348,0.5,2,2.02812,2.04463,14.0417,4.53863,13.8686,-2.21888,11.3859,2.04463,14.0417,1.97751,13.6805,0.0281153,1,-3.33333,-0.256029,0,0.117819,1
4.07226,14.0007,1.36015,0.5,2,2.0102,2.06205,14.0031,4.56205,14.0001,-2.21888,11.3859,2.06205,14.0031,2.01744,13.6409,0.0102034,1,-3.33333,-0.16013,0,0.111859,1
4.10893,14.0932,1.02681,0.5,2,2.03085,2.08529,13.9221,4.57641,14.1327,-2.21888,11.3859,2.08529,13.9221,2.03983,13.5453,0.0308514,1,3.33333,0.20666,0,0.0999128,1
4.1503,14.1838,1.30681,0.5,2,2.07187,2.31883,13.2151,4.52876,14.3839,-2.21888,11.3859,2.31883,13.2151,2.06756,13.552,0.0718679,1,3.33333,0.35042,0,0.11705,1
4.15997,14.2828,1.64015,0.5,2,2.10748,2.31626,13.262,4.50337,14.473,-2.21888,11.3859,2.31626,13.262,2.0368,13.5941,0.107477,1,3.33333,0.305336,0,0.116622,1
4.1367,14.3796,1.97348,0.5,2,2.11763,2.30411,13.3185,4.4676,14.5712,-2.21888,11.3859,2.30411,13.3185,2.0515,13.6587,0.11763,1,3.33333,0.102197,0,0.0993474,1
4.08304,14.4635,2.30681,0.5,2,2.09864,2.25056,13.4406,4.4335,14.6591,-2.21888,11.3859,2.25056,13.4406,1.97705,13.7722,0.0986388,1,3.33333,-0.167628,0,0.113292,1
4.0049,14.5251,2.64015,0.5,2,2.04777,2.21857,13.5239,4.3994,14.7462,-2.21888,11.3859,2.21857,13.5239,1.95251,13.8476,0.0477662,1,-3.33333,-0.510615,0,0.09963,1
3.92636,14.5863,2.31348,0.5,2,1.98093,1.97893,14.2235,4.43665,14.6813,-2.21888,11.3859,1.97893,14.2235,1.84095,14.6026,-0.0190688,1,-3.33333,-0.551915,0,0.121097,1
3.87214,14.6697,1.98015,0.5,2,1.92448,2.00047,14.222,4.43186,14.8036,-2.21888,11.3859,2.00047,14.222,1.84916,14.583,-0.0755157,1,-3.33333,-0.486002,0,0.116145,1
3.84822,14.7664,1.64681,0.5,2,1.90336,2.03151,14.1986,4.4177,14.9443,-2.21888,11.3859,2.03151,14.1986,1.86169,14.5451,-0.0966369,1,-3.33333,-0.2092,0,0.100962,1
3.85723,14.8655,1.31348,0.5,2,1.92135,2.0666,14.1689,4.39652,15.0753,-2.21888,11.3859,2.0666,14.1689,1.86219,14.5045,-0.0786543,1,-3.33333,0.160009,0,0.112385,1
3.89818,14.9562,0.980147,0.5,2,1.97236,2.08474,14.1805,4.3833,15.1637,-2.21888,11.3859,2.08474,14.1805,2.17895,13.833,-0.0276352,1,3.33333,0.436711,0,0.116826,1
3.94428,15.0445,1.25348,0.5,2,2.03375,2.47687,13.6363,4.28069,15.3673,-2.21888,11.3859,2.47687,13.6363,2.69288,13.3335,0.0337481,1,3.33333,0.618046,0,0.0993184,1
3.95922,15.1429,1.58681,0.5,2,2.09379,2.45098,13.6906,4.25183,15.4246,-2.21888,11.3859,2.45098,13.6906,2.67661,13.3829,0.0937884,1,3.33333,0.52091,0,0.11526,1
3.94113,15.2408,1.92015,0.5,2,2.13383,2.38096,13.7851,4.20886,15.4906,-2.21888,11.3859,2.38096,13.7851,2.61789,13.4837,0.133833,1,3.33333,0.348435,0,0.114927,1
3.89202,15.3273,2.25348,0.5,2,2.14877,2.34931,13.8316,4.14418,15.5718,-2.21888,11.3859,2.34931,13.8316,2.57135,13.5019,0.148774,1,3.33333,0.150353,0,0.0993726,1
3.81728,15.3931,2.58681,0.5,2,2.12987,2.2907,13.9079,4.08257,15.6512,-2.21888,11.3859,2.2907,13.9079,2.51459,13.586,0.129872,1,3.33333,-0.161723,0,0.116879,1
3.72515,15.4308,2.92015,0.5,2,2.07669,2.26472,13.9543,4.02283,15.7317,-2.21888,11.3859,2.26472,13.9543,2.4817,13.6342,0.076694,1,-3.33333,-0.536739,0,0.0990757,1
3.63205,15.466,2.61348,0.5,2,2.00748,1.83927,14.5627,4.07189,15.6876,-2.21888,11.3859,1.83927,14.5627,1.59904,14.893,0.00748158,1,-3.33333,-0.583171,0,0.118683,1
3.55559,15.5297,2.28015,0.5,2,1.9504,1.86044,14.5651,4.03326,15.8016,-2.21888,11.3859,1.86044,14.5651,1.61147,14.8739,-0.0495985,1,-3.33333,-0.493741,0,0.115607,1
3.50418,15.615,1.94681,0.5,2,1.92811,1.89718,14.5495,3.98083,15.931,-2.21888,11.3859,1.89718,14.5495,1.63363,14.8385,-0.0718933,1,-3.33333,-0.222547,0,0.10018,1
3.4835,15.7123,1.61348,0.5,2,1.94144,1.94212,14.5319,3.92696,16.0519,-2.21888,11.3859,1.94212,14.5319,1.66812,14.8094,-0.0585612,1,-3.33333,0.114413,0,0.116527,1
3.4958,15.8111,1.28015,0.5,2,1.98662,1.98173,14.5249,3.88707,16.1435,-2.21888,11.3859,1.98173,14.5249,1.67364,14.7866,-0.0133839,1,3.33333,0.375057,0,0.120455,1
3.51435,15.909,1.54681,0.5,2,2.04638,2.51058,14.1257,3.73686,16.3043,-2.21888,11.3859,2.51058,14.1257,2.80022,13.8781,0.0463784,1,3.33333,0.61681,0,0.0968892,1
3.5002,16.0075,1.88015,0.5,2,2.10634,2.47017,14.1702,3.6927,16.3509,-2.21888,11.3859,2.47017,14.1702,2.77191,13.925,0.106342,1,3.33333,0.51504,0,0.116425,1
3.45458,16.0959,2.21348,0.5,2,2.14828,2.40728,14.2202,3.62605,16.403,-2.21888,11.3859,2.40728,14.2202,2.71236,13.9618,0.148281,1,3.33333,0.359982,0,0.116502,1
3.38253,16.1646,2.54681,0.5,2,2.15863,2.30066,14.2967,3.55363,16.46,-2.21888,11.3859,2.30066,14.2967,2.61237,14.0576,0.158628,1,3.33333,0.104507,0,0.0990063,1
3.29198,16.206,2.88015,0.5,2,2.13524,2.22501,14.3564,3.47425,16.5219,-2.21888,11.3859,2.22501,14.3564,2.52859,14.1063,0.135242,1,3.33333,-0.198957,0,0.117538,1
3.19289,16.2154,-3.0697,0.5,2,2.07945,2.12559,14.4307,3.40874,16.5763,-2.21888,11.3859,2.12559,14.4307,2.42444,14.201,0.0794504,1,-3.33333,-0.565246,0,0.0987041,1
3.09368,16.2235,2.89348,0.5,2,2.0113,1.61755,14.8573,3.45235,16.5554,-2.21888,11.3859,1.61755,14.8573,1.83884,14.5713,0.0112972,1,-3.33333,-0.585073,0,0.116486,1
3.00258,16.2636,2.56015,0.5,2,1.9586,1.68405,14.8153,3.36705,16.6639,-2.21888,11.3859,1.68405,14.8153,1.91118,14.5381,-0.0413983,1,-3.33333,-0.458523,0,0.114924,1
2.92962,16.3313,2.22681,0.5,2,1.94415,1.72167,14.808,3.27499,16.7668,-2.21888,11.3859,1.72167,14.808,1.95923,14.5376,-0.0558503,1,-3.33333,-0.143108,0,0.100987,1
2.88284,16.4192,1.89348,0.5,2,1.96499,1.76953,14.8,3.18596,16.86,-2.21888,11.3859,1.76953,14.8,2.02653,14.5412,-0.0350143,1,3.33333,0.178841,0,0.116506,1
2.84114,16.5096,2.16681,0.5,2,2.00353,2.32763,14.573,2.96839,16.9895,-2.21888,11.3859,2.32763,14.573,1.92957,14.6282,0.00353169,1,3.33333,0.339252,0,0.11362,1
2.77238,16.5816,2.50015,0.5,2,2.03613,2.25389,14.6125,2.8905,17.0301,-2.21888,11.3859,2.25389,14.6125,1.84952,14.6685,0.0361283,1,3.33333,0.329053,0,0.0990619,1
2.68385,16.6271,2.83348,0.5,2,2.03653,2.13435,14.6661,2.8089,17.0733,-2.21888,11.3859,2.13435,14.6661,1.71718,14.7012,0.0365267,1,3.33333,0.00336454,0,0.118411,1
2.5853,16.6411,-3.11637,0.5,2,2.00532,2.04755,14.7092,2.71796,17.1176,-2.21888,11.3859,2.04755,14.7092,2.3803,14.5333,0.00532174,1,-3.33333,-0.271369,0,0.114991,1
2.48614,16.6501,2.88681,0.5,2,1.95963,1.43041,14.9991,2.77726,17.1053,-2.21888,11.3859,1.43041,14.9991,1.69737,14.755,-0.0403732,1,-3.33333,-0.449872,0,0.101573,1
2.39531,16.6908,2.55348,0.5,2,1.9264,1.41191,15.0343,2.68813,17.184,-2.21888,11.3859,1.41191,15.0343,1.69237,14.8302,-0.0736028,1,-3.33333,-0.289843,0,0.114647,1
2.32281,16.759,2.22015,0.5,2,1.93085,1.45238,15.0354,2.57938,17.267,-2.21888,11.3859,1.45238,15.0354,1.7446,14.8433,-0.0691473,1,-3.33333,0.0444129,0,0.100319,1
2.27661,16.8471,1.88681,0.5,2,1.97167,1.5414,15.0177,2.47361,17.3374,-2.21888,11.3859,1.5414,15.0177,1.84836,14.8138,-0.0283343,1,3.33333,0.341418,0,0.11954,1
2.23767,16.9388,2.13348,0.5,2,2.02875,2.1046,14.9144,2.26858,17.4091,-2.21888,11.3859,2.1046,14.9144,2.4688,14.8247,0.0287533,1,3.33333,0.512147,0,0.111467,1
2.17134,17.013,2.46681,0.5,2,2.08089,2.03842,14.9364,2.19811,17.4313,-2.21888,11.3859,2.03842,14.9364,2.41376,14.8304,0.0808861,1,3.33333,0.521338,0,0.0999981,1
2.08437,17.0615,2.80015,0.5,2,2.1061,1.99017,14.9575,2.10199,17.455,-2.21888,11.3859,1.99017,14.9575,1.56739,14.9185,0.106096,1,3.33333,0.216098,0,0.116659,1
1.98635,17.0788,3.13348,0.5,2,2.09987,1.82288,14.9853,2.0175,17.4777,-2.21888,11.3859,1.82288,14.9853,2.19875,14.887,0.0998738,1,3.33333,-0.0509863,0,0.122038,1
1.88806,17.0631,-2.81637,0.5,2,2.06142,1.69527,15.0107,1.92908,17.4997,-2.21888,11.3859,1.69527,15.0107,2.0602,14.9393,0.0614154,1,-3.33333,-0.384906,0,0.0999162,1
1.7913,17.0394,-3.06304,0.5,2,2.00598,1.08881,15.1605,1.96431,17.5022,-2.21888,11.3859,1.08881,15.1605,1.412,14.9927,0.00597978,1,-3.33333,-0.495816,0,0.111807,1
1.69215,17.0482,2.88681,0.5,2,1.9625,1.16446,15.158,1.83668,17.5659,-2.21888,11.3859,1.16446,15.158,1.49146,15.0006,-0.0375013,1,-3.33333,-0.372691,0,0.116668,1
1.60132,17.0889,2.55348,0.5,2,1.96247,1.20347,15.1672,1.71029,17.6153,-2.21888,11.3859,1.20347,15.1672,1.54001,15.0189,-0.0375278,1,-3.33333,-0.000267109,0,0.0990772,1
1.52882,17.1571,2.22015,0.5,2,1.99701,1.29253,15.1741,1.58833,17.6566,-2.21888,11.3859,1.29253,15.1741,0.894159,15.1798,-0.00299168,1,3.33333,0.294824,0,0.117141,1
1.46117,17.2302,2.48015,0.5,2,2.05059,1.89108,15.2252,1.36695,17.6696,-2.21888,11.3859,1.89108,15.2252,1.50264,15.0742,0.050591,1,3.33333,0.475029,0,0.112799,1
1.37357,17.2774,2.81348,0.5,2,2.09581,1.74472,15.2148,1.30199,17.6753,-2.21888,11.3859,1.74472,15.2148,2.12807,15.2268,0.0958061,1,3.33333,0.450971,0,0.100262,1
1.27533,17.2934,-3.13637,0.5,2,2.1113,1.6528,15.2162,1.20583,17.6759,-2.21888,11.3859,1.6528,15.2162,2.04068,15.2243,0.111303,1,3.33333,0.125776,0,0.123213,1
1.17726,17.2764,-2.80304,0.5,2,2.09944,1.59214,15.2184,1.0981,17.6691,-2.21888,11.3859,1.59214,15.2184,1.98841,15.2064,0.0994365,1,3.33333,-0.118811,0,0.0998794,1
1.09016,17.2282,-2.4697,0.5,2,2.06047,1.53599,15.2166,0.995052,17.6574,-2.21888,11.3859,1.53599,15.2166,1.14698,15.0526,0.0604692,1,-3.33333,-0.330601,0,0.117868,1
1.00624,17.1746,-2.73637,0.5,2,2.00528,0.873946,15.1737,1.03888,17.6683,-2.21888,11.3859,0.873946,15.1737,0.470096,15.1429,0.00527692,1,-3.33333,-0.464782,0,0.118749,1
0.909521,17.1511,-3.0697,0.5,2,1.96109,0.879358,15.1902,0.91781,17.69,-2.21888,11.3859,0.879358,15.1902,1.23737,15.1085,-0.0389066,1,-3.33333,-0.4549,0,0.0971279,1
0.81043,17.1605,2.88015,0.5,2,1.95141,0.845172,15.2094,0.800663,17.709,-2.21888,11.3859,0.845172,15.2094,1.19591,15.1811,-0.0485878,1,-3.33333,-0.0825274,0,0.117309,1
0.719875,17.2019,2.54681,0.5,2,1.98008,0.889749,15.2291,0.67527,17.7199,-2.21888,11.3859,0.889749,15.2291,1.24727,15.2228,-0.0199246,1,3.33333,0.245747,0,0.116637,1
0.632354,17.2494,2.80681,0.5,2,2.03043,1.61109,15.4704,0.406006,17.6608,-2.21888,11.3859,1.61109,15.4704,1.96764,15.5897,0.0304322,1,3.33333,0.497816,0,0.101156,1
0.534219,17.266,3.14015,0.5,2,2.0793,1.60255,15.4822,0.318063,17.627,-2.21888,11.3859,1.60255,15.4822,1.97021,15.6093,0.0792954,1,3.33333,0.43522,0,0.112272,1
0.436037,17.2497,-2.8097,0.5,2,2.1072,1.55317,15.463,0.227796,17.5827,-2.21888,11.3859,1.55317,15.463,1.22827,15.1875,0.107203,1,3.33333,0.24122,0,0.115696,1
0.348616,17.2021,-2.47637,0.5,2,2.10778,1.46913,15.4168,0.140111,17.5343,-2.21888,11.3859,1.46913,15.4168,1.14809,15.1317,0.107785,1,3.33333,0.00579343,0,0.100373,1
0.281579,17.1285,-2.14304,0.5,2,2.07277,1.32462,15.3373,0.0665919,17.4977,-2.21888,11.3859,1.32462,15.3373,1.67258,15.4832,0.0727711,1,-3.33333,-0.29849,0,0.117303,1
0.219767,17.0504,-2.40304,0.5,2,2.01677,0.615494,15.0728,0.124948,17.5242,-2.21888,11.3859,0.615494,15.0728,0.982075,15.0968,0.0167711,1,-3.33333,-0.556198,0,0.100684,1
0.136067,16.9965,-2.73637,0.5,2,1.97233,0.653766,15.0934,-0.00243579,17.5057,-2.21888,11.3859,0.653766,15.0934,1.02617,15.1064,-0.0276694,1,-3.33333,-0.385961,0,0.115143,1
0.0393484,16.973,-3.0697,0.5,2,1.9638,0.682545,15.1175,-0.136271,17.4796,-2.21888,11.3859,0.682545,15.1175,1.04294,15.1713,-0.0361992,1,-3.33333,-0.0733526,0,0.116285,1
-0.0597426,16.9824,2.88015,0.5,2,1.99514,0.752395,15.1601,-0.265249,17.4436,-2.21888,11.3859,0.752395,15.1601,0.409964,14.9512,-0.00485766,1,3.33333,0.326186,0,0.0960849,1
-0.158332,16.9963,-3.11637,0.5,2,2.04578,1.24847,15.511,-0.470677,17.3261,-2.21888,11.3859,1.24847,15.511,1.56558,15.7181,0.0457842,1,3.33333,0.434132,0,0.116651,1
-0.256043,16.9773,-2.78304,0.5,2,2.09223,1.15862,15.4358,-0.531755,17.2777,-2.21888,11.3859,1.15862,15.4358,1.46637,15.6577,0.0922327,1,3.33333,0.378137,0,0.122835,1
-0.342164,16.9274,-2.4497,0.5,2,2.11243,1.11573,15.3987,-0.609649,17.2079,-2.21888,11.3859,1.11573,15.3987,1.43074,15.6223,0.112426,1,3.33333,0.203987,0,0.0989908,1
-0.407215,16.8521,-2.11637,0.5,2,2.10133,1.07191,15.3595,-0.687836,17.1352,-2.21888,11.3859,1.07191,15.3595,1.4052,15.5707,0.101335,1,3.33333,-0.0964806,0,0.114956,1
-0.444035,16.7596,-1.78304,0.5,2,2.05854,1.03273,15.3255,-0.760736,17.0671,-2.21888,11.3859,1.03273,15.3255,0.793281,14.9819,0.0585358,1,-3.33333,-0.378588,0,0.113049,1
-0.476082,16.6653,-2.06304,0.5,2,2.00333,0.488919,14.9097,-0.71533,17.1006,-2.21888,11.3859,0.488919,14.9097,0.165434,14.6668,0.00332618,1,-3.33333,-0.552207,0,0.0999799,1
-0.537024,16.5866,-2.39637,0.5,2,1.96104,0.434528,14.8832,-0.804037,17.0548,-2.21888,11.3859,0.434528,14.8832,0.760401,15.0237,-0.038956,1,-3.33333,-0.360357,0,0.117334,1
-0.620363,16.5322,-2.7297,0.5,2,1.95348,0.460654,14.9051,-0.922799,16.9874,-2.21888,11.3859,0.460654,14.9051,0.777726,15.064,-0.0465244,1,-3.33333,-0.0752979,0,0.100512,1
-0.716923,16.508,-3.06304,0.5,2,1.98341,0.517798,14.9558,-1.03851,16.9123,-2.21888,11.3859,0.517798,14.9558,0.836815,15.1334,-0.0165899,1,3.33333,0.259199,0,0.115488,1
-0.814622,16.4888,-2.78304,0.5,2,2.03482,0.921157,15.427,-1.21143,16.7316,-2.21888,11.3859,0.921157,15.427,0.776717,15.0329,0.0348237,1,3.33333,0.440913,0,0.116607,1
-0.900744,16.4389,-2.4497,0.5,2,2.08502,0.898389,15.3852,-1.25882,16.6487,-2.21888,11.3859,0.898389,15.3852,0.748209,14.9873,0.0850198,1,3.33333,0.501648,0,0.100062,1
-0.965795,16.3636,-2.11637,0.5,2,2.1044,0.833105,15.2716,-1.30396,16.5689,-2.21888,11.3859,0.833105,15.2716,1.11138,15.5554,0.104401,1,3.33333,0.164008,0,0.118174,1
-1.00261,16.2711,-1.78304,0.5,2,2.08692,0.744425,15.1296,-1.34842,16.4971,-2.21888,11.3859,0.744425,15.1296,0.978558,15.4236,0.0869155,1,3.33333,-0.151891,0,0.115121,1
-1.00715,16.1717,-1.44971,0.5,2,2.04014,0.721815,15.0887,-1.39687,16.4158,-2.21888,11.3859,0.721815,15.0887,0.960099,15.3744,0.0401411,1,-3.33333,-0.466777,0,0.100207,1
-1.00659,16.0721,-1.72971,0.5,2,1.98281,0.368172,14.6433,-1.36518,16.4448,-2.21888,11.3859,0.368172,14.6433,0.678884,14.8428,-0.0171908,1,-3.33333,-0.492349,0,0.116446,1
-1.03843,15.9778,-2.06304,0.5,2,1.94098,0.399379,14.6739,-1.45253,16.3533,-2.21888,11.3859,0.399379,14.6739,0.186916,14.3396,-0.0590227,1,-3.33333,-0.352925,0,0.118529,1
-1.09937,15.8991,-2.39637,0.5,2,1.93863,0.442716,14.7243,-1.54591,16.2393,-2.21888,11.3859,0.442716,14.7243,0.254448,14.3795,-0.0613716,1,-3.33333,-0.0240172,0,0.0978007,1
-1.18271,15.8447,-2.7297,0.5,2,1.97471,0.426921,14.7007,-1.61088,16.149,-2.21888,11.3859,0.426921,14.7007,0.673988,14.963,-0.0252887,1,3.33333,0.296039,0,0.121885,1
-1.26936,15.7956,-2.46304,0.5,2,2.02939,0.680217,15.2321,-1.72147,15.9263,-2.21888,11.3859,0.680217,15.2321,0.824662,15.571,0.0293884,1,3.33333,0.465371,0,0.117491,1
-1.33541,15.7211,-2.1297,0.5,2,2.07774,0.671315,15.1826,-1.74324,15.8306,-2.21888,11.3859,0.671315,15.1826,0.830465,15.5308,0.0777431,1,3.33333,0.493391,0,0.0980047,1
-1.37346,15.6292,-1.79637,0.5,2,2.09752,0.662419,15.1244,-1.76411,15.726,-2.21888,11.3859,0.662419,15.1244,0.829563,15.478,0.0975206,1,3.33333,0.168534,0,0.11735,1
-1.37932,15.5298,-1.46304,0.5,2,2.08888,0.657436,15.0661,-1.78018,15.6211,-2.21888,11.3859,0.657436,15.0661,0.638307,14.6388,0.0888786,1,3.33333,-0.0870947,0,0.0992248,1
-1.35235,15.434,-1.12971,0.5,2,2.05279,0.641801,14.9468,-1.78679,15.5401,-2.21888,11.3859,0.641801,14.9468,0.80314,15.2936,0.0527852,1,-3.33333,-0.308952,0,0.116826,1
-1.31992,15.3398,-1.40304,0.5,2,2.00073,0.388018,14.2978,-1.74612,15.5999,-2.21888,11.3859,0.388018,14.2978,0.602117,14.587,0.000728369,1,-3.33333,-0.438761,0,0.118645,1
-1.31981,15.2403,-1.73637,0.5,2,1.95691,0.431698,14.3675,-1.80589,15.4825,-2.21888,11.3859,0.431698,14.3675,0.631853,14.6627,-0.0430881,1,-3.33333,-0.441417,0,0.0992633,1
-1.35227,15.1462,-2.0697,0.5,2,1.9512,0.462083,14.4284,-1.86259,15.3481,-2.21888,11.3859,0.462083,14.4284,0.662083,14.7332,-0.048804,1,-3.33333,-0.0469839,0,0.121658,1
-1.41374,15.0679,-2.40304,0.5,2,1.98988,0.49237,14.4966,-1.90239,15.2144,-2.21888,11.3859,0.49237,14.4966,0.426662,14.1023,-0.0101202,1,3.33333,0.332972,0,0.116178,1
-1.48052,14.994,-2.14304,0.5,2,2.05257,0.563564,15.1805,-1.9261,14.9534,-2.21888,11.3859,0.563564,15.1805,0.660397,14.777,0.0525692,1,3.33333,0.62935,0,0.0996097,1
-1.51979,14.9026,-1.80971,0.5,2,2.10853,0.582774,15.0611,-1.91015,14.8731,-2.21888,11.3859,0.582774,15.0611,0.624354,15.4496,0.10853,1,3.33333,0.479335,0,0.116746,1
-1.52697,14.8033,-1.47637,0.5,2,2.13436,0.601067,14.9674,-1.89153,14.7752,-2.21888,11.3859,0.601067,14.9674,0.62326,15.3558,0.134359,1,3.33333,0.264064,0,0.0978137,1
-1.50128,14.7071,-1.14304,0.5,2,2.13298,0.621847,14.9119,-1.86661,14.6719,-2.21888,11.3859,0.621847,14.9119,0.662781,15.3076,0.132977,1,3.33333,-0.0113663,0,0.121619,1
-1.44553,14.6247,-0.809705,0.5,2,2.10285,0.647257,14.8301,-1.84078,14.5859,-2.21888,11.3859,0.647257,14.8301,0.682478,15.2191,0.102854,1,-3.33333,-0.261428,0,0.115224,1
-1.38562,14.5451,-1.08971,0.5,2,2.0595,0.632986,14.1368,-1.81738,14.6325,-2.21888,11.3859,0.632986,14.1368,0.619901,13.7171,0.0594954,1,-3.33333,-0.43507,0,0.0996584,1
-1.35484,14.4505,-1.42304,0.5,2,2.02571,0.648436,14.1499,-1.82388,14.5209,-2.21888,11.3859,0.648436,14.1499,0.660517,13.7354,0.0257058,1,-3.33333,-0.287601,0,0.117488,1
-1.35672,14.351,-1.75637,0.5,2,2.02295,0.652684,14.1173,-1.83058,14.4061,-2.21888,11.3859,0.652684,14.1173,0.732916,14.4739,0.0229464,1,3.33333,-0.0234136,0,0.117857,1
-1.3649,14.2517,-1.48971,0.5,2,2.0436,0.621005,14.7338,-1.80842,14.144,-2.21888,11.3859,0.621005,14.7338,0.58321,15.1047,0.0435965,1,3.33333,0.210019,0,0.0983253,1
-1.34049,14.1552,-1.15637,0.5,2,2.06193,0.65354,14.68,-1.76413,14.0437,-2.21888,11.3859,0.65354,14.68,0.623142,15.0602,0.0619345,1,3.33333,0.156286,0,0.117336,1
-1.28586,14.072,-0.823038,0.5,2,2.05294,0.689095,14.6325,-1.71594,13.95,-2.21888,11.3859,0.689095,14.6325,0.861795,14.254,0.0529363,1,3.33333,-0.0774565,0,0.11617,1
-1.207,14.0113,-0.489705,0.5,2,2.01296,0.728546,14.5641,-1.67531,13.8775,-2.21888,11.3859,0.728546,14.5641,0.898118,14.1933,0.0129623,1,-3.33333,-0.398668,0,0.100269,1
-1.12442,13.9556,-0.756372,0.5,2,1.96087,0.833122,13.8415,-1.66264,13.987,-2.21888,11.3859,0.833122,13.8415,0.877744,13.4439,-0.0391322,1,-3.33333,-0.453685,0,0.114826,1
-1.06436,13.8762,-1.08971,0.5,2,1.91586,0.849772,13.7948,-1.64797,13.9011,-2.21888,11.3859,0.849772,13.7948,0.905309,14.1378,-0.0841373,1,-3.33333,-0.387012,0,0.116289,1
-1.03358,13.7816,-1.42304,0.5,2,1.899,0.864799,13.8302,-1.63438,13.7662,-2.21888,11.3859,0.864799,13.8302,0.905947,14.175,-0.101004,1,-3.33333,-0.170831,0,0.0987318,1
-1.03546,13.6821,-1.75637,0.5,2,1.91954,0.872246,13.8949,-1.61233,13.6177,-2.21888,11.3859,0.872246,13.8949,0.895516,14.2492,-0.0804558,1,-3.33333,0.173943,0,0.11813,1
-1.0698,13.5886,-2.0897,0.5,2,1.97948,0.877976,13.9415,-1.58198,13.4958,-2.21888,11.3859,0.877976,13.9415,0.883173,14.3098,-0.0205203,1,3.33333,0.597444,0,0.10032,1
-1.10889,13.4971,-1.80971,0.5,2,2.05985,0.612522,14.6283,-1.47672,13.2553,-2.21888,11.3859,0.612522,14.6283,0.883768,14.3148,0.0598466,1,3.33333,0.659607,0,0.121841,1
-1.11607,13.3978,-1.47637,0.5,2,2.13926,0.669682,14.5757,-1.4172,13.1991,-2.21888,11.3859,0.669682,14.5757,0.959927,14.2539,0.139264,1,3.33333,0.700375,0,0.113392,1
-1.09038,13.3016,-1.14304,0.5,2,2.19313,0.779398,14.4478,-1.35201,13.1412,-2.21888,11.3859,0.779398,14.4478,0.630535,14.8246,0.193127,1,3.33333,0.542699,0,0.0992504,1
-1.03463,13.2192,-0.809705,0.5,2,2.21103,0.868355,14.3449,-1.28334,13.072,-2.21888,11.3859,0.868355,14.3449,0.70666,14.712,0.211034,1,3.33333,0.149777,0,0.119558,1
-0.954977,13.1595,-0.476372,0.5,2,2.19623,0.91348,14.3137,-1.21342,12.9998,-2.21888,11.3859,0.91348,14.3137,0.77139,14.6979,0.196225,1,3.33333,-0.1277,0,0.115964,1
-0.860175,13.1291,-0.143039,0.5,2,2.15416,0.970541,14.2644,-1.15409,12.9469,-2.21888,11.3859,0.970541,14.2644,0.832407,14.6427,0.154156,1,-3.33333,-0.426453,0,0.0986491,1
-0.76408,13.1031,-0.429705,0.5,2,2.09945,1.25017,13.6951,-1.14837,12.9901,-2.21888,11.3859,1.25017,13.6951,1.4528,13.3118,0.0994539,1,-3.33333,-0.460011,0,0.118915,1
-0.681725,13.0472,-0.763038,0.5,2,2.05823,1.2489,13.7606,-1.09611,12.8941,-2.21888,11.3859,1.2489,13.7606,1.44889,13.3954,0.0582316,1,-3.33333,-0.353781,0,0.116519,1
-0.622195,12.9674,-1.09637,0.5,2,2.05406,1.26601,13.776,-1.03213,12.7919,-2.21888,11.3859,1.26601,13.776,1.49831,13.4252,0.0540597,1,3.33333,-0.0422805,0,0.0986707,1
-0.566809,12.8847,-0.816372,0.5,2,2.06964,0.965775,14.2756,-0.885498,12.5954,-2.21888,11.3859,0.965775,14.2756,0.747219,14.5802,0.0696356,1,3.33333,0.128072,0,0.121618,1
-0.487551,12.8245,-0.483038,0.5,2,2.07351,1.0455,14.2206,-0.80288,12.5373,-2.21888,11.3859,1.0455,14.2206,0.828954,14.5293,0.0735061,1,3.33333,0.0391953,0,0.0987489,1
-0.392953,12.7935,-0.149705,0.5,2,2.04944,1.11993,14.176,-0.725554,12.4895,-2.21888,11.3859,1.11993,14.176,0.909013,14.4855,0.0494385,1,-3.33333,-0.20853,0,0.115416,1
-0.296865,12.7674,-0.429705,0.5,2,2.00915,1.48722,13.6914,-0.732732,12.5417,-2.21888,11.3859,1.48722,13.6914,1.3793,14.048,0.00914836,1,-3.33333,-0.336961,0,0.119569,1
-0.21451,12.7115,-0.763038,0.5,2,1.98609,1.48286,13.7427,-0.653717,12.4446,-2.21888,11.3859,1.48286,13.7427,1.75333,13.4387,-0.0139143,1,-3.33333,-0.232877,0,0.0990337,1
-0.154979,12.6317,-1.09637,0.5,2,2.00131,1.46036,13.8132,-0.557494,12.3373,-2.21888,11.3859,1.46036,13.8132,1.72893,13.5175,0.00130868,1,3.33333,0.130826,0,0.116361,1
-0.100096,12.5486,-0.823038,0.5,2,2.03847,1.07368,14.2152,-0.365855,12.1713,-2.21888,11.3859,1.07368,14.2152,0.809178,14.4847,0.0384653,1,3.33333,0.316602,0,0.117361,1
-0.0212409,12.4879,-0.489705,0.5,2,2.06354,1.19337,14.1561,-0.278147,12.135,-2.21888,11.3859,1.19337,14.1561,0.924608,14.4222,0.0635359,1,3.33333,0.249747,0,0.100384,1
0.0731482,12.4563,-0.156372,0.5,2,2.05593,1.28042,14.1204,-0.187615,12.0968,-2.21888,11.3859,1.28042,14.1204,1.01212,14.3849,0.055932,1,3.33333,-0.0650305,0,0.116928,1
0.172681,12.4573,0.176961,0.5,2,2.02283,1.3289,14.1171,-0.100065,12.0658,-2.21888,11.3859,1.3289,14.1171,1.70566,13.9449,0.0228271,1,-3.33333,-0.337331,0,0.0981376,1
0.272178,12.4603,-0.136372,0.5,2,1.97753,1.78291,13.7363,-0.126962,12.1232,-2.21888,11.3859,1.78291,13.7363,2.08446,13.4726,-0.0224693,1,-3.33333,-0.383924,0,0.117983,1
0.36718,12.4306,-0.469705,0.5,2,1.94394,1.76347,13.7831,-0.0322214,12.0437,-2.21888,11.3859,1.76347,13.7831,2.07313,13.5422,-0.0560566,1,-3.33333,-0.287208,0,0.116944,1
0.447234,12.3714,-0.803038,0.5,2,1.94999,1.7774,13.7973,0.0720541,11.9693,-2.21888,11.3859,1.7774,13.7973,2.11177,13.5803,-0.050007,1,-3.33333,0.0625883,0,0.0966575,1
0.503527,12.2893,-1.13637,0.5,2,1.99322,1.81407,13.7911,0.170319,11.9075,-2.21888,11.3859,1.81407,13.7911,1.57586,14.0663,-0.00678134,1,3.33333,0.3572,0,0.121012,1
0.555044,12.2041,-0.863038,0.5,2,2.05512,1.30653,14.1169,0.392367,11.7901,-2.21888,11.3859,1.30653,14.1169,0.979487,14.3,0.0551209,1,3.33333,0.540249,0,0.114581,1
0.631407,12.1403,-0.529705,0.5,2,2.1097,1.39947,14.1052,0.489312,11.7768,-2.21888,11.3859,1.39947,14.1052,1.06259,14.2884,0.109699,1,3.33333,0.557203,0,0.0979505,1
0.724457,12.1049,-0.196372,0.5,2,2.12906,1.46141,14.1024,0.596059,11.7569,-2.21888,11.3859,1.46141,14.1024,1.1234,14.3108,0.129057,1,3.33333,0.162288,0,0.119279,1
0.823951,12.102,0.136961,0.5,2,2.12136,1.55481,14.0935,0.693501,11.7465,-2.21888,11.3859,1.55481,14.0935,1.98586,14.0241,0.121362,1,3.33333,-0.06599,0,0.116597,1
0.918935,12.1317,0.470295,0.5,2,2.08607,1.63427,14.0913,0.776994,11.7429,-2.21888,11.3859,1.63427,14.0913,2.05534,14.019,0.0860679,1,-3.33333,-0.350125,0,0.100806,1
1.01189,12.1675,0.203628,0.5,2,2.03795,2.21933,13.8092,0.738132,11.7953,-2.21888,11.3859,2.21933,13.8092,2.56866,13.6024,0.0379488,1,-3.33333,-0.413565,0,0.116352,1
1.11136,12.1712,-0.129705,0.5,2,1.99414,2.26742,13.796,0.818094,11.759,-2.21888,11.3859,2.26742,13.796,2.01484,14.0712,-0.00585926,1,-3.33333,-0.376819,0,0.116258,1
1.20656,12.1421,-0.463038,0.5,2,1.98039,2.30048,13.7929,0.919536,11.7089,-2.21888,11.3859,2.30048,13.7929,2.02524,14.0222,-0.0196064,1,-3.33333,-0.139196,0,0.0987606,1
1.287,12.0835,-0.796372,0.5,2,2.00548,2.27847,13.8267,1.04252,11.6536,-2.21888,11.3859,2.27847,13.8267,1.98781,14.0484,0.00547552,1,3.33333,0.211727,0,0.118463,1
1.36437,12.0208,-0.516372,0.5,2,2.05849,1.56474,14.0695,1.32139,11.5814,-2.21888,11.3859,1.56474,14.0695,1.1981,14.1747,0.058491,1,3.33333,0.530798,0,0.0998788,1
1.45788,11.9867,-0.183039,0.5,2,2.1041,1.58587,14.0869,1.4338,11.5915,-2.21888,11.3859,1.58587,14.0869,1.20542,14.1982,0.104101,1,3.33333,0.392521,0,0.116198,1
1.5574,11.9851,0.150295,0.5,2,2.12313,1.68291,14.1045,1.53512,11.6088,-2.21888,11.3859,1.68291,14.1045,1.2985,14.2189,0.123127,1,3.33333,0.163073,0,0.116673,1
1.65198,12.0161,0.483628,0.5,2,2.11178,1.73637,14.1262,1.63647,11.6282,-2.21888,11.3859,1.73637,14.1262,2.15844,14.1602,0.111784,1,3.33333,-0.112978,0,0.100402,1
1.7312,12.0763,0.816961,0.5,2,2.07117,1.88259,14.142,1.69986,11.6487,-2.21888,11.3859,1.88259,14.142,1.5093,14.2578,0.0711713,1,-3.33333,-0.345786,0,0.117451,1
1.80765,12.1401,0.530295,0.5,2,2.0153,2.67896,13.9573,1.59809,11.7031,-2.21888,11.3859,2.67896,13.9573,2.37533,14.171,0.015295,1,-3.33333,-0.46897,0,0.119147,1
1.90068,12.1755,0.196961,0.5,2,1.96292,2.72139,13.9586,1.67613,11.6876,-2.21888,11.3859,2.72139,13.9586,2.41631,14.1389,-0.0370762,1,-3.33333,-0.514732,0,0.101745,1
2.00017,12.1785,-0.136372,0.5,2,1.93515,2.68779,13.9874,1.79946,11.6505,-2.21888,11.3859,2.68779,13.9874,2.37821,14.1577,-0.064851,1,-3.33333,-0.240661,0,0.11541,1
2.09517,12.1488,-0.469705,0.5,2,1.94518,2.66104,14.0099,1.93377,11.618,-2.21888,11.3859,2.66104,14.0099,2.34053,14.1727,-0.0548195,1,-3.33333,0.0858626,0,0.116833,1
2.17523,12.0897,-0.803038,0.5,2,1.9947,2.62431,14.0332,2.06147,11.5974,-2.21888,11.3859,2.62431,14.0332,2.28573,14.1906,-0.00530231,1,3.33333,0.493943,0,0.100249,1
2.25141,12.0255,-0.536372,0.5,2,2.06843,1.91829,14.067,2.32092,11.5996,-2.21888,11.3859,1.91829,14.067,1.53298,14.0807,0.0684259,1,3.33333,0.630199,0,0.116992,1
2.34422,11.9896,-0.203039,0.5,2,2.13594,1.92326,14.0836,2.41598,11.6327,-2.21888,11.3859,1.92326,14.0836,2.32982,14.2407,0.135936,1,3.33333,0.6782,0,0.0995438,1
2.4437,11.986,0.130295,0.5,2,2.17951,2.04781,14.1292,2.50191,11.6708,-2.21888,11.3859,2.04781,14.1292,1.63781,14.1454,0.17951,1,3.33333,0.368787,0,0.118152,1
2.53888,12.0151,0.463628,0.5,2,2.19011,2.175,14.1748,2.59036,11.7095,-2.21888,11.3859,2.175,14.1748,1.77083,14.1763,0.190108,1,3.33333,0.0922721,0,0.114861,1
2.61929,12.0738,0.796961,0.5,2,2.16586,2.3305,14.2203,2.66384,11.7426,-2.21888,11.3859,2.3305,14.2203,1.94111,14.2036,0.165865,1,3.33333,-0.240765,0,0.100693,1
2.67608,12.1555,1.13029,0.5,2,2.11342,2.39068,14.2496,2.72828,11.7725,-2.21888,11.3859,2.39068,14.2496,2.00478,14.2513,0.113416,1,-3.33333,-0.438438,0,0.119626,1
2.72863,12.2401,0.850295,0.5,2,2.04898,3.12948,14.2495,2.64039,11.7978,-2.21888,11.3859,3.12948,14.2495,2.77637,14.3735,0.0489826,1,-3.33333,-0.545152,0,0.118194,1
2.8058,12.3029,0.516961,0.5,2,1.99271,3.13059,14.269,2.72311,11.8024,-2.21888,11.3859,3.13059,14.269,2.78334,14.3798,-0.00729442,1,-3.33333,-0.56136,0,0.100251,1
2.89929,12.3371,0.183628,0.5,2,1.96262,3.08668,14.2908,2.84798,11.8022,-2.21888,11.3859,3.08668,14.2908,2.73642,14.3969,-0.0373816,1,-3.33333,-0.249768,0,0.120461,1
2.99881,12.3388,-0.149705,0.5,2,1.96468,3.01862,14.3034,2.99342,11.8035,-2.21888,11.3859,3.01862,14.3034,3.41135,14.3525,-0.0353245,1,-3.33333,0.0178445,0,0.115285,1
3.09341,12.3078,-0.483038,0.5,2,2.00621,3.01207,14.3124,3.11343,11.8144,-2.21888,11.3859,3.01207,14.3124,3.41355,14.4058,0.0062077,1,3.33333,0.408751,0,0.101607,1
3.18633,12.272,-0.203039,0.5,2,2.06842,2.36596,14.1708,3.3575,11.8759,-2.21888,11.3859,2.36596,14.1708,2.71968,14.4004,0.0684242,1,3.33333,0.53079,0,0.117215,1
3.2858,12.2684,0.130295,0.5,2,2.12602,2.4734,14.2331,3.4287,11.9228,-2.21888,11.3859,2.4734,14.2331,2.0886,14.1502,0.126023,1,3.33333,0.586412,0,0.0982224,1
3.38098,12.2975,0.463628,0.5,2,2.15314,2.62469,14.3135,3.50281,11.9728,-2.21888,11.3859,2.62469,14.3135,2.24611,14.2193,0.153143,1,3.33333,0.233388,0,0.116202,1
3.46139,12.3562,0.796961,0.5,2,2.1454,2.70437,14.3636,3.58652,12.0244,-2.21888,11.3859,2.70437,14.3636,2.32513,14.2728,0.145399,1,3.33333,-0.0655425,0,0.11815,1
3.51818,12.438,1.13029,0.5,2,2.10561,2.77181,14.4068,3.65798,12.0692,-2.21888,11.3859,2.77181,14.4068,2.39281,14.3287,0.10561,1,-3.33333,-0.397264,0,0.100158,1
3.56971,12.5232,0.863628,0.5,2,2.05143,3.48087,14.5727,3.58913,12.075,-2.21888,11.3859,3.48087,14.5727,3.10447,14.6248,0.0514333,1,-3.33333,-0.470624,0,0.115117,1
3.64603,12.5871,0.530295,0.5,2,2.00895,3.49248,14.5901,3.68356,12.0975,-2.21888,11.3859,3.49248,14.5901,3.123,14.6266,0.00894785,1,-3.33333,-0.36434,0,0.116609,1
3.73906,12.6225,0.196961,0.5,2,1.99494,3.41719,14.5913,3.82055,12.124,-2.21888,11.3859,3.41719,14.5913,3.8013,14.701,-0.00505996,1,-3.33333,-0.141698,0,0.0988571,1
3.83855,12.6255,-0.136372,0.5,2,2.01614,3.37864,14.5885,3.94893,12.1544,-2.21888,11.3859,3.37864,14.5885,3.75877,14.7153,0.0161395,1,3.33333,0.181995,0,0.116484,1
3.9381,12.6234,0.143628,0.5,2,2.05917,2.90139,14.4026,4.16004,12.2425,-2.21888,11.3859,2.90139,14.4026,2.53222,14.2853,0.0591702,1,3.33333,0.358952,0,0.119879,1
4.03288,12.6538,0.476961,0.5,2,2.09459,3.03897,14.4976,4.22526,12.2969,-2.21888,11.3859,3.03897,14.4976,2.68394,14.3602,0.0945919,1,3.33333,0.355398,0,0.0996674,1
4.11251,12.7135,0.810295,0.5,2,2.09475,3.11535,14.5557,4.30542,12.3571,-2.21888,11.3859,3.11535,14.5557,2.76053,14.4177,0.0947456,1,3.33333,0.00133223,0,0.115431,1
4.1682,12.796,1.14363,0.5,2,2.06032,3.21606,14.6231,4.37139,12.4061,-2.21888,11.3859,3.21606,14.6231,2.86689,14.4904,0.0603228,1,-3.33333,-0.347578,0,0.0990363,1
4.22066,12.8806,0.850295,0.5,2,2.01318,3.88084,14.8649,4.30284,12.4008,-2.21888,11.3859,3.88084,14.8649,3.5127,14.8559,0.0131786,1,-3.33333,-0.372118,0,0.126692,1
4.29783,12.9435,0.516961,0.5,2,1.9765,3.83242,14.8644,4.4211,12.4347,-2.21888,11.3859,3.83242,14.8644,4.20239,15.0297,-0.0234979,1,-3.33333,-0.320954,0,0.114274,1
4.39133,12.9777,0.183628,0.5,2,1.97606,3.79643,14.862,4.54906,12.478,-2.21888,11.3859,3.79643,14.862,4.15595,15.0368,-0.0239424,1,-3.33333,-0.0045457,0,0.0977654,1
4.49085,12.9794,-0.149705,0.5,2,2.01118,3.75629,14.8516,4.66939,12.5243,-2.21888,11.3859,3.75629,14.8516,4.10912,15.0547,0.0111804,1,3.33333,0.290391,0,0.12095,1
4.59033,12.9747,0.116961,0.5,2,2.06516,3.27114,14.5636,4.8681,12.6402,-2.21888,11.3859,3.27114,14.5636,3.54752,14.8794,0.0651562,1,3.33333,0.465749,0,0.11589,1
4.68589,13.0026,0.450295,0.5,2,2.11361,3.39044,14.6727,4.92271,12.6973,-2.21888,11.3859,3.39044,14.6727,3.04535,14.4901,0.113611,1,3.33333,0.495977,0,0.0976956,1
4.76707,13.0602,0.783628,0.5,2,2.12661,3.52014,14.7829,4.98601,12.7577,-2.21888,11.3859,3.52014,14.7829,3.19237,14.5863,0.12661,1,3.33333,0.108635,0,0.119658,1
4.82495,13.1412,1.11696,0.5,2,2.10426,3.58818,14.8436,5.05754,12.821,-2.21888,11.3859,3.58818,14.8436,3.24387,14.6682,0.104264,1,3.33333,-0.22432,0,0.0996154,1
4.85314,13.2366,1.45029,0.5,2,2.0512,3.64471,14.8941,5.11755,12.874,-2.21888,11.3859,3.64471,14.8941,3.30795,14.7238,0.0511978,1,-3.33333,-0.45118,0,0.117617,1
4.87583,13.3336,1.17696,0.5,2,1.98558,4.18258,15.1942,5.05543,12.8515,-2.21888,11.3859,4.18258,15.1942,3.81938,15.1318,-0.0144229,1,-3.33333,-0.537909,0,0.121992,1
4.92874,13.4179,0.843628,0.5,2,1.9314,4.16367,15.1913,5.15398,12.8958,-2.21888,11.3859,4.16367,15.1913,3.81131,15.1167,-0.0685961,1,-3.33333,-0.542731,0,0.0998161,1
5.00633,13.4802,0.510295,0.5,2,1.9109,4.13175,15.1793,5.27595,12.9565,-2.21888,11.3859,4.13175,15.1793,4.4485,15.3956,-0.0891024,1,-3.33333,-0.178437,0,0.114922,1
5.10005,13.5138,0.176961,0.5,2,1.92939,4.10233,15.1652,5.39512,13.0254,-2.21888,11.3859,4.10233,15.1652,4.41061,15.3938,-0.070605,1,-3.33333,0.161065,0,0.114844,1
5.19958,13.5148,-0.156372,0.5,2,1.98105,4.11946,15.1755,5.48253,13.0798,-2.21888,11.3859,4.11946,15.1755,3.77096,15.0446,-0.0189542,1,3.33333,0.526425,0,0.0981164,1
5.29908,13.5113,0.130295,0.5,2,2.04722,3.72019,14.8145,5.64829,13.2231,-2.21888,11.3859,3.72019,14.8145,3.42688,14.5721,0.0472157,1,3.33333,0.526541,0,0.125669,1
5.39426,13.5405,0.463628,0.5,2,2.10728,3.81445,14.935,5.68868,13.2806,-2.21888,11.3859,3.81445,14.935,3.52924,14.6805,0.107279,1,3.33333,0.528432,0,0.113663,1
5.47468,13.5991,0.796961,0.5,2,2.13416,3.89713,15.0365,5.7451,13.3527,-2.21888,11.3859,3.89713,15.0365,3.61141,14.7788,0.134161,1,3.33333,0.275063,0,0.0977293,1
5.53147,13.6809,1.13029,0.5,2,2.12596,3.93282,15.0823,5.81273,13.4343,-2.21888,11.3859,3.93282,15.0823,3.61501,14.8433,0.125957,1,3.33333,-0.0697508,0,0.117618,1
5.55838,13.7767,1.46363,0.5,2,2.08737,3.98639,15.15,5.86914,13.5052,-2.21888,11.3859,3.98639,15.15,4.20052,15.5235,0.0873666,1,-3.33333,-0.325369,0,0.118604,1
5.57978,13.874,1.19029,0.5,2,2.03282,4.46672,15.575,5.83558,13.483,-2.21888,11.3859,4.46672,15.575,4.76906,15.8607,0.0328164,1,-3.33333,-0.546975,0,0.0997306,1
5.63156,13.959,0.856961,0.5,2,1.98958,4.45931,15.5665,5.9323,13.5465,-2.21888,11.3859,4.45931,15.5665,4.74053,15.8611,-0.0104206,1,-3.33333,-0.351576,0,0.12298,1
5.70831,14.0223,0.523628,0.5,2,1.9864,4.43144,15.544,6.03846,13.6289,-2.21888,11.3859,4.43144,15.544,4.69715,15.8464,-0.0136007,1,-3.33333,-0.0319104,0,0.0996585,1
5.80158,14.0571,0.190295,0.5,2,2.01984,4.42655,15.5367,6.12845,13.7054,-2.21888,11.3859,4.42655,15.5367,4.6788,15.8607,0.019841,1,3.33333,0.273393,0,0.122321,1
5.89707,14.0854,0.450295,0.5,2,2.07089,4.10726,15.1271,6.26794,13.8695,-2.21888,11.3859,4.10726,15.1271,3.87151,14.8306,0.0708883,1,3.33333,0.440252,0,0.11595,1
5.97826,14.143,0.783628,0.5,2,2.112,4.16985,15.2339,6.31048,13.9425,-2.21888,11.3859,4.16985,15.2339,3.93576,14.9312,0.112004,1,3.33333,0.413761,0,0.0993703,1
6.03614,14.224,1.11696,0.5,2,2.1191,4.21977,15.3155,6.36262,14.0278,-2.21888,11.3859,4.21977,15.3155,3.97072,15.0169,0.119105,1,3.33333,0.0603221,0,0.117715,1
6.06433,14.3194,1.45029,0.5,2,2.09394,4.26767,15.3949,6.41274,14.1109,-2.21888,11.3859,4.26767,15.3949,4.02007,15.1002,0.0939438,1,3.33333,-0.218976,0,0.114902,1
6.05974,14.4188,1.78363,0.5,2,2.0406,4.30705,15.4639,6.45432,14.1836,-2.21888,11.3859,4.30705,15.4639,4.04692,15.1837,0.0405984,1,-3.33333,-0.529127,0,0.100818,1
6.04885,14.5178,1.51696,0.5,2,1.97288,4.70549,15.9627,6.40778,14.1318,-2.21888,11.3859,4.70549,15.9627,4.38819,15.7731,-0.0271229,1,-3.33333,-0.584167,0,0.115928,1
6.07062,14.615,1.18363,0.5,2,1.91309,4.69872,15.9483,6.4915,14.2059,-2.21888,11.3859,4.69872,15.9483,4.92173,16.267,-0.0869057,1,-3.33333,-0.478462,0,0.124948,1
6.12298,14.6996,0.850295,0.5,2,1.88688,4.68353,15.9196,6.59071,14.3032,-2.21888,11.3859,4.68353,15.9196,4.89067,16.2368,-0.113121,1,-3.33333,-0.274391,0,0.0955397,1
6.20015,14.7625,0.516961,0.5,2,1.90072,4.68979,15.9164,6.67635,14.3987,-2.21888,11.3859,4.68979,15.9164,4.87638,16.2525,-0.0992783,1,-3.33333,0.116346,0,0.118978,1
6.29364,14.7966,0.183628,0.5,2,1.94766,4.72758,15.9546,6.73776,14.4683,-2.21888,11.3859,4.72758,15.9546,4.48428,15.6979,-0.052341,1,3.33333,0.466836,0,0.100544,1
6.38758,14.8296,0.503628,0.5,2,2.00857,4.47888,15.4551,6.85457,14.6765,-2.21888,11.3859,4.47888,15.4551,4.32385,15.1249,0.00857472,1,3.33333,0.514584,0,0.118379,1
6.46558,14.8914,0.836961,0.5,2,2.0576,4.52062,15.5628,6.88376,14.747,-2.21888,11.3859,4.52062,15.5628,4.36364,15.226,0.0575974,1,3.33333,0.370364,0,0.132363,1
6.51905,14.9754,1.17029,0.5,2,2.07514,4.55635,15.6491,6.9209,14.8374,-2.21888,11.3859,4.55635,15.6491,4.38805,15.3109,0.0751355,1,3.33333,0.18491,0,0.0948466,1
6.54212,15.0722,1.50363,0.5,2,2.06299,4.57842,15.7045,6.95809,14.9382,-2.21888,11.3859,4.57842,15.7045,4.63567,16.1224,0.0629923,1,3.33333,-0.102698,0,0.118241,1
6.53223,15.1712,1.83696,0.5,2,2.022,4.60649,15.7877,6.98748,15.0255,-2.21888,11.3859,4.60649,15.7877,4.66702,16.1945,0.0220006,1,-3.33333,-0.352576,0,0.116264,1
6.51668,15.2696,1.56363,0.5,2,1.96421,4.89619,16.3796,6.95871,14.9668,-2.21888,11.3859,4.89619,16.3796,5.06768,16.7395,-0.0357895,1,-3.33333,-0.572249,0,0.100988,1
6.5339,15.3676,1.23029,0.5,2,1.91409,4.88482,16.3394,7.03869,15.0702,-2.21888,11.3859,4.88482,16.3394,5.03675,16.6926,-0.0859135,1,-3.33333,-0.425966,0,0.117672,1
6.58224,15.4546,0.896961,0.5,2,1.90014,4.91408,16.3644,7.10887,15.1674,-2.21888,11.3859,4.91408,16.3644,4.6845,16.0936,-0.0998571,1,-3.33333,-0.12002,0,0.116177,1
6.6564,15.521,0.563628,0.5,2,1.92296,4.93858,16.3852,7.17187,15.2617,-2.21888,11.3859,4.93858,16.3852,4.74434,16.0949,-0.0770383,1,3.33333,0.231377,0,0.0986217,1
6.73387,15.5836,0.843628,0.5,2,1.96573,4.77466,15.7434,7.26638,15.5401,-2.21888,11.3859,4.77466,15.7434,4.69961,15.3936,-0.0342731,1,3.33333,0.364389,0,0.117361,1
6.78679,15.6679,1.17696,0.5,2,2.00114,4.78953,15.7923,7.28469,15.6368,-2.21888,11.3859,4.78953,15.7923,4.70402,15.433,0.00113583,1,3.33333,0.354307,0,0.0999387,1
6.80921,15.7649,1.51029,0.5,2,2.00901,4.80388,15.8863,7.2993,15.7352,-2.21888,11.3859,4.80388,15.8863,4.69845,15.5231,0.00900555,1,3.33333,0.0652299,0,0.120646,1
6.79866,15.8638,1.84363,0.5,2,1.98794,4.81415,15.9806,7.30984,15.8337,-2.21888,11.3859,4.81415,15.9806,4.71423,15.6215,-0.0120614,1,-3.33333,-0.180118,0,0.116962,1
6.78305,15.9622,1.56363,0.5,2,1.95045,4.94346,16.6104,7.30136,15.7795,-2.21888,11.3859,4.94346,16.6104,4.75381,16.2985,-0.0495452,1,-3.33333,-0.379925,0,0.0986612,1
6.80027,16.0602,1.23029,0.5,2,1.92172,4.94853,16.5741,7.35749,15.9056,-2.21888,11.3859,4.94853,16.5741,4.99165,16.9623,-0.0782814,1,-3.33333,-0.2411,0,0.119188,1
6.84862,16.1472,0.896961,0.5,2,1.93055,4.97226,16.6014,7.40208,16.0132,-2.21888,11.3859,4.97226,16.6014,4.82907,16.2746,-0.0694531,1,-3.33333,0.0731312,0,0.120718,1
6.92277,16.2136,0.563628,0.5,2,1.97283,4.99098,16.6139,7.43898,16.1066,-2.21888,11.3859,4.99098,16.6139,4.87924,16.2745,-0.0271726,1,3.33333,0.424445,0,0.0996137,1
7.00025,16.2761,0.843628,0.5,2,2.03011,4.99703,15.9468,7.46391,16.3524,-2.21888,11.3859,4.99703,15.9468,5.01239,15.5786,0.0301094,1,3.33333,0.488033,0,0.117373,1
7.05316,16.3605,1.17696,0.5,2,2.08115,5.00017,16.0193,7.46635,16.4291,-2.21888,11.3859,5.00017,16.0193,5.00361,15.6373,0.0811489,1,3.33333,0.432433,0,0.118029,1
7.07558,16.4574,1.51029,0.5,2,2.10615,4.99852,16.1086,7.464,16.5227,-2.21888,11.3859,4.99852,16.1086,4.98413,15.7154,0.106146,1,3.33333,0.253671,0,0.0985408,1
7.06503,16.5564,1.84363,0.5,2,2.10553,4.98919,16.2041,7.45395,16.6224,-2.21888,11.3859,4.98919,16.2041,4.97067,15.8093,0.105527,1,3.33333,-0.00503003,0,0.123001,1
7.02268,16.6465,2.17696,0.5,2,2.07042,4.98205,16.2966,7.44608,16.7191,-2.21888,11.3859,4.98205,16.2966,4.96289,15.9077,0.0704186,1,-3.33333,-0.298393,0,0.117659,1
6.97522,16.734,1.90363,0.5,2,2.0184,4.97612,17.0125,7.45221,16.6676,-2.21888,11.3859,4.97612,17.0125,4.97982,17.4184,0.0184028,1,-3.33333,-0.526918,0,0.098717,1
6.95876,16.8322,1.57029,0.5,2,1.97502,4.99466,17.0396,7.48083,16.7771,-2.21888,11.3859,4.99466,17.0396,4.96914,17.4416,-0.0249788,1,-3.33333,-0.353052,0,0.122876,1
6.97532,16.9303,1.23696,0.5,2,1.9634,5.01701,17.0717,7.51053,16.8917,-2.21888,11.3859,5.01701,17.0717,4.95576,16.7226,-0.0366005,1,-3.33333,-0.115911,0,0.100264,1
7.02309,17.0177,0.903628,0.5,2,1.9869,5.03664,17.0602,7.53606,17.0067,-2.21888,11.3859,5.03664,17.0602,4.99235,16.7042,-0.0130955,1,3.33333,0.202029,0,0.116345,1
7.07527,17.1025,1.18363,0.5,2,2.03043,5.17739,16.3809,7.51419,17.2693,-2.21888,11.3859,5.17739,16.3809,5.25922,16.0192,0.0304296,1,3.33333,0.364717,0,0.119339,1
7.09704,17.1996,1.51696,0.5,2,2.07278,5.17405,16.426,7.49339,17.359,-2.21888,11.3859,5.17405,16.426,5.25326,16.0513,0.0727813,1,3.33333,0.424229,0,0.0998323,1
7.08584,17.2985,1.85029,0.5,2,2.09006,5.14816,16.5151,7.46589,17.4522,-2.21888,11.3859,5.14816,16.5151,5.22037,16.1322,0.0900578,1,3.33333,0.146356,0,0.118045,1
7.04289,17.3883,2.18363,0.5,2,2.07363,5.12178,16.6077,7.43789,17.5488,-2.21888,11.3859,5.12178,16.6077,5.18977,16.2253,0.0736332,1,3.33333,-0.136434,0,0.120386,1
6.97292,17.4591,2.51696,0.5,2,2.02365,5.11306,16.6615,7.41071,17.6468,-2.21888,11.3859,5.11306,16.6615,4.90607,17.0118,0.0236509,1,-3.33333,-0.497173,0,0.100533,1
6.89858,17.5253,2.25029,0.5,2,1.956,4.94514,17.4253,7.44187,17.5532,-2.21888,11.3859,4.94514,17.4253,4.85338,17.8152,-0.0440036,1,-3.33333,-0.582438,0,0.116157,1
6.84974,17.6121,1.91696,0.5,2,1.89631,4.95574,17.5183,7.45269,17.6419,-2.21888,11.3859,4.95574,17.5183,4.9424,17.1776,-0.103687,1,-3.33333,-0.491468,0,0.121439,1
6.83197,17.71,1.58363,0.5,2,1.86767,4.97719,17.491,7.45994,17.7842,-2.21888,11.3859,4.97719,17.491,4.97138,17.1506,-0.132335,1,-3.33333,-0.28803,0,0.0994606,1
6.84722,17.8084,1.25029,0.5,2,1.87444,5.00498,17.4624,7.46203,17.9238,-2.21888,11.3859,5.00498,17.4624,5.01443,17.1181,-0.125557,1,-3.33333,0.0579125,0,0.117041,1
6.89381,17.8963,0.916961,0.5,2,1.91655,5.03863,17.4152,7.45859,18.0428,-2.21888,11.3859,5.03863,17.4152,5.05553,17.0571,-0.0834515,1,3.33333,0.419274,0,0.100424,1
6.94434,17.9821,1.20363,0.5,2,1.97341,5.34706,16.8232,7.37056,18.2914,-2.21888,11.3859,5.34706,16.8232,5.50259,16.4911,-0.0265921,1,3.33333,0.480825,0,0.118254,1
6.96416,18.0797,1.53696,0.5,2,2.02971,5.32336,16.8849,7.34433,18.3565,-2.21888,11.3859,5.32336,16.8849,5.47407,16.5333,0.0297146,1,3.33333,0.494556,0,0.113853,1
6.95098,18.1783,1.87029,0.5,2,2.06552,5.28333,16.9596,7.30177,18.4347,-2.21888,11.3859,5.28333,16.9596,4.9706,17.2481,0.0655189,1,3.33333,0.359513,0,0.0995911,1
6.90624,18.2673,2.20363,0.5,2,2.0678,5.23885,17.0443,7.25475,18.5229,-2.21888,11.3859,5.23885,17.0443,4.94127,17.3402,0.067802,1,3.33333,0.0189959,0,0.120189,1
6.83487,18.3366,2.53696,0.5,2,2.03337,5.15625,17.1891,7.22009,18.6,-2.21888,11.3859,5.15625,17.1891,5.31678,16.8522,0.0333669,1,-3.33333,-0.288721,0,0.119268,1
6.75922,18.4014,2.27029,0.5,2,1.97868,4.84866,17.8867,7.26259,18.537,-2.21888,11.3859,4.84866,17.8867,4.90217,17.5324,-0.0213195,1,-3.33333,-0.548466,0,0.099708,1
6.70865,18.4871,1.93696,0.5,2,1.93592,4.86727,17.8896,7.24519,18.6613,-2.21888,11.3859,4.86727,17.8896,4.92639,17.5403,-0.0640804,1,-3.33333,-0.369652,0,0.115679,1
6.68893,18.5847,1.60363,0.5,2,1.93181,4.90912,17.8336,7.21241,18.8056,-2.21888,11.3859,4.90912,17.8336,4.70303,18.1669,-0.0681915,1,-3.33333,-0.0349395,0,0.117666,1
6.70221,18.6833,1.27029,0.5,2,1.96131,4.9513,17.7996,7.18312,18.9261,-2.21888,11.3859,4.9513,17.7996,4.71752,18.1224,-0.0386946,1,3.33333,0.302878,0,0.0973888,1
6.71931,18.7814,1.56363,0.5,2,2.00866,5.31366,17.3466,7.06316,19.1324,-2.21888,11.3859,5.31366,17.3466,4.99059,17.5893,0.00865507,1,3.33333,0.397923,0,0.118992,1
6.7035,18.8797,1.89696,0.5,2,2.0517,5.24485,17.4369,7.02223,19.195,-2.21888,11.3859,5.24485,17.4369,4.90816,17.6829,0.0516951,1,3.33333,0.426402,0,0.100938,1
6.65641,18.9674,2.23029,0.5,2,2.06235,5.14286,17.5665,6.97759,19.2647,-2.21888,11.3859,5.14286,17.5665,5.35493,17.2536,0.0623543,1,3.33333,0.0922122,0,0.115594,1
6.58322,19.0348,2.56363,0.5,2,2.0363,5.09117,17.6491,6.92298,19.3504,-2.21888,11.3859,5.09117,17.6491,5.30273,17.3427,0.0363021,1,-3.33333,-0.221867,0,0.117423,1
6.50664,19.0985,2.28363,0.5,2,1.99415,4.71191,18.2292,6.96191,19.319,-2.21888,11.3859,4.71191,18.2292,4.80809,17.8715,-0.00585091,1,-3.33333,-0.424694,0,0.0992549,1
6.45494,19.1835,1.95029,0.5,2,1.96742,4.74672,18.2075,6.91735,19.4478,-2.21888,11.3859,4.74672,18.2075,4.49158,18.5173,-0.0325766,1,-3.33333,-0.22466,0,0.11896,1
6.43392,19.2808,1.61696,0.5,2,1.98035,4.7853,18.1836,6.86652,19.5687,-2.21888,11.3859,4.7853,18.1836,4.51738,18.4813,-0.0196542,1,3.33333,0.109158,0,0.118382,1
6.41849,19.3792,1.89029,0.5,2,2.01334,5.21543,17.7648,6.70929,19.7694,-2.21888,11.3859,5.21543,17.7648,4.86282,17.9634,0.0133431,1,3.33333,0.339864,0,0.0970895,1
6.37198,19.4672,2.22363,0.5,2,2.03761,5.10088,17.8747,6.66043,19.8286,-2.21888,11.3859,5.10088,17.8747,5.35181,17.5957,0.0376093,1,3.33333,0.202838,0,0.119634,1
6.29924,19.5352,2.55696,0.5,2,2.02599,5.01063,17.9718,6.60073,19.9009,-2.21888,11.3859,5.01063,17.9718,5.26453,17.7061,0.0259891,1,-3.33333,-0.0995916,0,0.116679,1
6.2227,19.5988,2.28363,0.5,2,1.99706,4.56399,18.4867,6.64043,19.8789,-2.21888,11.3859,4.56399,18.4867,4.71671,18.1525,-0.00293756,1,-3.33333,-0.290337,0,0.0996313,1
6.171,19.6839,1.95029,0.5,2,1.98422,4.60196,18.4693,6.57886,19.9996,-2.21888,11.3859,4.60196,18.4693,4.76671,18.1382,-0.0157846,1,-3.33333,-0.0952502,0,0.134877,1
6.14997,19.7812,1.61696,0.5,2,2.00986,4.64805,18.4456,6.51625,20.1069,-2.21888,11.3859,4.64805,18.4456,4.8358,18.1204,0.00985646,1,3.33333,0.323778,0,0.0791934,1
6.13335,19.8794,1.90363,0.5,2,2.05453,5.13948,18.0812,6.34884,20.2692,-2.21888,11.3859,5.13948,18.0812,4.73974,18.2144,0.0545263,1,3.33333,0.373566,0,0.119577,1
6.08567,19.9667,2.23696,0.5,2,2.09062,5.07749,18.1353,6.28308,20.3254,-2.21888,11.3859,5.07749,18.1353,4.6746,18.275,0.0906246,1,3.33333,0.307235,0,0.117494,1
6.01203,20.0337,2.57029,0.5,2,2.09339,4.94222,18.2343,6.21982,20.3832,-2.21888,11.3859,4.94222,18.2343,5.24032,17.995,0.0933886,1,3.33333,0.0278371,0,0.0992915,1
5.92053,20.0729,2.90363,0.5,2,2.0646,4.86849,18.2964,6.14239,20.4475,-2.21888,11.3859,4.86849,18.2964,5.1661,18.0694,0.0646005,1,-3.33333,-0.247954,0,0.116103,1
5.82711,20.1073,2.62363,0.5,2,2.02266,4.40495,18.6691,6.16274,20.4468,-2.21888,11.3859,4.40495,18.6691,4.61322,18.3528,0.0226588,1,-3.33333,-0.358938,0,0.116849,1
5.75001,20.1703,2.29029,0.5,2,1.99608,4.47294,18.6362,6.07241,20.5576,-2.21888,11.3859,4.47294,18.6362,4.13105,18.8488,-0.00392056,1,-3.33333,-0.264244,0,0.100586,1
5.69774,20.255,1.95696,0.5,2,2.01003,4.49159,18.6471,5.99175,20.647,-2.21888,11.3859,4.49159,18.6471,4.12667,18.8342,0.0100307,1,3.33333,0.119769,0,0.116485,1
5.64986,20.3423,2.23696,0.5,2,2.04507,5.12636,18.3654,5.76632,20.7821,-2.21888,11.3859,5.12636,18.3654,4.71272,18.4065,0.0450671,1,3.33333,0.28836,0,0.121502,1
5.57622,20.4093,2.57029,0.5,2,2.07239,5.01428,18.4145,5.69217,20.8209,-2.21888,11.3859,5.01428,18.4145,5.3608,18.2636,0.0723872,1,3.33333,0.287588,0,0.0949975,1
5.48472,20.4485,2.90363,0.5,2,2.06984,4.9269,18.4552,5.60065,20.8627,-2.21888,11.3859,4.9269,18.4552,5.27369,18.3095,0.0698438,1,3.33333,-0.0216809,0,0.117313,1
5.38544,20.4555,-3.04622,0.5,2,2.03998,4.87343,18.4809,5.50089,20.9008,-2.21888,11.3859,4.87343,18.4809,5.21604,18.3203,0.0399847,1,-3.33333,-0.301714,0,0.0989649,1
5.28591,20.4582,2.95029,0.5,2,1.99807,4.28806,18.7271,5.53658,20.893,-2.21888,11.3859,4.28806,18.7271,4.57108,18.49,-0.00193429,1,-3.33333,-0.325791,0,0.128668,1
5.19268,20.493,2.61696,0.5,2,1.96568,4.36011,18.7124,5.419,20.9771,-2.21888,11.3859,4.36011,18.7124,3.98296,18.8316,-0.034324,1,-3.33333,-0.282119,0,0.114809,1
5.11599,20.5565,2.28363,0.5,2,1.97473,4.3712,18.7276,5.31411,21.043,-2.21888,11.3859,4.3712,18.7276,4.67938,18.5299,-0.0252703,1,3.33333,0.0917221,0,0.0987081,1
5.04264,20.6238,2.56363,0.5,2,2.00618,5.00359,18.618,5.05225,21.1175,-2.21888,11.3859,5.00359,18.618,5.36256,18.5773,0.00618482,1,3.33333,0.262869,0,0.119661,1
4.9514,20.6636,2.89696,0.5,2,2.03274,4.98629,18.6312,4.94338,21.1308,-2.21888,11.3859,4.98629,18.6312,5.35289,18.5949,0.0327399,1,3.33333,0.224511,0,0.11828,1
4.85216,20.6714,-3.05289,0.5,2,2.03674,4.92616,18.636,4.83533,21.1343,-2.21888,11.3859,4.92616,18.636,5.29786,18.5892,0.0367391,1,3.33333,0.0398799,0,0.100282,1
4.75585,20.6462,-2.71956,0.5,2,2.00933,4.86734,18.64,4.72863,21.1361,-2.21888,11.3859,4.86734,18.64,5.24007,18.5786,0.00933099,1,-3.33333,-0.235393,0,0.116436,1
4.66129,20.615,-2.98622,0.5,2,1.96607,4.21574,18.7001,4.78229,21.1351,-2.21888,11.3859,4.21574,18.7001,3.82147,18.7374,-0.0339348,1,-3.33333,-0.370451,0,0.116792,1
4.56176,20.6161,2.96363,0.5,2,1.93228,4.18655,18.7206,4.672,21.1731,-2.21888,11.3859,4.18655,18.7206,4.51978,18.6068,-0.0677217,1,-3.33333,-0.33846,0,0.0998253,1
4.46807,20.6498,2.63029,0.5,2,1.93184,4.18935,18.7381,4.55004,21.212,-2.21888,11.3859,4.18935,18.7381,4.52754,18.6515,-0.0681607,1,-3.33333,-0.00365564,0,0.120069,1
4.39055,20.7122,2.29696,0.5,2,1.96978,4.27393,18.7459,4.42194,21.2415,-2.21888,11.3859,4.27393,18.7459,4.62796,18.6622,-0.0302153,1,3.33333,0.389354,0,0.0974573,1
4.31508,20.7771,2.59696,0.5,2,2.02985,5.00249,18.8672,4.15586,21.2195,-2.21888,11.3859,5.00249,18.8672,5.37329,18.929,0.0298507,1,3.33333,0.510035,0,0.117768,1
4.22257,20.8139,2.93029,0.5,2,2.08579,5.00032,18.8785,4.06812,21.1982,-2.21888,11.3859,5.00032,18.8785,4.63741,18.6583,0.0857894,1,3.33333,0.475266,0,0.1177,1
4.12313,20.8183,-3.01956,0.5,2,2.12462,4.91875,18.8483,3.98256,21.1664,-2.21888,11.3859,4.91875,18.8483,4.5503,18.619,0.124619,1,3.33333,0.384851,0,0.100894,1
4.02771,20.79,-2.68622,0.5,2,2.13071,4.79443,18.802,3.89483,21.1345,-2.21888,11.3859,4.79443,18.802,5.18248,18.875,0.130712,1,3.33333,0.0524986,0,0.116061,1
3.94682,20.732,-2.35289,0.5,2,2.10003,4.67158,18.761,3.80878,21.1074,-2.21888,11.3859,4.67158,18.761,5.03969,18.8534,0.100027,1,-3.33333,-0.252365,0,0.121587,1
3.8701,20.6685,-2.61289,0.5,2,2.05017,3.95209,18.6199,3.8521,21.1179,-2.21888,11.3859,3.95209,18.6199,4.33214,18.5479,0.0501745,1,-3.33333,-0.508074,0,0.0981213,1
3.77701,20.6332,-2.94622,0.5,2,2.01385,3.92428,18.6247,3.74146,21.1181,-2.21888,11.3859,3.92428,18.6247,3.52509,18.5226,0.0138509,1,-3.33333,-0.287927,0,0.126156,1
3.67751,20.6304,3.00363,0.5,2,2.01321,3.99575,18.6425,3.60056,21.111,-2.21888,11.3859,3.99575,18.6425,3.60717,18.5153,0.0132079,1,3.33333,-0.00545135,0,0.117955,1
3.57797,20.6326,-2.99956,0.5,2,2.03701,4.53861,18.8363,3.35963,21.0409,-2.21888,11.3859,4.53861,18.8363,4.21299,18.5733,0.037009,1,3.33333,0.239142,0,0.0995271,1
3.48314,20.6024,-2.66622,0.5,2,2.0515,4.39006,18.7622,3.28487,21.0046,-2.21888,11.3859,4.39006,18.7622,4.73426,18.8952,0.0515034,1,3.33333,0.116111,0,0.124832,1
3.40342,20.5427,-2.33289,0.5,2,2.03297,4.33695,18.7368,3.18897,20.9576,-2.21888,11.3859,4.33695,18.7368,4.68812,18.8585,0.0329731,1,-3.33333,-0.184262,0,0.100565,1
3.32528,20.4811,-2.63956,0.5,2,1.99972,3.66443,18.5103,3.24044,20.9741,-2.21888,11.3859,3.66443,18.5103,4.0365,18.5017,-0.000283957,1,-3.33333,-0.275909,0,0.120536,1
3.23129,20.4483,-2.97289,0.5,2,1.98391,3.7,18.5206,3.10936,20.9498,-2.21888,11.3859,3.7,18.5206,3.32872,18.3558,-0.0160851,1,-3.33333,-0.137285,0,0.115098,1
3.13175,20.4481,2.97696,0.5,2,2.00809,3.73784,18.5337,2.98328,20.9171,-2.21888,11.3859,3.73784,18.5337,3.37292,18.3532,0.00808644,1,3.33333,0.237055,0,0.101966,1
3.03239,20.4548,-3.04622,0.5,2,2.05102,4.19304,18.7638,2.77832,20.825,-2.21888,11.3859,4.19304,18.7638,4.52038,18.9387,0.0510228,1,3.33333,0.372289,0,0.115331,1
2.93625,20.429,-2.71289,0.5,2,2.08724,4.15017,18.7311,2.69619,20.7648,-2.21888,11.3859,4.15017,18.7311,4.48926,18.9062,0.0872416,1,3.33333,0.307635,0,0.117733,1
2.85384,20.3732,-2.37956,0.5,2,2.09229,4.10311,18.6948,2.6104,20.7003,-2.21888,11.3859,4.10311,18.6948,4.46096,18.8567,0.0922899,1,3.33333,0.0517016,0,0.0976425,1
2.79422,20.2935,-2.04622,0.5,2,2.06817,4.06067,18.6584,2.52979,20.6349,-2.21888,11.3859,4.06067,18.6584,3.7776,18.3433,0.0681658,1,-3.33333,-0.203696,0,0.118432,1
2.73976,20.2101,-2.31289,0.5,2,2.03093,3.51634,18.3335,2.5604,20.6435,-2.21888,11.3859,3.51634,18.3335,3.16554,18.1138,0.0309329,1,-3.33333,-0.312952,0,0.118973,1
2.66125,20.1489,-2.64622,0.5,2,2.00798,3.49019,18.32,2.45813,20.5971,-2.21888,11.3859,3.49019,18.32,3.84098,18.4248,0.00797844,1,-3.33333,-0.233111,0,0.09847,1
2.56704,20.1168,-2.97956,0.5,2,2.02239,3.52532,18.3359,2.34073,20.5374,-2.21888,11.3859,3.52532,18.3359,3.86969,18.4664,0.0223904,1,3.33333,0.123288,0,0.116896,1
2.47111,20.0901,-2.70622,0.5,2,2.06039,4.04817,18.7642,2.13462,20.373,-2.21888,11.3859,4.04817,18.7642,4.34694,19.0047,0.0603869,1,3.33333,0.386127,0,0.0984043,1
2.38907,20.0337,-2.37289,0.5,2,2.09396,4.01738,18.7172,2.07332,20.289,-2.21888,11.3859,4.01738,18.7172,4.32121,18.9646,0.0939603,1,3.33333,0.282892,0,0.118679,1
2.32999,19.9536,-2.03956,0.5,2,2.09709,3.98571,18.6666,2.01188,20.2009,-2.21888,11.3859,3.98571,18.6666,3.79141,18.2808,0.097091,1,3.33333,0.026329,0,0.118906,1
2.30038,19.8586,-1.70622,0.5,2,2.07382,3.93991,18.5887,1.96344,20.1196,-2.21888,11.3859,3.93991,18.5887,3.74425,18.2116,0.0738189,1,-3.33333,-0.238137,0,0.0977254,1
2.27566,19.7621,-1.98622,0.5,2,2.03372,3.44789,18.1003,2.00689,20.1432,-2.21888,11.3859,3.44789,18.1003,3.77538,18.2727,0.0337155,1,-3.33333,-0.341077,0,0.117579,1
2.22094,19.679,-2.31956,0.5,2,2.00431,3.51193,18.1458,1.90166,20.0582,-2.21888,11.3859,3.51193,18.1458,3.84151,18.3239,0.00431466,1,-3.33333,-0.243233,0,0.120875,1
2.14202,19.6183,-2.65289,0.5,2,2.01568,3.54224,18.1684,1.80558,19.9667,-2.21888,11.3859,3.54224,18.1684,3.85792,18.3717,0.0156796,1,3.33333,0.115651,0,0.098269,1
2.05973,19.5623,-2.37956,0.5,2,2.0618,3.98018,18.812,1.65157,19.7217,-2.21888,11.3859,3.98018,18.812,3.9068,18.3929,0.0617988,1,3.33333,0.397251,0,0.116096,1
2.00012,19.4826,-2.04622,0.5,2,2.10102,3.99556,18.8249,1.62118,19.6074,-2.21888,11.3859,3.99556,18.8249,3.92221,18.4066,0.101016,1,3.33333,0.329277,0,0.1191,1
1.96987,19.3877,-1.71289,0.5,2,2.11309,3.95373,18.6601,1.60662,19.521,-2.21888,11.3859,3.95373,18.6601,4.13893,18.9997,0.113092,1,3.33333,0.122831,0,0.0983171,1
1.97232,19.2882,-1.37956,0.5,2,2.09228,3.93787,18.5711,1.58928,19.428,-2.21888,11.3859,3.93787,18.5711,4.12085,18.9077,0.0922751,1,3.33333,-0.173862,0,0.119733,1
2.00718,19.195,-1.04622,0.5,2,2.04526,3.94166,18.531,1.57707,19.3426,-2.21888,11.3859,3.94166,18.531,4.1383,18.8596,0.0452554,1,-3.33333,-0.471102,0,0.099808,1
2.04267,19.102,-1.37289,0.5,2,1.98522,3.59284,17.8618,1.6407,19.4236,-2.21888,11.3859,3.59284,17.8618,3.39538,17.5091,-0.0147848,1,-3.33333,-0.515136,0,0.116552,1
2.04578,19.0025,-1.70622,0.5,2,1.93454,3.61562,17.872,1.58693,19.3329,-2.21888,11.3859,3.61562,17.872,3.43306,17.5273,-0.0654575,1,-3.33333,-0.428155,0,0.118351,1
2.01617,18.9075,-2.03956,0.5,2,1.91478,3.6425,17.8968,1.51911,19.2164,-2.21888,11.3859,3.6425,17.8968,3.48761,17.5421,-0.0852154,1,-3.33333,-0.188604,0,0.104759,1
1.95709,18.8274,-2.37289,0.5,2,1.93332,3.63212,17.862,1.46612,19.1103,-2.21888,11.3859,3.63212,17.862,3.84268,18.1427,-0.0666779,1,-3.33333,0.162715,0,0.113926,1
1.87505,18.771,-2.70622,0.5,2,1.98854,3.6615,17.8975,1.41557,18.9956,-2.21888,11.3859,3.6615,17.8975,3.85901,18.2,-0.0114594,1,3.33333,0.457378,0,0.120728,1
1.78989,18.7194,-2.43289,0.5,2,2.06597,3.85406,18.6331,1.35624,18.7375,-2.21888,11.3859,3.85406,18.6331,3.93448,19.0058,0.0659721,1,3.33333,0.770909,0,0.100442,1
1.72611,18.643,-2.09956,0.5,2,2.14208,3.86816,18.6319,1.3682,18.6448,-2.21888,11.3859,3.86816,18.6319,3.96233,19.0254,0.142079,1,3.33333,0.638799,0,0.119141,1
1.69085,18.5499,-1.76622,0.5,2,2.19616,3.887,18.5423,1.38701,18.5509,-2.21888,11.3859,3.887,18.5423,3.97778,18.945,0.196156,1,3.33333,0.481307,0,0.112354,1
1.68799,18.4504,-1.43289,0.5,2,2.22204,3.90975,18.4853,1.41006,18.446,-2.21888,11.3859,3.90975,18.4853,3.98346,18.0416,0.222037,1,3.33333,0.256537,0,0.100885,1
1.71784,18.3554,-1.09956,0.5,2,2.21411,3.93162,18.3168,1.432,18.3604,-2.21888,11.3859,3.93162,18.3168,4.01412,18.7191,0.214114,1,3.33333,-0.0676091,0,0.11719,1
1.77712,18.2755,-0.766224,0.5,2,2.17348,3.9494,18.2034,1.45078,18.2863,-2.21888,11.3859,3.9494,18.2034,4.01331,18.5937,0.173479,1,-3.33333,-0.406836,0,0.0998789,1
1.83692,18.1959,-1.09289,0.5,2,2.12113,3.83492,17.4837,1.48004,18.3231,-2.21888,11.3859,3.83492,17.4837,4.01692,17.8265,0.121127,1,-3.33333,-0.443857,0,0.117949,1
1.8674,18.1011,-1.42622,0.5,2,2.08312,3.86249,17.502,1.46815,18.2211,-2.21888,11.3859,3.86249,17.502,4.02513,17.847,0.0831249,1,-3.33333,-0.315884,0,0.120303,1
1.8652,18.0016,-1.75956,0.5,2,2.0787,3.89986,17.576,1.45283,18.0879,-2.21888,11.3859,3.89986,17.576,4.05022,17.9324,0.0786965,1,3.33333,-0.0448693,0,0.0986952,1
1.85731,17.9024,-1.48622,0.5,2,2.09557,3.93326,18.1884,1.45666,17.8472,-2.21888,11.3859,3.93326,18.1884,3.97082,18.5828,0.0955703,1,3.33333,0.145006,0,0.116366,1
1.88205,17.806,-1.15289,0.5,2,2.10771,3.96953,18.0973,1.49352,17.7517,-2.21888,11.3859,3.96953,18.0973,4.10951,17.687,0.107708,1,3.33333,0.10128,0,0.119838,1
1.93698,17.723,-0.819558,0.5,2,2.08472,4.01012,17.9424,1.52401,17.6792,-2.21888,11.3859,4.01012,17.9424,4.01557,18.3207,0.0847237,1,-3.33333,-0.23107,0,0.0994668,1
1.99561,17.6425,-1.10622,0.5,2,2.04742,4.00276,17.2384,1.55193,17.7318,-2.21888,11.3859,4.00276,17.2384,4.12456,17.5911,0.0474219,1,-3.33333,-0.319855,0,0.116621,1
2.02482,17.5473,-1.43956,0.5,2,2.02302,4.03062,17.2839,1.5519,17.6094,-2.21888,11.3859,4.03062,17.2839,4.1613,17.6413,0.023015,1,-3.33333,-0.203718,0,0.119807,1
2.0213,17.4479,-1.77289,0.5,2,2.03568,4.05491,17.3562,1.55744,17.4687,-2.21888,11.3859,4.05491,17.3562,4.09376,16.9473,0.0356772,1,3.33333,0.126614,0,0.100006,1
2.01268,17.3487,-1.49289,0.5,2,2.06962,3.99744,17.9352,1.59994,17.2267,-2.21888,11.3859,3.99744,17.9352,4.18996,17.5569,0.0696166,1,3.33333,0.289435,0,0.117261,1
2.03678,17.2521,-1.15956,0.5,2,2.09776,4.04751,17.8501,1.65123,17.1374,-2.21888,11.3859,4.04751,17.8501,4.22936,17.4656,0.0977583,1,3.33333,0.282849,0,0.099494,1
2.09116,17.1687,-0.826224,0.5,2,2.08974,4.11285,17.6976,1.69425,17.0649,-2.21888,11.3859,4.11285,17.6976,4.07618,18.0801,0.089736,1,3.33333,-0.066373,0,0.120867,1
2.16982,17.1077,-0.492891,0.5,2,2.05106,4.15321,17.6302,1.7357,16.9933,-2.21888,11.3859,4.15321,17.6302,4.10829,18.0017,0.051065,1,-3.33333,-0.330848,0,0.116885,1
2.25152,17.0508,-0.772891,0.5,2,2.00184,4.25334,17.0409,1.75337,17.0533,-2.21888,11.3859,4.25334,17.0409,4.32155,17.4053,0.00184107,1,-3.33333,-0.487922,0,0.100885,1
2.31026,16.9705,-1.10622,0.5,2,1.96306,4.27128,17.0601,1.77389,16.9459,-2.21888,11.3859,4.27128,17.0601,4.31375,17.4189,-0.0369359,1,-3.33333,-0.322942,0,0.120074,1
2.33948,16.8753,-1.43956,0.5,2,1.96344,4.28604,17.1322,1.80753,16.8051,-2.21888,11.3859,4.28604,17.1322,4.39302,16.7504,-0.0365605,1,-3.33333,0.00324032,0,0.11585,1
2.33595,16.7758,-1.77289,0.5,2,2.00281,4.29911,17.1724,1.84861,16.6774,-2.21888,11.3859,4.29911,17.1724,4.43434,16.7912,0.00281096,1,3.33333,0.3863,0,0.10192,1
2.32613,16.6767,-1.50622,0.5,2,2.06218,4.13497,17.667,1.9421,16.4665,-2.21888,11.3859,4.13497,17.667,4.01167,18.0271,0.0621796,1,3.33333,0.508838,0,0.116675,1
2.34895,16.5798,-1.17289,0.5,2,2.11142,4.2167,17.5645,2.00521,16.3986,-2.21888,11.3859,4.2167,17.5645,4.08038,17.9228,0.11142,1,3.33333,0.422625,0,0.116512,1
2.4022,16.4958,-0.839558,0.5,2,2.12794,4.2652,17.524,2.07647,16.316,-2.21888,11.3859,4.2652,17.524,4.13715,17.8955,0.12794,1,3.33333,0.164433,0,0.100463,1
2.48005,16.4337,-0.506224,0.5,2,2.11335,4.3285,17.4581,2.14185,16.2463,-2.21888,11.3859,4.3285,17.4581,4.19668,17.8236,0.113346,1,3.33333,-0.124995,0,0.116754,1
2.5739,16.4006,-0.172891,0.5,2,2.07208,4.36668,17.4395,2.20366,16.186,-2.21888,11.3859,4.36668,17.4395,4.62715,17.1113,0.072083,1,-3.33333,-0.343809,0,0.120017,1
2.66988,16.374,-0.432891,0.5,2,2.01894,4.62715,16.8691,2.2035,16.256,-2.21888,11.3859,4.62715,16.8691,4.78304,16.492,0.0189354,1,-3.33333,-0.551066,0,0.0964451,1
2.75205,16.3178,-0.766224,0.5,2,1.97276,4.63762,16.8978,2.24812,16.1628,-2.21888,11.3859,4.63762,16.8978,4.80155,16.5368,-0.0272356,1,-3.33333,-0.385957,0,0.119627,1
2.81133,16.2378,-1.09956,0.5,2,1.96008,4.6532,16.9082,2.30397,16.0532,-2.21888,11.3859,4.6532,16.9082,4.83895,16.559,-0.0399214,1,-3.33333,-0.128083,0,0.0990437,1
2.84118,16.1429,-1.43289,0.5,2,1.98486,4.69543,16.851,2.35994,15.9591,-2.21888,11.3859,4.69543,16.851,4.60107,17.1962,-0.0151412,1,3.33333,0.194175,0,0.127617,1
2.86382,16.0459,-1.17956,0.5,2,2.0322,4.36413,17.4166,2.51846,15.7304,-2.21888,11.3859,4.36413,17.4166,4.15212,17.7198,0.032203,1,3.33333,0.414363,0,0.114258,1
2.91652,15.9615,-0.846224,0.5,2,2.07351,4.42022,17.3892,2.60723,15.6678,-2.21888,11.3859,4.42022,17.3892,4.20269,17.7005,0.073513,1,3.33333,0.408854,0,0.101039,1
2.99394,15.8989,-0.512891,0.5,2,2.08384,4.47735,17.3624,2.69769,15.6066,-2.21888,11.3859,4.47735,17.3624,4.27386,17.7008,0.0838385,1,3.33333,0.0844744,0,0.122231,1
3.08758,15.8651,-0.179558,0.5,2,2.06626,4.53037,17.3442,2.78471,15.5546,-2.21888,11.3859,4.53037,17.3442,4.86348,17.0954,0.0662596,1,3.33333,-0.147949,0,0.118817,1
3.1871,15.8638,0.153776,0.5,2,2.0229,4.62223,17.2895,2.84863,15.5276,-2.21888,11.3859,4.62223,17.2895,4.95325,17.0466,0.0228958,1,-3.33333,-0.441486,0,0.0982225,1
3.28661,15.867,-0.132891,0.5,2,1.96772,5.06433,16.7106,2.80573,15.6388,-2.21888,11.3859,5.06433,16.7106,4.97117,17.0636,-0.0322849,1,-3.33333,-0.467761,0,0.117968,1
3.38172,15.8377,-0.466224,0.5,2,1.91444,5.08312,16.7153,2.86132,15.5692,-2.21888,11.3859,5.08312,16.7153,4.96764,17.0453,-0.0855573,1,-3.33333,-0.451445,0,0.118004,1
3.46198,15.7788,-0.799558,0.5,2,1.8872,5.09323,16.7278,2.93229,15.4706,-2.21888,11.3859,5.09323,16.7278,4.95943,17.0437,-0.1128,1,-3.33333,-0.277229,0,0.0982681,1
3.51856,15.6969,-1.13289,0.5,2,1.89887,5.09112,16.7612,3.02072,15.36,-2.21888,11.3859,5.09112,16.7612,4.93618,17.0702,-0.101133,1,-3.33333,0.0988103,0,0.11808,1
3.54523,15.601,-1.46622,0.5,2,1.95077,5.08263,16.8018,3.11237,15.2629,-2.21888,11.3859,5.08263,16.8018,4.91629,17.1233,-0.0492346,1,3.33333,0.51628,0,0.100523,1
3.56696,15.5038,-1.18622,0.5,2,2.0232,4.60795,17.2387,3.32163,15.095,-2.21888,11.3859,4.60795,17.2387,4.32884,17.4922,0.0232019,1,3.33333,0.624914,0,0.115914,1
3.61909,15.419,-0.852891,0.5,2,2.08738,4.65859,17.2292,3.41361,15.0612,-2.21888,11.3859,4.65859,17.2292,5.05757,17.0816,0.0873778,1,3.33333,0.527783,0,0.121595,1
3.6961,15.356,-0.519558,0.5,2,2.12285,4.75009,17.1987,3.50884,15.0286,-2.21888,11.3859,4.75009,17.1987,5.14442,17.0357,0.122853,1,3.33333,0.359409,0,0.0987043,1
3.7895,15.3216,-0.186224,0.5,2,2.12857,4.90705,17.1332,3.59449,15.0054,-2.21888,11.3859,4.90705,17.1332,4.6174,17.4052,0.128566,1,3.33333,0.0477948,0,0.119522,1
3.88902,15.3196,0.147109,0.5,2,2.10096,5.0508,17.0701,3.66836,14.9871,-2.21888,11.3859,5.0508,17.0701,4.7555,17.3056,0.100959,1,3.33333,-0.231109,0,0.119451,1
3.9837,15.3503,0.480442,0.5,2,2.04693,5.11267,17.0578,3.73381,14.9724,-2.21888,11.3859,5.11267,17.0578,4.83154,17.3028,0.0469337,1,-3.33333,-0.549489,0,0.0983198,1
4.07649,15.3864,0.207109,0.5,2,1.98105,5.68191,16.5471,3.65595,15.0824,-2.21888,11.3859,5.68191,16.5471,5.51374,16.8678,-0.0189465,1,-3.33333,-0.549718,0,0.119844,1
4.17595,15.3905,-0.126224,0.5,2,1.91909,5.71327,16.5392,3.7106,15.0428,-2.21888,11.3859,5.71327,16.5392,5.54173,16.8432,-0.0809098,1,-3.33333,-0.600303,0,0.10322,1
4.27125,15.3617,-0.459558,0.5,2,1.87891,5.67479,16.6109,3.8073,14.9488,-2.21888,11.3859,5.67479,16.6109,5.97385,16.3714,-0.121086,1,-3.33333,-0.35345,0,0.113668,1
4.3519,15.3034,-0.792891,0.5,2,1.87146,5.66198,16.6398,3.9119,14.8545,-2.21888,11.3859,5.66198,16.6398,5.96831,16.4173,-0.128539,1,-3.33333,-0.0635736,0,0.117228,1
4.40902,15.2219,-1.12622,0.5,2,1.90496,5.6469,16.6698,4.02235,14.7696,-2.21888,11.3859,5.6469,16.6698,5.96672,16.4597,-0.0950428,1,3.33333,0.337608,0,0.0992151,1
4.46243,15.1379,-0.839558,0.5,2,1.96238,5.10466,16.9922,4.28648,14.6298,-2.21888,11.3859,5.10466,16.9922,5.50068,16.9287,-0.0376154,1,3.33333,0.477485,0,0.120271,1
4.54027,15.0758,-0.506224,0.5,2,2.01339,5.19592,16.9795,4.38181,14.6157,-2.21888,11.3859,5.19592,16.9795,4.87282,17.1744,0.0133898,1,3.33333,0.430271,0,0.118542,1
4.63412,15.0427,-0.172891,0.5,2,2.03378,5.35985,16.9426,4.46776,14.6071,-2.21888,11.3859,5.35985,16.9426,5.03174,17.1063,0.0337806,1,3.33333,0.20952,0,0.0973215,1
4.73366,15.042,0.160442,0.5,2,2.02216,5.41889,16.9446,4.57174,14.5925,-2.21888,11.3859,5.41889,16.9446,5.09371,17.1249,0.0221574,1,-3.33333,-0.0970577,0,0.119755,1
4.83313,15.0465,-0.119558,0.5,2,1.99237,6.05565,16.6197,4.52164,14.6457,-2.21888,11.3859,6.05565,16.6197,5.81358,16.9022,-0.00762999,1,-3.33333,-0.247703,0,0.120255,1
4.92861,15.0184,-0.452891,0.5,2,1.97071,6.05752,16.6337,4.62541,14.5846,-2.21888,11.3859,6.05752,16.6337,5.80168,16.8951,-0.0292928,1,-3.33333,-0.223788,0,0.0968006,1
5.00965,14.9606,-0.786224,0.5,2,1.98513,6.03348,16.6614,4.74411,14.5195,-2.21888,11.3859,6.03348,16.6614,6.40519,16.5079,-0.0148685,1,3.33333,0.123471,0,0.116824,1
5.08802,14.8992,-0.499558,0.5,2,2.02162,5.46069,16.8862,4.99984,14.429,-2.21888,11.3859,5.46069,16.8862,5.86378,16.8563,0.0216208,1,3.33333,0.304159,0,0.119968,1
5.18209,14.8667,-0.166224,0.5,2,2.05266,5.62722,16.8705,5.08509,14.43,-2.21888,11.3859,5.62722,16.8705,5.27727,17.0257,0.052664,1,3.33333,0.311337,0,0.0997096,1
5.28163,14.8667,0.167109,0.5,2,2.04849,5.79195,16.8506,5.16915,14.4295,-2.21888,11.3859,5.79195,16.8506,5.4449,16.9764,0.0484858,1,3.33333,-0.035817,0,0.116656,1
5.37568,14.8993,0.500442,0.5,2,2.01099,5.87331,16.8478,5.25467,14.4255,-2.21888,11.3859,5.87331,16.8478,5.53393,16.9909,0.0109925,1,-3.33333,-0.377018,0,0.0994467,1
5.46884,14.9344,0.193776,0.5,2,1.95902,6.56141,16.5605,5.16714,14.4854,-2.21888,11.3859,6.56141,16.5605,6.29701,16.8035,-0.0409783,1,-3.33333,-0.432282,0,0.120224,1
5.56835,14.9371,-0.139558,0.5,2,1.91743,6.55579,16.5807,5.26833,14.4377,-2.21888,11.3859,6.55579,16.5807,6.29198,16.8226,-0.0825714,1,-3.33333,-0.34819,0,0.119455,1
5.66325,14.9071,-0.472891,0.5,2,1.90652,6.5316,16.6044,5.39294,14.3787,-2.21888,11.3859,6.5316,16.6044,6.90168,16.4868,-0.0934839,1,-3.33333,-0.114864,0,0.0950041,1
5.74312,14.8477,-0.806224,0.5,2,1.93296,6.50439,16.6244,5.5198,14.3265,-2.21888,11.3859,6.50439,16.6244,6.88135,16.523,-0.0670427,1,3.33333,0.220612,0,0.119854,1
5.82025,14.7847,-0.519558,0.5,2,1.98033,5.95041,16.7608,5.78609,14.2662,-2.21888,11.3859,5.95041,16.7608,6.34444,16.7731,-0.0196714,1,3.33333,0.390998,0,0.121155,1
5.91365,14.7503,-0.186224,0.5,2,2.02254,6.07832,16.7662,5.87478,14.2745,-2.21888,11.3859,6.07832,16.7662,6.48642,16.7921,0.0225444,1,3.33333,0.43298,0,0.0975006,1
6.01317,14.7484,0.147109,0.5,2,2.02912,6.24538,16.7642,5.95928,14.2806,-2.21888,11.3859,6.24538,16.7642,5.88608,16.8696,0.0291173,1,3.33333,0.0552922,0,0.118877,1
6.10785,14.7791,0.480442,0.5,2,2.00005,6.36796,16.7622,6.04282,14.2834,-2.21888,11.3859,6.36796,16.7622,6.01593,16.8616,5.126e-05,1,-3.33333,-0.257728,0,0.112778,1
6.20107,14.8141,0.193776,0.5,2,1.9546,7.05477,16.5724,5.96286,14.3234,-2.21888,11.3859,7.05477,16.5724,6.75973,16.7756,-0.0453981,1,-3.33333,-0.455008,0,0.099887,1
6.30057,14.8168,-0.139558,0.5,2,1.92121,7.05113,16.5853,6.07445,14.284,-2.21888,11.3859,7.05113,16.5853,6.75423,16.7824,-0.0787902,1,-3.33333,-0.277594,0,0.120291,1
6.39547,14.7868,-0.472891,0.5,2,1.92346,7.0247,16.6044,6.20687,14.2419,-2.21888,11.3859,7.0247,16.6044,6.71525,16.7844,-0.0765382,1,-3.33333,0.0224617,0,0.100259,1
6.47534,14.7274,-0.806224,0.5,2,1.95969,6.98893,16.6185,6.33373,14.2059,-2.21888,11.3859,6.98893,16.6185,7.38229,16.571,-0.0403141,1,3.33333,0.308399,0,0.117459,1
6.55132,14.663,-0.539558,0.5,2,2.01714,6.44274,16.6772,6.57731,14.1808,-2.21888,11.3859,6.44274,16.6772,6.84395,16.768,0.0171373,1,3.33333,0.498492,0,0.11525,1
6.64401,14.6267,-0.206224,0.5,2,2.06944,6.52907,16.693,6.66793,14.1968,-2.21888,11.3859,6.52907,16.693,6.93942,16.7788,0.0694425,1,3.33333,0.511447,0,0.102269,1
6.74347,14.6228,0.127109,0.5,2,2.08783,6.69674,16.7101,6.7527,14.2107,-2.21888,11.3859,6.69674,16.7101,6.31485,16.7712,0.0878251,1,3.33333,0.160789,0,0.114327,1
6.83875,14.6516,0.460442,0.5,2,2.06877,6.86109,16.7203,6.83409,14.2204,-2.21888,11.3859,6.86109,16.7203,6.49025,16.761,0.068773,1,3.33333,-0.159157,0,0.119706,1
6.91935,14.71,0.793775,0.5,2,2.01875,6.93767,16.7287,6.91498,14.2288,-2.21888,11.3859,6.93767,16.7287,6.57408,16.7777,0.0187528,1,-3.33333,-0.501849,0,0.0996719,1
6.99649,14.773,0.520442,0.5,2,1.95505,7.54132,16.6506,6.84463,14.2496,-2.21888,11.3859,7.54132,16.6506,7.21618,16.8015,-0.0449458,1,-3.33333,-0.547732,0,0.116295,1
7.08987,14.8074,0.187109,0.5,2,1.90175,7.52671,16.6583,6.95245,14.2252,-2.21888,11.3859,7.52671,16.6583,7.20346,16.7897,-0.0982535,1,-3.33333,-0.442899,0,0.120361,1
7.18939,14.8095,-0.146224,0.5,2,1.88657,7.4968,16.6708,7.08943,14.2043,-2.21888,11.3859,7.4968,16.6708,7.16791,16.7884,-0.11343,1,-3.33333,-0.154177,0,0.0984334,1
7.28409,14.7788,-0.479558,0.5,2,1.90762,7.46616,16.6778,7.22755,14.1892,-2.21888,11.3859,7.46616,16.6778,7.85054,16.694,-0.0923811,1,-3.33333,0.174106,0,0.120895,1
7.36356,14.7189,-0.812891,0.5,2,1.96138,7.41748,16.6795,7.34875,14.1805,-2.21888,11.3859,7.41748,16.6795,7.8082,16.7121,-0.0386243,1,3.33333,0.455674,0,0.117972,1
7.43949,14.6545,-0.539558,0.5,2,2.03115,6.87672,16.6061,7.56939,14.204,-2.21888,11.3859,6.87672,16.6061,7.24976,16.7864,0.0311515,1,3.33333,0.692147,0,0.100811,1
7.53219,14.6182,-0.206224,0.5,2,2.09636,7.0185,16.6507,7.63109,14.2269,-2.21888,11.3859,7.0185,16.6507,6.63266,16.6212,0.0963564,1,3.33333,0.545424,0,0.119549,1
7.63165,14.6143,0.127109,0.5,2,2.12909,7.17871,16.6946,7.71055,14.2519,-2.21888,11.3859,7.17871,16.6946,6.79311,16.6606,0.129092,1,3.33333,0.329863,0,0.0992415,1
7.72692,14.6431,0.460442,0.5,2,2.12558,7.27116,16.7193,7.8072,14.2774,-2.21888,11.3859,7.27116,16.7193,6.88324,16.6919,0.125576,1,3.33333,-0.0299536,0,0.117412,1
7.80752,14.7015,0.793775,0.5,2,2.08993,7.35589,16.7421,7.89613,14.3011,-2.21888,11.3859,7.35589,16.7421,6.97262,16.7192,0.0899341,1,-3.33333,-0.282232,0,0.126284,1
7.88429,14.7649,0.527109,0.5,2,2.04021,7.98392,16.8027,7.86184,14.3057,-2.21888,11.3859,7.98392,16.8027,7.61522,16.8945,0.0402088,1,-3.33333,-0.499816,0,0.0994872,1
7.97743,14.8001,0.193776,0.5,2,2.00025,7.97386,16.8003,7.97833,14.3003,-2.21888,11.3859,7.97386,16.8003,7.60765,16.8755,0.000253439,1,-3.33333,-0.342519,0,0.116652,1
8.07693,14.8027,-0.139558,0.5,2,2.00092,7.93722,16.7988,8.11178,14.3049,-2.21888,11.3859,7.93722,16.7988,8.33421,16.8993,0.000922441,1,3.33333,0.00571936,0,0.116972,1
8.17646,14.7997,0.133776,0.5,2,2.02415,7.2998,16.6242,8.38255,14.3708,-2.21888,11.3859,7.2998,16.6242,7.64211,16.8417,0.0241518,1,3.33333,0.233366,0,0.0995403,1
8.27154,14.8292,0.467109,0.5,2,2.03737,7.41815,16.6792,8.46532,14.4091,-2.21888,11.3859,7.41815,16.6792,7.76303,16.9052,0.037369,1,3.33333,0.112884,0,0.117086,1
8.35175,14.8881,0.800442,0.5,2,2.01607,7.56849,16.7458,8.53976,14.4422,-2.21888,11.3859,7.56849,16.7458,7.20585,16.662,0.0160718,1,-3.33333,-0.179838,0,0.118424,1
8.42886,14.9511,0.520442,0.5,2,1.97774,8.22834,16.9187,8.48181,14.4316,-2.21888,11.3859,8.22834,16.9187,7.87291,16.9133,-0.0222625,1,-3.33333,-0.388996,0,0.0985467,1
8.52223,14.9856,0.187109,0.5,2,1.95266,8.19254,16.9103,8.61464,14.4461,-2.21888,11.3859,8.19254,16.9103,7.83808,16.8942,-0.0473367,1,-3.33333,-0.210116,0,0.119335,1
8.62175,14.9877,-0.146224,0.5,2,1.9674,8.1584,16.8997,8.74718,14.47,-2.21888,11.3859,8.1584,16.8997,7.79348,16.8815,-0.0325994,1,3.33333,0.147477,0,0.0999294,1
8.72125,14.984,0.127109,0.5,2,2.0034,7.59279,16.6393,9.00098,14.5737,-2.21888,11.3859,7.59279,16.6393,7.24878,16.4938,0.00339746,1,3.33333,0.307346,0,0.117122,1
8.81653,15.0128,0.460442,0.5,2,2.02951,7.64141,16.6675,9.08895,14.6292,-2.21888,11.3859,7.64141,16.6675,7.93827,16.9506,0.0295131,1,3.33333,0.223102,0,0.117057,1
8.89713,15.0712,0.793775,0.5,2,2.02472,7.72194,16.72,9.17298,14.6842,-2.21888,11.3859,7.72194,16.72,8.02459,16.9876,0.0247247,1,3.33333,-0.0481086,0,0.0995332,1
8.95418,15.1528,1.12711,0.5,2,1.99003,7.82477,16.7913,9.2436,14.7329,-2.21888,11.3859,7.82477,16.7913,8.11973,17.0647,-0.00997019,1,-3.33333,-0.287125,0,0.120835,1
9.00547,15.2381,0.867109,0.5,2,1.93704,8.44944,17.0937,9.16707,14.6989,-2.21888,11.3859,8.44944,17.0937,8.10226,17.0354,-0.0629638,1,-3.33333,-0.44513,0,0.119052,1
9.08157,15.3023,0.533775,0.5,2,1.8905,8.47911,17.0942,9.2758,14.7246,-2.21888,11.3859,8.47911,17.0942,8.149,17.014,-0.109498,1,-3.33333,-0.480025,0,0.0969416,1
9.17448,15.338,0.200442,0.5,2,1.88163,8.45488,17.0766,9.41096,14.7667,-2.21888,11.3859,8.45488,17.0766,8.12639,16.9842,-0.118367,1,-3.33333,-0.0702181,0,0.126299,1
9.27396,15.3414,-0.132891,0.5,2,1.91198,8.42425,17.0542,9.53528,14.8146,-2.21888,11.3859,8.42425,17.0542,8.08895,16.9495,-0.0880196,1,3.33333,0.255182,0,0.118923,1
9.37351,15.3397,0.147109,0.5,2,1.96175,7.92881,16.6668,9.7699,14.9755,-2.21888,11.3859,7.92881,16.6668,8.14765,17.0006,-0.0382495,1,3.33333,0.504137,0,0.0987235,1
9.46819,15.3704,0.480442,0.5,2,2.00186,7.99162,16.7221,9.83561,15.034,-2.21888,11.3859,7.99162,16.7221,8.20747,17.0725,0.00186014,1,3.33333,0.340417,0,0.117825,1
9.5476,15.4304,0.813775,0.5,2,2.01178,8.06138,16.7863,9.90828,15.1013,-2.21888,11.3859,8.06138,16.7863,8.29053,17.1214,0.0117817,1,3.33333,0.100953,0,0.0982793,1
9.60301,15.5131,1.14711,0.5,2,1.99333,8.15174,16.8795,9.9719,15.1658,-2.21888,11.3859,8.15174,16.8795,7.84195,16.6688,-0.00667202,1,-3.33333,-0.153387,0,0.120308,1
9.65361,15.5988,0.873775,0.5,2,1.95594,8.67376,17.2916,9.92616,15.128,-2.21888,11.3859,8.67376,17.2916,8.33758,17.1637,-0.0440605,1,-3.33333,-0.32197,0,0.116124,1
9.72928,15.6635,0.540442,0.5,2,1.92745,8.68051,17.2806,10.0408,15.1831,-2.21888,11.3859,8.68051,17.2806,8.36198,17.1316,-0.0725504,1,-3.33333,-0.28597,0,0.0996258,1
9.82195,15.6998,0.207109,0.5,2,1.93519,8.68813,17.2681,10.1529,15.2421,-2.21888,11.3859,8.68813,17.2681,8.37713,17.1016,-0.0648091,1,-3.33333,0.0638732,0,0.121199,1
9.9214,15.7039,-0.126224,0.5,2,1.98029,8.65466,17.226,10.2538,15.3044,-2.21888,11.3859,8.65466,17.226,8.33663,17.0446,-0.0197057,1,3.33333,0.38299,0,0.117767,1
10.021,15.7034,0.160442,0.5,2,2.04117,8.26782,16.7488,10.4151,15.4684,-2.21888,11.3859,8.26782,16.7488,8.01665,16.4651,0.0411668,1,3.33333,0.586841,0,0.103729,1
10.1152,15.7354,0.493775,0.5,2,2.09246,8.31618,16.804,10.4656,15.5273,-2.21888,11.3859,8.31618,16.804,8.46124,17.2095,0.0924613,1,3.33333,0.442081,0,0.11603,1
10.1938,15.7965,0.827109,0.5,2,2.11716,8.3717,16.8745,10.5233,15.6015,-2.21888,11.3859,8.3717,16.8745,8.5164,17.2863,0.117155,1,3.33333,0.247294,0,0.0998557,1
10.2481,15.8799,1.16044,0.5,2,2.1158,8.42532,16.9541,10.5791,15.6848,-2.21888,11.3859,8.42532,16.9541,8.59262,17.3452,0.1158,1,3.33333,-0.0113458,0,0.119421,1
10.2721,15.9765,1.49378,0.5,2,2.0807,8.49641,17.061,10.63,15.7579,-2.21888,11.3859,8.49641,17.061,8.6552,17.4536,0.0807018,1,-3.33333,-0.295336,0,0.118842,1
10.29,16.0744,1.22711,0.5,2,2.02564,9.00679,17.6418,10.5905,15.7074,-2.21888,11.3859,9.00679,17.6418,8.68782,17.4522,0.0256357,1,-3.33333,-0.566455,0,0.0972118,1
10.3386,16.1613,0.893775,0.5,2,1.97689,9.01048,17.6256,10.6901,15.7738,-2.21888,11.3859,9.01048,17.6256,8.71861,17.4175,-0.0231148,1,-3.33333,-0.413122,0,0.118005,1
10.413,16.2275,0.560442,0.5,2,1.96256,8.99862,17.588,10.8003,15.8549,-2.21888,11.3859,8.99862,17.588,8.70913,17.3719,-0.037443,1,-3.33333,-0.117435,0,0.12201,1
10.5049,16.2657,0.227109,0.5,2,1.98802,8.98173,17.5432,10.8972,15.9366,-2.21888,11.3859,8.98173,17.5432,8.69456,17.3103,-0.0119833,1,3.33333,0.256366,0,0.0993102,1
10.5989,16.2985,0.500442,0.5,2,2.03663,8.65469,16.9051,11.0412,16.1605,-2.21888,11.3859,8.65469,16.9051,8.47659,16.5714,0.0366347,1,3.33333,0.415135,0,0.117113,1
10.6771,16.3601,0.833775,0.5,2,2.07985,8.67029,16.9064,11.0825,16.2498,-2.21888,11.3859,8.67029,16.9064,8.70975,17.3294,0.0798471,1,3.33333,0.371996,0,0.116164,1
10.7308,16.4439,1.16711,0.5,2,2.10072,8.69369,16.9567,11.1181,16.3464,-2.21888,11.3859,8.69369,16.9567,8.75142,17.3724,0.100717,1,3.33333,0.208619,0,0.100036,1
10.7542,16.5407,1.50044,0.5,2,2.08724,8.74815,17.1171,11.1509,16.4267,-2.21888,11.3859,8.74815,17.1171,8.56026,16.7725,0.0872419,1,3.33333,-0.115283,0,0.116884,1
10.7446,16.6397,1.83378,0.5,2,2.03959,8.78341,17.1996,11.1874,16.5133,-2.21888,11.3859,8.78341,17.1996,8.82776,17.6136,0.0395939,1,-3.33333,-0.395605,0,0.120443,1
10.7294,16.7381,1.56044,0.5,2,1.97172,9.1671,17.941,11.148,16.4158,-2.21888,11.3859,9.1671,17.941,8.89177,17.6986,-0.0282842,1,-3.33333,-0.681607,0,0.0995854,1
10.7469,16.8361,1.22711,0.5,2,1.91367,9.21244,17.9796,11.2171,16.4858,-2.21888,11.3859,9.21244,17.9796,8.96098,17.734,-0.0863252,1,-3.33333,-0.496587,0,0.11688,1
10.7956,16.923,0.893775,0.5,2,1.88627,9.22793,17.972,11.3056,16.5816,-2.21888,11.3859,9.22793,17.972,8.99081,17.7186,-0.113729,1,-3.33333,-0.270949,0,0.101139,1
10.8699,16.9891,0.560442,0.5,2,1.89935,9.23998,17.9642,11.3854,16.6808,-2.21888,11.3859,9.23998,17.9642,9.03086,17.691,-0.100653,1,-3.33333,0.107501,0,0.121636,1
10.9618,17.0273,0.227109,0.5,2,1.9447,9.24458,17.9399,11.4522,16.7667,-2.21888,11.3859,9.24458,17.9399,9.04861,17.6485,-0.0552983,1,3.33333,0.388239,0,0.116821,1
11.0566,17.058,0.473775,0.5,2,2.01145,9.05239,17.2282,11.5434,17.0166,-2.21888,11.3859,9.05239,17.2282,8.95832,16.869,0.0114532,1,3.33333,0.670675,0,0.0995288,1
11.1364,17.1174,0.807109,0.5,2,2.07269,9.06473,17.181,11.5636,17.1043,-2.21888,11.3859,9.06473,17.181,9.00633,17.5997,0.0726852,1,3.33333,0.533978,0,0.114671,1
11.1924,17.1998,1.14044,0.5,2,2.11661,9.07807,17.2979,11.5754,17.182,-2.21888,11.3859,9.07807,17.2979,9.0206,17.7275,0.116606,1,3.33333,0.362973,0,0.121004,1
11.2183,17.2959,1.47378,0.5,2,2.12995,9.09249,17.4281,11.5877,17.2729,-2.21888,11.3859,9.09249,17.4281,8.98546,17.0438,0.129954,1,3.33333,0.13269,0,0.100593,1
11.2114,17.3952,1.80711,0.5,2,2.10854,9.10672,17.5224,11.6022,17.3715,-2.21888,11.3859,9.10672,17.5224,9.00077,17.1417,0.108542,1,3.33333,-0.182357,0,0.11742,1
11.1724,17.4867,2.14044,0.5,2,2.05515,9.12318,17.643,11.6159,17.4529,-2.21888,11.3859,9.12318,17.643,9.01334,17.2736,0.0551538,1,-3.33333,-0.456592,0,0.116927,1
11.1293,17.5765,1.85378,0.5,2,1.98838,9.29605,18.3466,11.6009,17.3783,-2.21888,11.3859,9.29605,18.3466,9.09585,18.0379,-0.0116172,1,-3.33333,-0.669564,0,0.0997232,1
11.1177,17.6753,1.52044,0.5,2,1.93384,9.31092,18.3647,11.6467,17.4735,-2.21888,11.3859,9.31092,18.3647,9.14639,18.0544,-0.066162,1,-3.33333,-0.452445,0,0.120556,1
11.1391,17.7725,1.18711,0.5,2,1.91464,9.31803,18.3637,11.6959,17.5918,-2.21888,11.3859,9.31803,18.3637,9.17928,18.0474,-0.0853599,1,-3.33333,-0.198467,0,0.0967314,1
11.1912,17.8574,0.853775,0.5,2,1.93064,9.32705,18.3597,11.7409,17.7092,-2.21888,11.3859,9.32705,18.3597,9.21052,18.0335,-0.0693564,1,-3.33333,0.133488,0,0.119887,1
11.2681,17.9205,0.520442,0.5,2,1.98031,9.31901,18.2705,11.7797,17.8286,-2.21888,11.3859,9.31901,18.2705,9.18364,17.9271,-0.0196941,1,3.33333,0.427713,0,0.116112,1
11.3479,17.9801,0.807109,0.5,2,2.04321,9.34388,17.5817,11.7959,18.0692,-2.21888,11.3859,9.34388,17.5817,9.20875,17.971,0.0432079,1,3.33333,0.628413,0,0.100097,1
11.4038,18.0624,1.14044,0.5,2,2.1037,9.33431,17.6848,11.7937,18.1336,-2.21888,11.3859,9.33431,17.6848,9.18793,18.0879,0.103704,1,3.33333,0.504859,0,0.119828,1
11.4298,18.1585,1.47378,0.5,2,2.14109,9.31769,17.8073,11.7838,18.2174,-2.21888,11.3859,9.31769,17.8073,9.169,18.2201,0.141088,1,3.33333,0.318568,0,0.117349,1
11.4228,18.2578,1.80711,0.5,2,2.14398,9.30264,17.9395,11.7749,18.3107,-2.21888,11.3859,9.30264,17.9395,9.27363,17.5371,0.143977,1,3.33333,0.0287107,0,0.100622,1
11.3838,18.3494,2.14044,0.5,2,2.11372,9.28885,18.0685,11.7667,18.4007,-2.21888,11.3859,9.28885,18.0685,9.27072,17.6775,0.113721,1,3.33333,-0.249556,0,0.121238,1
11.317,18.4232,2.47378,0.5,2,2.05326,9.27788,18.1823,11.7606,18.4756,-2.21888,11.3859,9.27788,18.1823,9.25744,17.8038,0.0532615,1,-3.33333,-0.51464,0,0.117479,1
11.246,18.493,2.20044,0.5,2,1.9806,9.29502,18.8343,11.7576,18.4035,-2.21888,11.3859,9.29502,18.8343,9.1883,18.4903,-0.0194014,1,-3.33333,-0.743473,0,0.0977345,1
11.2015,18.582,1.86711,0.5,2,1.91931,9.301,18.8499,11.7765,18.501,-2.21888,11.3859,9.301,18.8499,9.22546,18.5138,-0.0806891,1,-3.33333,-0.516866,0,0.118575,1
11.1887,18.6807,1.53378,0.5,2,1.89479,9.29668,18.7839,11.793,18.6478,-2.21888,11.3859,9.29668,18.7839,9.23109,18.4446,-0.105214,1,-3.33333,-0.250193,0,0.0980237,1
11.2088,18.7782,1.20044,0.5,2,1.90677,9.3022,18.7523,11.802,18.7863,-2.21888,11.3859,9.3022,18.7523,9.23157,19.1347,-0.0932313,1,-3.33333,0.0980519,0,0.122206,1
11.2597,18.8637,0.867109,0.5,2,1.9515,9.31472,18.7045,11.8064,18.9085,-2.21888,11.3859,9.31472,18.7045,9.22863,19.0886,-0.0484957,1,3.33333,0.385785,0,0.11596,1
11.315,18.9466,1.14711,0.5,2,2.01167,9.45945,18.1695,11.7654,19.1352,-2.21888,11.3859,9.45945,18.1695,9.2401,18.516,0.0116701,1,3.33333,0.594933,0,0.10113,1
11.3403,19.0428,1.48044,0.5,2,2.06792,9.42054,18.2741,11.7414,19.2035,-2.21888,11.3859,9.42054,18.2741,9.20098,18.6339,0.067919,1,3.33333,0.477093,0,0.117899,1
11.3327,19.1421,1.81378,0.5,2,2.09445,9.37632,18.3942,11.7115,19.2869,-2.21888,11.3859,9.37632,18.3942,9.4324,18.0038,0.0944481,1,3.33333,0.228133,0,0.116288,1
11.293,19.2334,2.14711,0.5,2,2.08878,9.33047,18.5183,11.6794,19.3742,-2.21888,11.3859,9.33047,18.5183,9.39178,18.1348,0.0887842,1,3.33333,-0.0570124,0,0.0993445,1
11.2257,19.3067,2.48044,0.5,2,2.0495,9.28925,18.6354,11.6514,19.4543,-2.21888,11.3859,9.28925,18.6354,9.3566,18.2656,0.0494978,1,-3.33333,-0.317311,0,0.12381,1
11.1547,19.3765,2.20044,0.5,2,1.99828,9.15928,19.2693,11.6557,19.4034,-2.21888,11.3859,9.15928,19.2693,9.12941,18.9061,-0.00172377,1,-3.33333,-0.422361,0,0.121275,1
11.1102,19.4655,1.86711,0.5,2,1.95893,9.15867,19.2956,11.6492,19.5125,-2.21888,11.3859,9.15867,19.2956,9.15699,18.943,-0.0410661,1,-3.33333,-0.406207,0,0.0968528,1
11.0974,19.5642,1.53378,0.5,2,1.95927,9.16156,19.2618,11.6316,19.6477,-2.21888,11.3859,9.16156,19.2618,9.17549,18.907,-0.0407315,1,-3.33333,0.0028184,0,0.118685,1
11.1175,19.6617,1.20044,0.5,2,1.99584,9.17109,19.2202,11.6092,19.7733,-2.21888,11.3859,9.17109,19.2202,9.19103,18.8527,-0.00416219,1,3.33333,0.312816,0,0.116904,1
11.1426,19.7581,1.48044,0.5,2,2.04977,9.42007,18.647,11.5209,20.0021,-2.21888,11.3859,9.42007,18.647,9.14124,18.9567,0.0497682,1,3.33333,0.540294,0,0.0998168,1
11.135,19.8573,1.81378,0.5,2,2.09427,9.37704,18.7191,11.4756,20.0778,-2.21888,11.3859,9.37704,18.7191,9.09755,19.0374,0.0942736,1,3.33333,0.368198,0,0.120873,1
11.0954,19.9486,2.14711,0.5,2,2.10729,9.30867,18.8313,11.4283,20.1568,-2.21888,11.3859,9.30867,18.8313,9.0358,19.1572,0.107292,1,3.33333,0.131247,0,0.0991898,1
11.028,20.0219,2.48044,0.5,2,2.08996,9.23881,18.9418,11.3791,20.2338,-2.21888,11.3859,9.23881,18.9418,8.94649,19.2594,0.0899646,1,3.33333,-0.147298,0,0.117634,1
10.9404,20.0692,2.81378,0.5,2,2.04257,9.17538,19.0412,11.3357,20.2994,-2.21888,11.3859,9.17538,19.0412,9.29466,18.6776,0.0425692,1,-3.33333,-0.401872,0,0.117937,1
10.8502,20.1113,2.54044,0.5,2,1.98183,8.91577,19.6805,11.356,20.224,-2.21888,11.3859,8.91577,19.6805,8.9418,19.3186,-0.0181739,1,-3.33333,-0.614813,0,0.0987993,1
10.7786,20.1805,2.20711,0.5,2,1.93042,8.918,19.666,11.3276,20.3323,-2.21888,11.3859,8.918,19.666,8.96362,19.3164,-0.0695807,1,-3.33333,-0.427625,0,0.120215,1
10.7335,20.2692,1.87378,0.5,2,1.91406,8.9169,19.6663,11.2897,20.4538,-2.21888,11.3859,8.9169,19.6663,8.98572,19.3258,-0.0859354,1,-3.33333,-0.136261,0,0.120025,1
10.72,20.3678,1.54044,0.5,2,1.93856,8.91339,19.6649,11.2432,20.5714,-2.21888,11.3859,8.91339,19.6649,9.01057,19.3301,-0.0614414,1,3.33333,0.253368,0,0.0966735,1
10.7116,20.467,1.82044,0.5,2,1.98365,9.29196,19.0816,11.0811,20.8277,-2.21888,11.3859,9.29196,19.0816,9.48768,18.7636,-0.0163525,1,3.33333,0.378975,0,0.118976,1
10.6713,20.5581,2.15378,0.5,2,2.01955,9.25332,19.1201,11.0086,20.9002,-2.21888,11.3859,9.25332,19.1201,8.91822,19.3576,0.0195515,1,3.33333,0.296189,0,0.12122,1
10.6035,20.6309,2.48711,0.5,2,2.02498,9.18416,19.1866,10.9364,20.9697,-2.21888,11.3859,9.18416,19.1866,8.87085,19.4401,0.0249841,1,3.33333,0.057005,0,0.0953005,1
10.5156,20.6776,2.82044,0.5,2,2.00224,9.08989,19.2717,10.87,21.0271,-2.21888,11.3859,9.08989,19.2717,8.77208,19.5193,0.00223565,1,-3.33333,-0.189479,0,0.120058,1
10.4246,20.7181,2.56044,0.5,2,1.96177,8.68765,19.8061,10.9011,20.9683,-2.21888,11.3859,8.68765,19.8061,8.7898,19.4545,-0.0382316,1,-3.33333,-0.420354,0,0.0962695,1
10.3516,20.7858,2.22711,0.5,2,1.93131,8.68928,19.8025,10.8411,21.0753,-2.21888,11.3859,8.68928,19.8025,8.43487,20.1031,-0.0686945,1,-3.33333,-0.246393,0,0.123635,1
10.3048,20.8736,1.89378,0.5,2,1.94026,8.6869,19.8025,10.7715,21.1826,-2.21888,11.3859,8.6869,19.8025,8.83305,19.4767,-0.0597401,1,-3.33333,0.0770436,0,0.116225,1
10.2893,20.9719,1.56044,0.5,2,1.98644,8.69053,19.7929,10.7026,21.2767,-2.21888,11.3859,8.69053,19.7929,8.85869,19.4693,-0.0135641,1,3.33333,0.451099,0,0.102363,1
10.2806,21.0711,1.82044,0.5,2,2.05254,9.11225,19.3836,10.5353,21.439,-2.21888,11.3859,9.11225,19.3836,9.39485,19.145,0.0525413,1,3.33333,0.564845,0,0.117033,1
10.2404,21.1622,2.15378,0.5,2,2.11323,9.07098,19.402,10.4544,21.4843,-2.21888,11.3859,9.07098,19.402,9.35787,19.142,0.113232,1,3.33333,0.52624,0,0.115329,1
10.1725,21.235,2.48711,0.5,2,2.1444,8.98899,19.4468,10.3688,21.5316,-2.21888,11.3859,8.98899,19.4468,9.27534,19.1715,0.144396,1,3.33333,0.310893,0,0.10024,1
10.0846,21.2817,2.82044,0.5,2,2.14661,8.93438,19.4692,10.274,21.5801,-2.21888,11.3859,8.93438,19.4692,8.54143,19.6499,0.14661,1,3.33333,0.0188622,0,0.117388,1
9.98626,21.297,-3.12941,0.5,2,2.11636,8.82426,19.5282,10.1969,21.6176,-2.21888,11.3859,8.82426,19.5282,8.42824,19.7006,0.116359,1,-3.33333,-0.256294,0,0.118032,1
9.88722,21.3073,2.87378,0.5,2,2.0696,8.27103,20.0145,10.2233,21.5761,-2.21888,11.3859,8.27103,20.0145,7.95798,20.2963,0.069597,1,-3.33333,-0.471349,0,0.0992098,1
9.79693,21.3492,2.54044,0.5,2,2.03051,8.25422,20.0289,10.1536,21.6544,-2.21888,11.3859,8.25422,20.0289,7.9243,20.2872,0.0305095,1,-3.33333,-0.326131,0,0.119852,1
9.72532,21.4183,2.20711,0.5,2,2.02598,8.2547,20.0248,10.0694,21.7443,-2.21888,11.3859,8.2547,20.0248,8.45543,19.7048,0.0259781,1,3.33333,-0.045747,0,0.0990531,1
9.65644,21.4902,2.50044,0.5,2,2.04639,8.70407,19.6789,9.86754,21.8917,-2.21888,11.3859,8.70407,19.6789,9.00556,19.455,0.0463886,1,3.33333,0.173868,0,0.117391,1
9.56789,21.5356,2.83378,0.5,2,2.0589,8.58115,19.7286,9.77929,21.9228,-2.21888,11.3859,8.58115,19.7286,8.88371,19.5069,0.0589035,1,3.33333,0.0966826,0,0.129442,1
9.46935,21.5496,-3.11608,0.5,2,2.04108,8.49423,19.7566,9.68859,21.9528,-2.21888,11.3859,8.49423,19.7566,8.7914,19.528,0.0410826,1,-3.33333,-0.183815,0,0.0969498,1
9.37006,21.5574,2.90044,0.5,2,2.00599,7.88362,20.2104,9.73613,21.8891,-2.21888,11.3859,7.88362,20.2104,8.0922,19.911,0.00598788,1,-3.33333,-0.290715,0,0.120719,1
9.27869,21.5969,2.56711,0.5,2,1.97854,7.85747,20.2204,9.65327,21.9597,-2.21888,11.3859,7.85747,20.2204,8.08014,19.9421,-0.0214626,1,-3.33333,-0.241338,0,0.113743,1
9.20526,21.6641,2.23378,0.5,2,1.98335,7.9037,20.1675,9.54431,22.0539,-2.21888,11.3859,7.9037,20.1675,8.13281,19.8802,-0.0166533,1,3.33333,0.0476711,0,0.100884,1
9.1362,21.7358,2.50044,0.5,2,2.01179,8.42393,19.8543,9.30906,22.1924,-2.21888,11.3859,8.42393,19.8543,8.02771,19.9435,0.0117874,1,3.33333,0.241098,0,0.117963,1
9.04766,21.7813,2.83378,0.5,2,2.03628,8.26392,19.9019,9.22614,22.2093,-2.21888,11.3859,8.26392,19.9019,8.58175,19.7032,0.0362766,1,3.33333,0.207585,0,0.117972,1
8.94912,21.7953,-3.11608,0.5,2,2.02307,8.14118,19.9406,9.13958,22.2325,-2.21888,11.3859,8.14118,19.9406,7.6861,24.3327,0.0230718,1,-3.33333,-0.133576,0,0.0988559,1
8.85001,21.8048,2.88044,0.5,2,1.99479,7.54229,20.2985,9.18122,22.1864,9.18122,22.1864,7.54229,20.2985,8.55316,24.6118,-0.00521266,2,-3.33333,-0.240378,0,0.117667,1
8.75945,21.8461,2.54711,0.5,2,1.97574,7.48784,20.334,9.09687,22.2474,9.18122,22.1864,7.48784,20.334,8.46846,24.6436,-0.0418762,2,-3.33333,-0.369642,0,0.0991866,1
8.68738,21.9148,2.21378,0.5,2,1.98327,7.51716,20.3136,8.99227,22.332,9.18122,22.1864,7.51716,20.3136,8.21836,24.6189,-0.0635745,2,-3.33333,-0.180683,0,0.12009,1
8.64174,22.0033,1.88044,0.5,2,2.0307,7.55786,20.286,8.89222,22.4001,9.18122,22.1864,7.55786,20.286,8.00975,24.5877,-0.0697004,2,-3.33333,-0.0521489,0,0.117469,1
8.62756,22.1018,1.54711,0.5,2,2.10794,7.56222,20.2829,8.8257,22.4401,9.18122,22.1864,7.56222,20.2829,7.76542,24.5172,-0.0600826,2,-3.33333,0.0962266,0,0.0999497,1
8.64639,22.1995,1.21378,0.5,2,2.19803,7.5655,20.2856,8.79488,22.4625,9.18122,22.1864,7.5655,20.2856,7.61205,24.4646,-0.03499,2,3.33333,0.20879,0,0.120181,1
8.67021,22.2962,1.49378,0.5,2,2.29321,8.21642,20.0483,8.71113,22.4989,9.18122,22.1864,8.21642,20.0483,6.88434,23.9277,-0.0226821,2,3.33333,0.102483,0,0.120098,1
8.6613,22.3953,1.82711,0.5,2,2.34855,6.79345,23.819,8.78175,22.3035,9.18122,22.1864,6.79345,23.819,8.19319,20.0558,-0.0603497,2,-3.33333,-0.391683,0,0.0961686,1
8.64793,22.494,1.54044,0.5,2,2.26751,7.40432,24.39,8.77544,22.2996,9.18122,22.1864,7.40432,24.39,7.34779,20.3921,-0.115665,2,-3.33333,-0.459685,0,0.120332,1
8.66741,22.5916,1.20711,0.5,2,2.1926,7.40471,24.3841,8.84444,22.3403,9.18122,22.1864,7.40471,24.3841,7.35511,20.3935,-0.154392,2,-3.33333,-0.327746,0,0.118162,1
8.71776,22.6775,0.873775,0.5,2,2.14242,7.36765,24.341,8.9431,22.3998,9.18122,22.1864,7.36765,24.341,7.07624,24.1012,-0.17527,2,-3.33333,-0.209204,0,0.0998002,1
8.79343,22.7421,0.540442,0.5,2,2.13003,7.31473,24.2753,9.05027,22.4758,9.18122,22.1864,7.31473,24.2753,7.61598,24.5577,-0.177695,2,-3.33333,-0.0200631,0,0.120871,1
8.8861,22.7785,0.207109,0.5,2,2.15651,7.28687,24.2252,9.14082,22.548,9.18122,22.1864,7.28687,24.2252,7.03195,23.9431,-0.161597,2,-3.33333,0.129032,0,0.124764,1
8.98556,22.7825,-0.126224,0.5,2,2.21446,7.24608,24.1529,9.20985,22.6058,9.18122,22.1864,7.24608,24.1529,7.00544,23.8457,-0.12744,2,3.33333,0.349974,0,0.0975968,1
9.08512,22.7814,0.153776,0.5,2,2.283,6.89265,23.418,9.29352,22.7209,9.18122,22.1864,6.89265,23.418,6.77974,23.0314,0.282996,1,3.33333,3.39401,0,0.12093,1
9.17959,22.8128,0.487109,0.5,2,2.34452,6.91592,23.4232,9.32971,22.7723,9.32971,22.7723,6.91592,23.4232,6.80552,23.0243,0.34452,2,3.33333,0.634689,0,0.0969355,1
9.2586,22.8733,0.820442,0.5,2,2.38414,6.95562,23.4901,9.37052,22.8433,9.32971,22.7723,6.95562,23.4901,6.84641,23.084,0.384136,1,3.33333,0.319814,0,0.123872,1
9.31346,22.9564,1.15378,0.5,2,2.40113,6.98258,23.5329,9.40943,22.9326,9.40943,22.9326,6.98258,23.5329,7.09736,23.9848,0.401131,2,3.33333,0.143788,0,0.118196,1
9.33812,23.0528,1.48711,0.5,2,2.38491,7.022,23.6215,9.44989,23.0254,9.40943,22.9326,7.022,23.6215,6.92417,23.2129,0.384908,1,3.33333,-0.162228,0,0.100004,1
9.32987,23.152,1.82044,0.5,2,2.33482,7.05213,23.6652,9.491,23.1157,9.491,23.1157,7.05213,23.6652,7.1571,24.1056,0.334825,2,-3.33333,-0.412904,0,0.121295,1
9.31594,23.2506,1.54711,0.5,2,2.2646,7.40297,24.4626,9.51479,23.1246,9.491,23.1157,7.40297,24.4626,7.18737,24.1261,0.264604,1,-3.33333,-0.590164,0,0.118986,1
9.33478,23.3483,1.21378,0.5,2,2.20519,7.41464,24.4328,9.59147,23.2034,9.59147,23.2034,7.41464,24.4328,7.22109,24.095,0.205193,2,-3.33333,-0.604666,0,0.0982543,1
9.38455,23.4345,0.880442,0.5,2,2.1801,7.41772,24.375,9.67316,23.2965,9.59147,23.2034,7.41772,24.375,7.24811,24.0292,0.180099,1,3.33333,-0.215998,0,0.116177,1
9.43817,23.5184,1.16711,0.5,2,2.17642,7.2742,23.7508,9.75991,23.4839,9.75991,23.4839,7.2742,23.7508,7.22922,23.369,0.176416,2,3.33333,-0.0286193,0,0.128676,1
9.46154,23.6152,1.50044,0.5,2,2.16609,7.3038,23.8051,9.79417,23.5859,9.75991,23.4839,7.3038,23.8051,7.34403,24.2236,0.16609,1,3.33333,-0.104491,0,0.098819,1
9.45197,23.7143,1.83378,0.5,2,2.12165,7.33818,23.8967,9.82892,23.6817,9.82892,23.6817,7.33818,23.8967,7.29952,23.5234,0.12165,2,-3.33333,-0.373368,0,0.119026,1
9.43674,23.8127,1.56044,0.5,2,2.05969,7.53512,24.604,9.84326,23.6435,9.82892,23.6817,7.53512,24.604,7.68758,24.9745,0.0596864,1,-3.33333,-0.61971,0,0.0999879,1
9.45426,23.9106,1.22711,0.5,2,2.01095,7.54938,24.5551,9.91752,23.7539,9.91752,23.7539,7.54938,24.5551,7.67676,24.9242,0.0109465,2,-3.33333,-0.410411,0,0.118759,1
9.50289,23.9975,0.893775,0.5,2,1.99955,7.56959,24.508,9.98676,23.8697,9.91752,23.7539,7.56959,24.508,7.66839,24.884,-0.000452876,1,-3.33333,-0.0929194,0,0.12268,1
9.57725,24.0637,0.560442,0.5,2,2.02189,7.59176,24.4456,10.0467,23.9733,10.0467,23.9733,7.59176,24.4456,7.6631,24.8327,0.0218928,2,3.33333,0.232924,0,0.0959355,1
9.65414,24.1269,0.853775,0.5,2,2.059,7.62003,23.8077,10.0898,24.1953,10.0467,23.9733,7.62003,23.8077,7.55787,24.2031,0.0590005,1,3.33333,0.308512,0,0.12028,1
9.7062,24.2117,1.18711,0.5,2,2.09234,7.64574,23.8478,10.1076,24.2826,10.1076,24.2826,7.64574,23.8478,7.57695,24.2483,0.0923433,2,3.33333,0.288197,0,0.115695,1
9.72763,24.3089,1.52044,0.5,2,2.09647,7.66375,23.9408,10.1249,24.3798,10.1076,24.2826,7.66375,23.9408,7.59371,24.3419,0.0964668,1,3.33333,0.041237,0,0.099994,1
9.71608,24.4078,1.85378,0.5,2,2.06697,7.68186,24.0413,10.1422,24.4846,10.1422,24.4846,7.68186,24.0413,7.60697,24.4368,0.0669682,2,-3.33333,-0.25184,0,0.117132,1
9.69948,24.506,1.57378,0.5,2,2.02072,7.68921,24.7112,10.1763,24.4573,10.1422,24.4846,7.68921,24.7112,7.73184,25.1012,0.020721,1,-3.33333,-0.46423,0,0.0996213,1
9.7157,24.6042,1.24044,0.5,2,1.99006,7.72824,24.7059,10.225,24.5781,10.225,24.5781,7.72824,24.7059,7.74445,25.0931,-0.0099417,2,-3.33333,-0.248026,0,0.123627,1
9.76316,24.6917,0.907109,0.5,2,1.99617,7.76817,24.623,10.2667,24.709,10.225,24.5781,7.76817,24.623,7.75496,25.0107,-0.00383067,1,3.33333,0.0530919,0,0.115103,1
9.81609,24.776,1.17378,0.5,2,2.02106,7.93247,24.0435,10.2625,24.9496,10.2625,24.9496,7.93247,24.0435,7.78536,24.4087,0.0210559,2,3.33333,0.25273,0,0.0984713,1
9.83881,24.8729,1.50711,0.5,2,2.03854,7.94018,24.1308,10.2686,25.041,10.2625,24.9496,7.94018,24.1308,7.78532,24.4979,0.0385447,1,3.33333,0.139994,0,0.124924,1
9.82858,24.972,1.84044,0.5,2,2.02473,7.95729,24.1988,10.2678,25.1535,10.2678,25.1535,7.95729,24.1988,7.80396,24.5619,0.024729,2,-3.33333,-0.113011,0,0.12225,1
9.80923,25.0697,1.60711,0.5,2,1.9928,7.82425,24.8932,10.3144,25.1146,10.2678,25.1535,7.82425,24.8932,7.77667,25.2804,-0.00719833,1,-3.33333,-0.333455,0,0.095747,1
9.82216,25.1684,1.27378,0.5,2,1.9747,7.86659,24.8942,10.3424,25.2413,10.3424,25.2413,7.86659,24.8942,7.79585,25.2752,-0.0252982,2,-3.33333,-0.15522,0,0.116608,1
9.86668,25.2574,0.940442,0.5,2,1.9912,7.91816,24.8474,10.3646,25.3622,10.3424,25.2413,7.91816,24.8474,7.82154,25.2259,-0.00879967,1,3.33333,0.168743,0,0.0977733,1
9.91179,25.3461,1.26711,0.5,2,2.02179,8.17154,24.317,10.3234,25.5896,10.3424,25.2413,8.17154,24.317,7.94453,24.6456,0.0217946,1,3.33333,0.257124,0,0.118986,1
9.92539,25.4447,1.60044,0.5,2,2.04309,8.1686,24.4017,10.3183,25.678,10.3424,25.2413,8.1686,24.4017,7.93482,24.7321,0.0430911,1,3.33333,0.179187,0,0.118851,1
9.90597,25.5424,1.93378,0.5,2,2.03537,8.15762,24.5003,10.3051,25.7803,10.3424,25.2413,8.15762,24.5003,7.92153,24.828,0.0353703,1,3.33333,-0.0781708,0,0.0987671,1
9.85568,25.6283,2.26711,0.5,2,2.00014,8.13936,24.6013,10.2846,25.8849,10.3424,25.2413,8.13936,24.6013,8.29625,24.2777,0.000137091,1,-3.33333,-0.302651,0,0.116415,1
9.80156,25.7118,1.98044,0.5,2,1.95039,7.93121,25.1589,10.3286,25.8677,10.3424,25.2413,7.93121,25.1589,7.79373,25.5195,-0.0496128,1,-3.33333,-0.39806,0,0.124981,1
9.77762,25.8085,1.64711,0.5,2,1.91355,7.98376,25.1423,10.3274,26.0126,10.3424,25.2413,7.98376,25.1423,7.82169,25.4856,-0.0864505,1,-3.33333,-0.367259,0,0.100304,1
9.7866,25.9076,1.31378,0.5,2,1.91493,8.04096,25.1204,10.3199,26.1481,10.3424,25.2413,8.04096,25.1204,8.14996,24.7922,-0.0850661,1,-3.33333,0.0120417,0,0.114966,1
9.82752,25.9983,0.980442,0.5,2,1.94619,8.11193,25.0794,10.3157,26.2598,10.3424,25.2413,8.11193,25.0794,7.90011,25.4026,-0.053809,1,3.33333,0.270819,0,0.115417,1
9.87305,26.0869,1.26044,0.5,2,1.98807,8.57447,24.5815,10.2074,26.4745,10.2074,26.4745,8.57447,24.5815,8.26786,24.8229,-0.0119305,2,3.33333,0.416082,0,0.10065,1
9.8873,26.1854,1.59378,0.5,2,2.0231,8.54191,24.6745,10.2044,26.5415,10.2074,26.4745,8.54191,24.6745,8.22038,24.9148,0.0686353,2,3.33333,0.652607,0,0.123452,1
9.86854,26.2831,1.92711,0.5,2,2.03576,8.49097,24.7843,10.1827,26.6249,10.2074,26.4745,8.49097,24.7843,8.16503,25.0265,0.0357583,1,-3.33333,-0.331913,0,0.0990531,1
9.84912,26.3808,1.60044,0.5,2,2.03554,8.09883,25.3416,10.2485,26.6179,10.2074,26.4745,8.09883,25.3416,7.84835,25.6644,0.0355361,1,3.33333,-0.00190729,0,0.116504,1
9.83592,26.4795,1.86711,0.5,2,2.03882,8.58006,24.8734,10.12,26.8428,10.2074,26.4745,8.58006,24.8734,8.22866,25.0834,0.0388191,1,3.33333,0.026942,0,0.121855,1
9.79147,26.5685,2.20044,0.5,2,2.03937,8.53804,24.9598,10.0746,26.9319,10.2074,26.4745,8.53804,24.9598,8.17807,25.1623,0.0393677,1,3.33333,0.00563502,0,0.0973557,1
9.72032,26.6381,2.53378,0.5,2,2.01362,8.48545,25.0476,10.0186,27.0223,10.2074,26.4745,8.48545,25.0476,8.73743,24.7759,0.013617,1,-3.33333,-0.218545,0,0.117828,1
9.64527,26.7036,2.26044,0.5,2,1.96899,8.06276,25.532,10.0721,27.0195,10.2074,26.4745,8.06276,25.532,8.23121,25.2128,-0.0310071,1,-3.33333,-0.3713,0,0.120183,1
9.59556,26.7898,1.92711,0.5,2,1.93467,8.12256,25.5355,10.026,27.1563,10.2074,26.4745,8.12256,25.5355,8.30278,25.2263,-0.0653343,1,-3.33333,-0.352126,0,0.0974859,1
9.57679,26.8876,1.59378,0.5,2,1.93864,8.18972,25.5332,9.97845,27.2797,10.2074,26.4745,8.18972,25.5332,8.39025,25.2353,-0.0613648,1,-3.33333,0.0332142,0,0.119514,1
9.59105,26.9861,1.26044,0.5,2,1.9711,8.25225,25.5394,9.95028,27.3743,10.2074,26.4745,8.25225,25.5394,8.4787,25.2589,-0.0288966,1,3.33333,0.279209,0,0.116286,1
9.60973,27.0839,1.54711,0.5,2,2.01229,8.81192,25.2365,9.80308,27.5316,10.2074,26.4745,8.81192,25.2365,9.12944,25.0612,0.0122931,1,3.33333,0.411949,0,0.0999874,1
9.59554,27.1824,1.88044,0.5,2,2.05102,8.81864,25.2842,9.76561,27.5979,10.2074,26.4745,8.81864,25.2842,9.14009,25.0863,0.0510199,1,3.33333,0.320766,0,0.120732,1
9.5499,27.2709,2.21378,0.5,2,2.07109,8.80229,25.3394,9.70473,27.6708,10.2074,26.4745,8.80229,25.3394,8.39223,25.4297,0.0710921,1,3.33333,0.198749,0,0.100993,1
9.47783,27.3395,2.54711,0.5,2,2.06794,8.73468,25.4097,9.6331,27.7427,10.2074,26.4745,8.73468,25.4097,8.3301,25.5071,0.0679419,1,3.33333,-0.0260143,0,0.121096,1
9.38727,27.3808,2.88044,0.5,2,2.03149,8.66047,25.4838,9.55489,27.8183,10.2074,26.4745,8.66047,25.4838,8.26052,25.575,0.0314851,1,-3.33333,-0.311723,0,0.116953,1
9.29491,27.418,2.59378,0.5,2,1.97597,8.06787,25.8692,9.62032,27.8287,10.2074,26.4745,8.06787,25.8692,7.73611,26.0814,-0.0240263,1,-3.33333,-0.552934,0,0.100394,1
9.21972,27.4832,2.26044,0.5,2,1.9325,8.09789,25.9097,9.54916,27.9453,10.2074,26.4745,8.09789,25.9097,7.7569,26.0944,-0.0675033,1,-3.33333,-0.367673,0,0.118249,1
9.17,27.5694,1.92711,0.5,2,1.96744,8.11044,25.9117,9.45681,28.0182,10.2074,26.4745,8.11044,25.9117,8.37723,25.6635,-0.0325612,1,3.33333,0.30276,0,0.115412,1
9.12475,27.6581,2.20711,0.5,2,2.01897,8.61781,25.7039,9.24554,28.1238,10.2074,26.4745,8.61781,25.7039,8.95933,25.5759,0.0189674,1,3.33333,0.507729,0,0.101488,1
9.05314,27.7273,2.54044,0.5,2,2.06698,8.53758,25.7256,9.16115,28.1466,10.2074,26.4745,8.53758,25.7256,8.88653,25.5832,0.0669756,1,3.33333,0.401863,0,0.119464,1
8.96285,27.7692,2.87378,0.5,2,2.08665,8.48123,25.7389,9.05826,28.1714,10.2074,26.4745,8.48123,25.7389,8.83527,25.5863,0.0866511,1,3.33333,0.160595,0,0.122516,1
8.86382,27.7792,-3.07608,0.5,2,2.07602,8.45894,25.7431,8.94651,28.1951,10.2074,26.4745,8.45894,25.7431,8.04876,25.7866,0.0760198,1,3.33333,-0.110268,0,0.0964131,1
8.76696,27.7563,-2.74274,0.5,2,2.03475,8.37356,25.76,8.85691,28.2128,10.2074,26.4745,8.37356,25.76,7.97568,25.8123,0.0347507,1,-3.33333,-0.354398,0,0.116448,1
8.67136,27.7285,-3.02274,0.5,2,1.98001,7.73599,25.9833,8.91701,28.1868,10.2074,26.4745,7.73599,25.9833,7.37789,26.142,-0.0199898,1,-3.33333,-0.466337,0,0.117384,1
8.57194,27.7332,2.92711,0.5,2,1.93723,7.74438,25.9817,8.81235,28.2421,10.2074,26.4745,7.74438,25.9817,7.38811,26.121,-0.0627718,1,-3.33333,-0.432217,0,0.0989826,1
8.47954,27.7703,2.59378,0.5,2,1.93417,7.77419,25.9693,8.68589,28.2971,8.68589,28.2971,7.77419,25.9693,7.41499,26.092,-0.0658343,2,-3.33333,-0.0261009,0,0.117333,1
8.40435,27.8355,2.26044,0.5,2,1.97033,7.81231,25.9562,8.5635,28.3407,8.68589,28.2971,7.81231,25.9562,7.44558,26.0686,-0.0296715,1,3.33333,0.363901,0,0.0993751,1
8.33215,27.904,2.54711,0.5,2,2.02352,8.32998,25.8805,8.33266,28.3805,8.33266,28.3805,8.32998,25.8805,7.93716,25.8836,0.0235238,2,3.33333,0.439169,0,0.121127,1
8.24158,27.9453,2.88044,0.5,2,2.06659,8.1708,25.88,8.25643,28.3785,8.33266,28.3805,8.1708,25.88,7.76977,25.8957,0.0665867,1,3.33333,0.370609,0,0.116195,1
8.14249,27.9547,-3.06941,0.5,2,2.07321,8.03889,25.8841,8.16382,28.381,8.16382,28.381,8.03889,25.8841,7.63828,25.9119,0.0732114,2,3.33333,0.0659248,0,0.100489,1
8.04578,27.9312,-2.73608,0.5,2,2.04496,7.84034,25.8966,8.09149,28.3839,8.16382,28.381,7.84034,25.8966,8.19885,25.8636,0.0449646,1,-3.33333,-0.238827,0,0.118274,1
7.95037,27.9027,-3.01608,0.5,2,1.99966,7.17519,26.0594,8.14433,28.3639,8.14433,28.3639,7.17519,26.0594,7.50014,25.9224,-0.000339866,2,-3.33333,-0.390259,0,0.116088,1
7.85092,27.9068,2.93378,0.5,2,1.96538,7.14956,26.0708,8.0417,28.4062,8.14433,28.3639,7.14956,26.0708,7.47325,25.9469,-0.0346197,1,-3.33333,-0.342268,0,0.100155,1
7.75828,27.9432,2.60044,0.5,2,1.96779,7.08507,26.0942,7.94036,28.4433,7.94036,28.4433,7.08507,26.0942,7.41166,25.9786,-0.0322142,2,-3.33333,0.0197989,0,0.121498,1
7.68265,28.0079,2.26711,0.5,2,2.00389,7.05994,26.1032,7.83682,28.4795,7.94036,28.4433,7.05994,26.1032,7.39604,25.9952,0.00389218,1,3.33333,0.301673,0,0.119687,1
7.61124,28.0773,2.53378,0.5,2,2.05689,7.58161,26.0207,7.61762,28.5204,7.61762,28.5204,7.58161,26.0207,7.94393,26.0175,0.0568914,2,3.33333,0.538833,0,0.0983593,1
7.52123,28.1198,2.86711,0.5,2,2.10064,7.45793,26.0201,7.53327,28.519,7.61762,28.5204,7.45793,26.0201,7.05078,26.0368,0.100643,1,3.33333,0.369593,0,0.118377,1
7.42227,28.1305,-3.08274,0.5,2,2.10819,7.28886,26.0266,7.44707,28.5216,7.44707,28.5216,7.28886,26.0266,6.881,26.0568,0.108186,2,3.33333,0.0761382,0,0.0990678,1
7.32525,28.1083,-2.74941,0.5,2,2.08078,7.12475,26.0372,7.36565,28.5255,7.44707,28.5216,7.12475,26.0372,7.49023,25.998,0.0807824,1,-3.33333,-0.22565,0,0.121441,1
7.22932,28.0817,-3.03608,0.5,2,2.0365,6.43508,26.2064,7.41008,28.5085,7.41008,28.5085,6.43508,26.2064,6.76578,26.0666,0.0365002,2,-3.33333,-0.35647,0,0.124224,1
7.12996,28.0878,2.91378,0.5,2,2.00377,6.41014,26.2177,7.30823,28.5509,7.41008,28.5085,6.41014,26.2177,6.04746,26.359,0.00377274,1,-3.33333,-0.325781,0,0.100459,1
7.03807,28.126,2.58044,0.5,2,2.00774,6.34639,26.2412,7.20766,28.5881,7.20766,28.5881,6.34639,26.2412,6.67945,26.1232,0.00774169,2,3.33333,0.0344592,0,0.115178,1
6.94849,28.1695,2.85378,0.5,2,2.03126,6.89564,26.1389,6.96068,28.6381,7.20766,28.5881,6.89564,26.1389,7.25284,26.1353,0.0312622,1,3.33333,0.195368,0,0.120391,1
6.84968,28.1815,-3.09608,0.5,2,2.04283,6.76441,26.1405,6.86876,28.6383,6.86876,28.6383,6.76441,26.1405,7.12424,26.1259,0.042829,2,3.33333,0.118022,0,0.0980063,1
6.75237,28.1606,-2.76274,0.5,2,2.02025,6.6363,26.1436,6.77994,28.6395,6.86876,28.6383,6.6363,26.1436,6.9923,26.1201,0.0202549,1,-3.33333,-0.186656,0,0.12094,1
6.65686,28.1323,-3.01608,0.5,2,1.9833,6.05029,26.2441,6.81489,28.6243,6.81489,28.6243,6.05029,26.2441,6.38029,26.1156,-0.0167032,2,-3.33333,-0.319457,0,0.11569,1
6.55741,28.1364,2.93378,0.5,2,1.96152,6.0528,26.2409,6.69593,28.6568,6.81489,28.6243,6.0528,26.2409,6.38505,26.1289,-0.0384753,1,-3.33333,-0.218824,0,0.0994957,1
6.46477,28.1728,2.60044,0.5,2,1.97702,6.05353,26.239,6.57355,28.6844,6.57355,28.6844,6.05353,26.239,6.39367,26.1429,-0.0229784,2,3.33333,0.131373,0,0.117961,1
6.37433,28.2145,2.87378,0.5,2,2.0148,6.71225,26.2282,6.29296,28.6928,6.57355,28.6844,6.71225,26.2282,7.07789,26.2447,0.0148003,1,3.33333,0.376112,0,0.100445,1
6.2753,28.2245,-3.07608,0.5,2,2.04534,6.65694,26.2151,6.19047,28.6712,6.57355,28.6844,6.65694,26.2151,7.03241,26.2266,0.0453424,1,3.33333,0.262792,0,0.116222,1
6.17844,28.2016,-2.74274,0.5,2,2.04813,6.5991,26.1972,6.08563,28.6439,6.57355,28.6844,6.5991,26.1972,6.98057,26.2015,0.0481279,1,3.33333,0.0231194,0,0.120481,1
6.0944,28.1483,-2.40941,0.5,2,2.02516,6.54826,26.1747,5.98798,28.6111,6.57355,28.6844,6.54826,26.1747,6.16624,26.0389,0.0251563,1,-3.33333,-0.232448,0,0.0988248,1
6.01317,28.0907,-2.68941,0.5,2,1.98602,5.87145,26.1098,6.04985,28.6034,6.57355,28.6844,5.87145,26.1098,6.22663,26.0279,-0.0139836,1,-3.33333,-0.326596,0,0.119842,1
5.91766,28.0627,-3.02274,0.5,2,1.9558,5.87702,26.1073,5.92897,28.6068,6.57355,28.6844,5.87702,26.1073,6.2297,26.0492,-0.0441965,1,-3.33333,-0.251811,0,0.119982,1
5.81824,28.0674,2.92711,0.5,2,1.96761,5.94558,26.104,5.78378,28.5987,6.57355,28.6844,5.94558,26.104,6.30788,26.0605,-0.0323924,1,3.33333,0.123703,0,0.095423,1
5.71911,28.0767,-3.06941,0.5,2,2.01177,6.69859,26.3195,5.4814,28.5031,6.57355,28.6844,6.69859,26.3195,6.37786,26.0654,0.0117702,1,3.33333,0.36949,0,0.119523,1
5.62239,28.0531,-2.73608,0.5,2,2.0498,6.71572,26.3192,5.38227,28.4339,6.57355,28.6844,6.71572,26.3192,6.39386,26.0677,0.0498033,1,3.33333,0.322806,0,0.11782,1
5.53871,27.9992,-2.40274,0.5,2,2.06178,6.57995,26.2197,5.3174,28.3775,6.57355,28.6844,6.57995,26.2197,6.93874,26.3503,0.0617776,1,3.33333,0.119654,0,0.100075,1
5.47727,27.9209,-2.06941,0.5,2,2.04061,6.47998,26.1437,5.25153,28.321,6.57355,28.6844,6.47998,26.1437,6.81636,26.2925,0.0406058,1,-3.33333,-0.176393,0,0.120026,1
5.42088,27.8388,-2.33608,0.5,2,2.00315,5.91066,25.8965,5.2994,28.3206,6.57355,28.6844,5.91066,25.8965,6.27602,25.9318,0.00314975,1,-3.33333,-0.382163,0,0.0980107,1
5.34097,27.7795,-2.66941,0.5,2,1.97804,5.98672,25.9098,5.17058,28.2728,6.57355,28.6844,5.98672,25.9098,5.6332,25.7143,-0.0219575,1,-3.33333,-0.210344,0,0.119363,1
5.24605,27.7495,-3.00274,0.5,2,1.99143,6.02273,25.9158,5.0477,28.2178,6.57355,28.6844,6.02273,25.9158,5.67974,25.7013,-0.00856817,1,3.33333,0.110598,0,0.121063,1
5.14937,27.7257,-2.73608,0.5,2,2.03225,6.56705,26.2696,4.82307,28.0608,6.57355,28.6844,6.56705,26.2696,6.31953,25.9398,0.0322535,1,3.33333,0.4114,0,0.0992261,1
5.06569,27.6718,-2.40274,0.5,2,2.06709,6.48419,26.1682,4.7686,27.9867,6.57355,28.6844,6.48419,26.1682,6.7958,26.3837,0.067085,1,3.33333,0.293342,0,0.11874,1
5.00424,27.5935,-2.06941,0.5,2,2.07183,6.4286,26.0889,4.70988,27.9044,6.57355,28.6844,6.4286,26.0889,6.73138,26.3122,0.0718319,1,3.33333,0.0400892,0,0.118409,1
4.9718,27.4994,-1.73608,0.5,2,2.04654,6.40701,26.0404,4.6538,27.8226,6.57355,28.6844,6.40701,26.0404,6.72052,26.2534,0.0465426,1,-3.33333,-0.260965,0,0.0969069,1
4.94422,27.4037,-2.01608,0.5,2,2.0045,5.80677,25.5943,4.731,27.851,6.57355,28.6844,5.80677,25.5943,6.1757,25.6764,0.00449634,1,-3.33333,-0.350898,0,0.119825,1
4.88704,27.3222,-2.34941,0.5,2,1.97393,5.82554,25.5857,4.63692,27.785,6.57355,28.6844,5.82554,25.5857,5.50564,25.3469,-0.0260686,1,-3.33333,-0.261552,0,0.11686,1
4.80635,27.2639,-2.68274,0.5,2,1.97553,5.83238,25.5757,4.53395,27.7121,6.57355,28.6844,5.83238,25.5757,5.52796,25.3121,-0.0244709,1,-3.33333,0.0158468,0,0.100818,1
4.71103,27.2353,-3.01608,0.5,2,2.01281,5.81292,25.5508,4.44432,27.643,6.57355,28.6844,5.81292,25.5508,6.13334,25.7202,0.0128133,1,3.33333,0.319762,0,0.1166,1
4.61449,27.2109,-2.72941,0.5,2,2.07174,6.30356,26.0113,4.26533,27.4589,6.57355,28.6844,6.30356,26.0113,6.56995,26.2831,0.0717394,1,3.33333,0.492701,0,0.119598,1
4.53117,27.1565,-2.39608,0.5,2,2.12927,6.29047,25.957,4.22486,27.3653,6.57355,28.6844,6.29047,25.957,6.58401,26.2302,0.129275,1,3.33333,0.574677,0,0.100117,1
4.47025,27.0777,-2.06274,0.5,2,2.16036,6.25732,25.8638,4.18929,27.2686,6.57355,28.6844,6.25732,25.8638,6.55028,26.1435,0.160355,1,3.33333,0.250471,0,0.124088,1
4.43844,26.9834,-1.72941,0.5,2,2.15772,6.24625,25.8055,4.15167,27.1703,6.57355,28.6844,6.24625,25.8055,6.07,25.403,0.157722,1,3.33333,-0.0280941,0,0.0937242,1
4.43924,26.8839,-1.39608,0.5,2,2.12424,6.20054,25.6963,4.12769,27.0939,6.57355,28.6844,6.20054,25.6963,6.48542,25.9733,0.124242,1,-3.33333,-0.280655,0,0.119293,1
4.44575,26.7845,-1.66941,0.5,2,2.07562,5.70498,25.1345,4.18828,27.1219,6.57355,28.6844,5.70498,25.1345,6.02867,25.3264,0.0756204,1,-3.33333,-0.39987,0,0.121593,1
4.41965,26.6885,-2.00274,0.5,2,2.03723,5.73598,25.1336,4.12064,27.0417,6.57355,28.6844,5.73598,25.1336,6.04313,25.3383,0.0372312,1,-3.33333,-0.390545,0,0.0982964,1
4.36356,26.6062,-2.33608,0.5,2,2.03432,5.80587,25.1716,4.0334,26.9346,6.57355,28.6844,5.80587,25.1716,6.11003,25.3903,0.0343201,1,3.33333,-0.024472,0,0.118956,1
4.30283,26.5273,-2.06274,0.5,2,2.05512,6.16256,25.6527,3.90025,26.7166,6.57355,28.6844,6.16256,25.6527,6.38276,25.9627,0.0551205,1,3.33333,0.172408,0,0.120646,1
4.27102,26.433,-1.72941,0.5,2,2.06818,6.17355,25.622,3.87379,26.6023,6.57355,28.6844,6.17355,25.622,6.05575,25.2252,0.0681839,1,3.33333,0.130285,0,0.100268,1
4.27182,26.3335,-1.39608,0.5,2,2.05071,6.1454,25.4997,3.86134,26.5161,6.57355,28.6844,6.1454,25.4997,6.04391,25.0931,0.0507138,1,-3.33333,-0.144867,0,0.120594,1
4.27952,26.2342,-1.65608,0.5,2,2.01611,5.78045,24.8881,3.91928,26.5572,6.57355,28.6844,5.78045,24.8881,6.07647,25.1163,0.0161095,1,-3.33333,-0.346029,0,0.100004,1
4.25471,26.1378,-1.98941,0.5,2,1.99169,5.78076,24.8579,3.86523,26.4644,6.57355,28.6844,5.78076,24.8579,6.04537,25.1046,-0.00831115,1,-3.33333,-0.202789,0,0.120424,1
4.19972,26.0548,-2.32274,0.5,2,2.00492,5.84038,24.9024,3.79459,26.3394,6.57355,28.6844,5.84038,24.9024,6.0986,25.166,0.00492287,1,3.33333,0.11025,0,0.120037,1
4.14005,25.9751,-2.04941,0.5,2,2.04179,6.11749,25.4665,3.69627,26.0892,6.57355,28.6844,6.11749,25.4665,6.08124,25.0524,0.0417888,1,3.33333,0.373827,0,0.0986177,1
4.1095,25.8804,-1.71608,0.5,2,2.0717,6.11679,25.3678,3.69451,25.9863,6.57355,28.6844,6.11679,25.3678,6.29603,25.715,0.0716968,1,3.33333,0.249072,0,0.120077,1
4.11162,25.7808,-1.38274,0.5,2,2.06885,6.1256,25.3075,3.69191,25.8795,6.57355,28.6844,6.1256,25.3075,6.08273,24.8939,0.0688496,1,3.33333,-0.0232498,0,0.122461,1
4.1462,25.6875,-1.04941,0.5,2,2.03598,6.11163,25.1562,3.69826,25.8086,6.57355,28.6844,6.11163,25.1562,6.27678,25.4963,0.0359831,1,-3.33333,-0.323712,0,0.10153,1
4.18663,25.5965,-1.31608,0.5,2,1.98862,5.88391,24.5602,3.75017,25.863,6.57355,28.6844,5.88391,24.5602,6.11059,24.8423,-0.0113786,1,-3.33333,-0.405885,0,0.116688,1
4.19538,25.4973,-1.64941,0.5,2,1.94959,5.90864,24.567,3.71169,25.76,6.57355,28.6844,5.90864,24.567,6.11155,24.856,-0.0504061,1,-3.33333,-0.326723,0,0.119451,1
4.17121,25.4008,-1.98274,0.5,2,1.94914,5.95729,24.6204,3.66644,25.6214,6.57355,28.6844,5.95729,24.6204,6.17,24.9171,-0.0508559,1,-3.33333,-0.00449119,0,0.100146,1
4.11678,25.3175,-2.31608,0.5,2,1.98856,5.98892,24.6471,3.63527,25.4899,6.57355,28.6844,5.98892,24.6471,6.18351,24.9641,-0.0114449,1,3.33333,0.327956,0,0.120172,1
4.05715,25.2377,-2.04941,0.5,2,2.05003,6.10708,25.2584,3.6072,25.2332,6.57355,28.6844,6.10708,25.2584,6.17307,24.8485,0.0500324,1,3.33333,0.619395,0,0.0992538,1
4.0266,25.143,-1.71608,0.5,2,2.10367,6.13012,25.1678,3.6303,25.1383,6.57355,28.6844,6.13012,25.1678,6.2025,24.7466,0.103671,1,3.33333,0.433872,0,0.123627,1
4.02873,25.0434,-1.38274,0.5,2,2.12268,6.15092,24.998,3.65149,25.0515,6.57355,28.6844,6.15092,24.998,6.22277,25.3821,0.122676,1,3.33333,0.156625,0,0.121344,1
4.0633,24.9501,-1.04941,0.5,2,2.1091,6.17095,24.8718,3.67267,24.9646,6.57355,28.6844,6.17095,24.8718,6.2228,25.2487,0.109104,1,3.33333,-0.136019,0,0.0997782,1
4.12651,24.8732,-0.716077,0.5,2,2.06863,6.19385,24.8,3.69541,24.8885,6.57355,28.6844,6.19385,24.8,6.26008,25.172,0.0686336,1,-3.33333,-0.349929,0,0.115654,1
4.19359,24.7996,-0.996077,0.5,2,2.01635,6.11048,24.1742,3.7338,24.9497,6.57355,28.6844,6.11048,24.1742,6.28767,24.5027,0.0163481,1,-3.33333,-0.428886,0,0.12191,1
4.23309,24.7083,-1.32941,0.5,2,1.97093,6.14405,24.2258,3.72012,24.8378,6.57355,28.6844,6.14405,24.2258,6.10944,23.8265,-0.0290718,1,-3.33333,-0.461075,0,0.0985088,1
4.24052,24.609,-1.66274,0.5,2,1.95877,6.16153,24.2263,3.70973,24.7148,6.57355,28.6844,6.16153,24.2263,6.30631,24.5633,-0.0412291,1,-3.33333,-0.101823,0,0.119397,1
4.21507,24.5128,-1.99608,0.5,2,1.98755,6.19035,24.2924,3.70577,24.5696,6.57355,28.6844,6.19035,24.2924,6.19889,23.8924,-0.012453,1,3.33333,0.243093,0,0.118375,1
4.18356,24.4183,-1.72941,0.5,2,2.04075,6.15558,24.9435,3.73978,24.3001,6.57355,28.6844,6.15558,24.9435,6.33601,24.5655,0.0407546,1,3.33333,0.533529,0,0.0997275,1
4.18436,24.3188,-1.39608,0.5,2,2.08487,6.2072,24.8235,3.78157,24.2183,6.57355,28.6844,6.2072,24.8235,6.1512,25.1949,0.0848653,1,3.33333,0.377739,0,0.116776,1
4.21768,24.225,-1.06274,0.5,2,2.09854,6.25291,24.7366,3.82833,24.1271,6.57355,28.6844,6.25291,24.7366,6.21167,25.1173,0.0985382,1,3.33333,0.138265,0,0.0988886,1
4.27986,24.1473,-0.72941,0.5,2,2.08315,6.29006,24.6937,3.87761,24.0379,6.57355,28.6844,6.29006,24.6937,6.26037,25.0795,0.0831513,1,3.33333,-0.127079,0,0.12108,1
4.36405,24.0942,-0.396077,0.5,2,2.03969,6.34049,24.5982,3.91802,23.9804,6.57355,28.6844,6.34049,24.5982,6.31305,24.9744,0.0396934,1,-3.33333,-0.377075,0,0.11525,1
4.45087,24.0454,-0.676077,0.5,2,1.98432,6.42842,23.8816,3.93696,24.088,6.57355,28.6844,6.42842,23.8816,6.53401,24.2373,-0.0156775,1,-3.33333,-0.556326,0,0.0995294,1
4.51711,23.9711,-1.00941,0.5,2,1.9332,6.44932,23.9092,3.9506,23.9893,6.57355,28.6844,6.44932,23.9092,6.49398,23.5207,-0.0667951,1,-3.33333,-0.424964,0,0.120287,1
4.55538,23.8792,-1.34274,0.5,2,1.90856,6.46271,23.9481,3.96433,23.8579,6.57355,28.6844,6.46271,23.9481,6.53096,23.5687,-0.0914359,1,-3.33333,-0.21178,0,0.116351,1
4.56149,23.7799,-1.67608,0.5,2,1.92217,6.47905,23.9129,3.98505,23.7399,6.57355,28.6844,6.47905,23.9129,6.51847,24.2666,-0.0778278,1,-3.33333,0.137388,0,0.0990485,1
4.53475,23.684,-2.00941,0.5,2,1.97262,6.49703,23.8857,4.01014,23.6301,6.57355,28.6844,6.49703,23.8857,6.49711,24.2419,-0.0273776,1,3.33333,0.413317,0,0.122062,1
4.50199,23.59,-1.74274,0.5,2,2.04351,6.30381,24.554,4.09948,23.3746,6.57355,28.6844,6.30381,24.554,6.17985,24.9079,0.0435083,1,3.33333,0.575957,0,0.123075,1
4.50146,23.4904,-1.40941,0.5,2,2.10859,6.34126,24.5206,4.15995,23.2992,6.57355,28.6844,6.34126,24.5206,6.21589,24.891,0.108592,1,3.33333,0.663557,0,0.0980835,1
4.53353,23.3962,-1.07608,0.5,2,2.14791,6.40583,24.4488,4.22662,23.2237,6.57355,28.6844,6.40583,24.4488,6.28271,24.8302,0.147909,1,3.33333,0.334362,0,0.117587,1
4.59467,23.3177,-0.742744,0.5,2,2.15542,6.47169,24.3772,4.29459,23.1483,6.57355,28.6844,6.47169,24.3772,6.34658,24.7589,0.155417,1,3.33333,0.0638483,0,0.117588,1
4.67814,23.2634,-0.40941,0.5,2,2.13352,6.53428,24.3154,4.35931,23.0827,6.57355,28.6844,6.53428,24.3154,6.82496,23.9835,0.13352,1,3.33333,-0.221503,0,0.0988568,1
4.77476,23.2395,-0.0760771,0.5,2,2.08205,6.58436,24.2692,4.4115,23.0328,6.57355,28.6844,6.58436,24.2692,6.84612,23.9382,0.0820525,1,-3.33333,-0.426266,0,0.12074,1
4.87274,23.2217,-0.342744,0.5,2,2.01909,6.86494,23.5502,4.39824,23.1435,6.57355,28.6844,6.86494,23.5502,6.99988,23.1609,0.0190935,1,-3.33333,-0.648359,0,0.0971051,1
4.95964,23.1732,-0.676077,0.5,2,1.96114,6.8894,23.5226,4.4294,23.0772,6.57355,28.6844,6.8894,23.5226,6.8928,23.8869,-0.0388623,1,-3.33333,-0.486316,0,0.119173,1
5.02588,23.0989,-1.00941,0.5,2,1.92625,6.90887,23.5048,4.46501,22.978,6.57355,28.6844,6.90887,23.5048,6.87271,23.8513,-0.0737537,1,-3.33333,-0.287972,0,0.121162,1
5.06416,23.007,-1.34274,0.5,2,1.92152,6.91962,23.5065,4.50556,22.8566,6.57355,28.6844,6.91962,23.5065,6.86318,23.8484,-0.0784818,1,-3.33333,-0.0496084,0,0.0953081,1
5.07026,22.9077,-1.67608,0.5,2,1.9574,6.90999,23.5761,4.56028,22.7224,6.57355,28.6844,6.90999,23.5761,6.84316,23.9299,-0.0426008,1,3.33333,0.297746,0,0.120509,1
5.07007,22.8081,-1.40941,0.5,2,2.01571,6.58564,24.137,4.70594,22.4888,6.57355,28.6844,6.58564,24.137,6.39433,24.4579,0.0157115,1,3.33333,0.499529,0,0.116734,1
5.10214,22.7138,-1.07608,0.5,2,2.07207,6.63361,24.1096,4.78586,22.4256,6.57355,28.6844,6.63361,24.1096,6.43839,24.4456,0.0720744,1,3.33333,0.564476,0,0.0998499,1
5.16327,22.6353,-0.742744,0.5,2,2.0999,6.71287,24.0524,4.86802,22.3653,6.57355,28.6844,6.71287,24.0524,7.14735,21.1098,0.0998967,1,3.33333,0.233573,0,0.119116,1
5.24675,22.5811,-0.40941,0.5,2,2.09462,6.79002,23.9973,4.94808,22.307,4.94808,22.307,6.79002,23.9973,7.11879,21.0402,0.0946248,2,3.33333,-0.054214,0,0.0972427,1
5.34337,22.5572,-0.0760771,0.5,2,2.05572,6.90326,23.8961,5.00625,22.2678,4.94808,22.307,6.90326,23.8961,7.11126,21.0008,0.0322005,2,-3.33333,-0.514202,0,0.1214,1
5.44135,22.5394,-0.342744,0.5,2,2.00083,7.31715,23.2356,4.97337,22.3657,4.94808,22.307,7.31715,23.2356,6.46572,20.4724,-0.0452774,2,-3.33333,-0.637471,0,0.12154,1
5.52825,22.4908,-0.676077,0.5,2,1.95318,7.33583,23.2308,5.0222,22.2837,4.94808,22.307,7.33583,23.2308,6.55303,20.5023,-0.108609,2,-3.33333,-0.65467,0,0.0967381,1
5.59448,22.4165,-1.00941,0.5,2,1.93608,7.33217,23.2703,5.08835,22.1679,4.94808,22.307,7.33217,23.2703,6.61441,20.5116,-0.155626,2,-3.33333,-0.398808,0,0.117895,1
5.63276,22.3247,-1.34274,0.5,2,1.95181,7.32195,23.3025,5.15833,22.05,4.94808,22.307,7.32195,23.3025,6.6483,20.4976,-0.184914,2,-3.33333,-0.244674,0,0.1197,1
5.63887,22.2253,-1.67608,0.5,2,2.00336,6.87137,20.6459,5.33332,22.6168,4.94808,22.307,6.87137,20.6459,7.22129,23.5053,-0.195605,2,-3.33333,-0.106305,0,0.100569,1
5.61213,22.1294,-2.00941,0.5,2,1.96607,6.87245,20.6204,5.26986,22.5392,4.94808,22.307,6.87245,20.6204,7.19183,23.5453,-0.187385,2,-3.33333,0.0709917,0,0.115783,1
5.5555,22.0476,-2.34274,0.5,2,1.9607,6.88693,20.6083,5.18927,22.4435,4.94808,22.307,6.88693,20.6083,7.16198,23.5865,-0.160496,2,-3.33333,0.224812,0,0.119606,1
5.47519,21.9888,-2.67608,0.5,2,1.99122,6.94731,20.6479,5.09905,22.3314,4.94808,22.307,6.94731,20.6479,7.12785,23.6226,-0.00878179,1,3.33333,1.55718,0,0.097429,1
5.39231,21.9336,-2.38941,0.5,2,2.04635,7.27733,21.1372,4.97442,22.1102,4.97442,22.1102,7.27733,21.1372,6.56729,24.0618,0.0463469,2,3.33333,0.46331,0,0.118989,1
5.33191,21.8545,-2.05608,0.5,2,2.0961,7.27805,21.0759,4.95691,22.0045,4.97442,22.1102,7.27805,21.0759,7.18319,20.6612,0.0960963,1,3.33333,0.413559,0,0.120296,1
5.30073,21.7599,-1.72274,0.5,2,2.11394,7.26478,20.9781,4.94205,21.9027,4.97442,22.1102,7.26478,20.9781,7.17306,20.5577,0.113938,1,3.33333,0.177673,0,0.100418,1
5.3022,21.6604,-1.38941,0.5,2,2.0968,7.22352,20.8207,4.93275,21.8219,4.97442,22.1102,7.22352,20.8207,7.43009,21.1453,0.0968029,1,3.33333,-0.142068,0,0.12061,1
5.33615,21.5669,-1.05608,0.5,2,2.04946,7.20094,20.7167,4.9262,21.7538,4.97442,22.1102,7.20094,20.7167,7.39154,21.035,0.0494585,1,-3.33333,-0.493404,0,0.0959547,1
5.37428,21.4749,-1.34274,0.5,2,1.99175,6.90154,20.1964,4.98457,21.8011,4.97442,22.1102,6.90154,20.1964,7.16784,20.4421,-0.0082463,1,-3.33333,-0.476311,0,0.12115,1
5.38039,21.3755,-1.67608,0.5,2,1.94639,6.95441,20.2306,4.9327,21.7012,4.97442,22.1102,6.95441,20.2306,7.2102,20.4818,-0.0536062,1,-3.33333,-0.375759,0,0.120715,1
5.35365,21.2797,-2.00941,0.5,2,1.93752,6.99441,20.2492,4.87733,21.5788,4.97442,22.1102,6.99441,20.2492,7.24242,20.5115,-0.0624809,1,-3.33333,-0.0931014,0,0.0953237,1
5.29702,21.1978,-2.34274,0.5,2,1.96485,7.04412,20.2988,4.82117,21.4427,4.97442,22.1102,7.04412,20.2988,6.91571,19.9227,-0.035153,1,3.33333,0.225886,0,0.120981,1
5.23576,21.1193,-2.06941,0.5,2,2.01607,7.22933,20.8189,4.75723,21.1914,4.97442,22.1102,7.22933,20.8189,7.36691,21.1725,0.016067,1,3.33333,0.407101,0,0.125816,1
5.20333,21.0252,-1.73608,0.5,2,2.05659,7.23189,20.6868,4.76596,21.0981,4.97442,22.1102,7.23189,20.6868,7.35429,21.0451,0.0565948,1,3.33333,0.433928,0,0.0933976,1
5.20346,20.9257,-1.40274,0.5,2,2.06161,7.23756,20.59,4.77093,20.997,4.97442,22.1102,7.23756,20.59,7.35153,20.9492,0.0616109,1,3.33333,0.0416879,0,0.120325,1
5.23616,20.8316,-1.06941,0.5,2,2.03728,7.24682,20.5034,4.77949,20.9062,4.97442,22.1102,7.24682,20.5034,7.36272,20.8586,0.0372832,1,-3.33333,-0.204206,0,0.119133,1
5.27364,20.7394,-1.34941,0.5,2,2.00163,7.09771,19.9152,4.81948,20.9446,4.97442,22.1102,7.09771,19.9152,7.31453,20.2186,0.00162864,1,-3.33333,-0.356221,0,0.100091,1
5.27909,20.64,-1.68274,0.5,2,1.97763,7.13252,19.9502,4.78953,20.8222,4.97442,22.1102,7.13252,19.9502,7.05138,19.5576,-0.0223656,1,-3.33333,-0.20689,0,0.115976,1
5.25171,20.5443,-2.01608,0.5,2,1.99362,7.16311,19.9777,4.76622,20.6882,4.97442,22.1102,7.16311,19.9777,7.11134,19.5757,-0.00637889,1,3.33333,0.154843,0,0.103244,1
5.21832,20.4505,-1.74941,0.5,2,2.03364,7.24493,20.6195,4.75357,20.4117,4.97442,22.1102,7.24493,20.6195,7.2885,20.9961,0.0336449,1,3.33333,0.333718,0,0.119933,1
5.21713,20.351,-1.41608,0.5,2,2.06347,7.2759,20.49,4.78159,20.3215,4.97442,22.1102,7.2759,20.49,7.29099,20.8628,0.063467,1,3.33333,0.253451,0,0.117664,1
5.24857,20.2565,-1.08274,0.5,2,2.06233,7.30317,20.4349,4.81255,20.2187,4.97442,22.1102,7.30317,20.4349,7.34694,20.8173,0.0623343,1,3.33333,-0.0112301,0,0.100865,1
5.30918,20.1776,-0.74941,0.5,2,2.03289,7.33415,20.3569,4.8439,20.1364,4.97442,22.1102,7.33415,20.3569,7.36614,20.7311,0.0328944,1,-3.33333,-0.246557,0,0.119404,1
5.3747,20.1026,-1.01608,0.5,2,1.99195,7.33506,19.7492,4.8747,20.1927,4.97442,22.1102,7.33506,19.7492,7.32617,19.345,-0.00805354,1,-3.33333,-0.350616,0,0.116788,1
5.41236,20.0104,-1.34941,0.5,2,1.95735,7.35784,19.7951,4.87301,20.0701,4.97442,22.1102,7.35784,19.7951,7.36851,19.4006,-0.0426476,1,-3.33333,-0.348675,0,0.0992159,1
5.41781,19.911,-1.68274,0.5,2,1.96018,7.37451,19.7943,4.87895,19.9432,4.97442,22.1102,7.37451,19.7943,7.41908,19.3967,-0.0398175,1,-3.33333,0.0240975,0,0.117446,1
5.39043,19.8153,-2.01608,0.5,2,2.00257,7.39292,19.7974,4.89302,19.8198,4.97442,22.1102,7.39292,19.7974,7.47957,20.1645,0.00256872,1,3.33333,0.346991,0,0.122153,1
5.35704,19.7215,-1.74941,0.5,2,2.06436,7.31166,20.3856,4.94456,19.5814,4.97442,22.1102,7.31166,20.3856,7.23448,20.7522,0.0643592,1,3.33333,0.635758,0,0.0971919,1
5.35585,19.622,-1.41608,0.5,2,2.11745,7.35956,20.3066,4.99385,19.4983,4.97442,22.1102,7.35956,20.3066,7.27934,20.6823,0.117446,1,3.33333,0.440429,0,0.120535,1
5.38729,19.5276,-1.08274,0.5,2,2.14066,7.39933,20.2584,5.04955,19.4049,4.97442,22.1102,7.39933,20.2584,7.3441,20.6556,0.140661,1,3.33333,0.233976,0,0.0992188,1
5.4479,19.4486,-0.74941,0.5,2,2.1356,7.45393,20.1812,5.10562,19.3236,4.97442,22.1102,7.45393,20.1812,7.39657,20.5765,0.135605,1,3.33333,-0.0417843,0,0.121017,1
5.53101,19.3938,-0.416077,0.5,2,2.10147,7.50373,20.1181,5.1569,19.2565,4.97442,22.1102,7.50373,20.1181,7.45272,20.5105,0.101474,1,-3.33333,-0.294349,0,0.115953,1
5.61716,19.3439,-0.68941,0.5,2,2.05381,7.66901,19.4335,5.17139,19.3244,4.97442,22.1102,7.66901,19.4335,7.74477,19.0259,0.0538051,1,-3.33333,-0.473971,0,0.100573,1
5.68239,19.2687,-1.02274,0.5,2,2.01111,7.68458,19.458,5.19568,19.2227,4.97442,22.1102,7.68458,19.458,7.77481,19.0636,0.0111141,1,-3.33333,-0.366721,0,0.116413,1
5.71944,19.1763,-1.35608,0.5,2,1.99728,7.70466,19.3956,5.21976,19.1211,4.97442,22.1102,7.70466,19.3956,7.71917,19.7612,-0.0027169,1,-3.33333,-0.114325,0,0.12098,1
5.72422,19.0769,-1.68941,0.5,2,2.02059,7.7188,19.4001,5.25098,19.0002,4.97442,22.1102,7.7188,19.4001,7.70266,19.766,0.0205874,1,3.33333,0.2355,0,0.0989571,1
5.7233,18.9773,-1.41608,0.5,2,2.06962,7.48102,20.0699,5.35778,18.7501,4.97442,22.1102,7.48102,20.0699,7.32331,20.4111,0.0696166,1,3.33333,0.415474,0,0.118008,1
5.75474,18.8829,-1.08274,0.5,2,2.11389,7.50799,20.0638,5.4345,18.6672,4.97442,22.1102,7.50799,20.0638,7.35772,20.4289,0.113886,1,3.33333,0.363989,0,0.121622,1
5.81536,18.8039,-0.74941,0.5,2,2.13089,7.58066,19.9974,5.50958,18.5972,4.97442,22.1102,7.58066,19.9974,7.43007,20.3666,0.130894,1,3.33333,0.174926,0,0.09723,1
5.89847,18.7492,-0.416077,0.5,2,2.11799,7.65104,19.9384,5.58236,18.5346,4.97442,22.1102,7.65104,19.9384,7.49996,20.3044,0.117989,1,3.33333,-0.10721,0,0.120371,1
5.99492,18.7246,-0.0827437,0.5,2,2.07304,7.70829,19.8916,5.64204,18.4842,4.97442,22.1102,7.70829,19.8916,7.99983,19.5863,0.0730379,1,-3.33333,-0.455105,0,0.0987706,1
6.09267,18.7056,-0.356077,0.5,2,2.01427,8.05047,19.1791,5.62055,18.5914,4.97442,22.1102,8.05047,19.1791,8.21154,18.8017,0.0142703,1,-3.33333,-0.50335,0,0.116753,1
6.17891,18.6559,-0.68941,0.5,2,1.96099,8.08573,19.1136,5.6548,18.5301,4.97442,22.1102,8.08573,19.1136,8.07005,19.4781,-0.0390077,1,-3.33333,-0.443905,0,0.120021,1
6.24415,18.5807,-1.02274,0.5,2,1.93033,8.10516,19.0933,5.69493,18.4294,4.97442,22.1102,8.10516,19.0933,8.05241,19.4394,-0.069672,1,-3.33333,-0.30962,0,0.0990387,1
6.2812,18.4883,-1.35608,0.5,2,1.93305,8.10559,19.1273,5.74612,18.3009,4.97442,22.1102,8.10559,19.1273,8.03352,19.4718,-0.0669467,1,-3.33333,0.0222624,0,0.122415,1
6.28598,18.3889,-1.68941,0.5,2,1.97598,8.10212,19.1674,5.80435,18.1824,4.97442,22.1102,8.10212,19.1674,8.01736,19.522,-0.0240213,1,3.33333,0.370761,0,0.115777,1
6.28566,18.2893,-1.40941,0.5,2,2.04195,7.69779,19.7643,5.9689,17.9585,4.97442,22.1102,7.69779,19.7643,8.04302,19.5311,0.041955,1,3.33333,0.658285,0,0.100224,1
6.31774,18.1951,-1.07608,0.5,2,2.10166,7.74178,19.7408,6.04783,17.9021,4.97442,22.1102,7.74178,19.7408,8.11037,19.5141,0.10166,1,3.33333,0.506331,0,0.117917,1
6.37887,18.1165,-0.742744,0.5,2,2.13824,7.82499,19.6916,6.13421,17.8501,4.97442,22.1102,7.82499,19.6916,8.18426,19.4497,0.13824,1,3.33333,0.302244,0,0.121029,1
6.46235,18.0623,-0.40941,0.5,2,2.14099,7.90761,19.6419,6.22,17.7975,4.97442,22.1102,7.90761,19.6419,8.26831,19.4007,0.140993,1,3.33333,0.0282902,0,0.097322,1
6.55897,18.0384,-0.0760771,0.5,2,2.10962,8.03391,19.5467,6.28603,17.7593,4.97442,22.1102,8.03391,19.5467,7.81301,19.8727,0.109616,1,-3.33333,-0.263813,0,0.118939,1
6.65671,18.0194,-0.356077,0.5,2,2.05995,8.52972,18.8769,6.2566,17.8363,4.97442,22.1102,8.52972,18.8769,8.43379,19.2453,0.0599537,1,-3.33333,-0.504401,0,0.0984576,1
6.74296,17.9697,-0.68941,0.5,2,2.01757,8.564,18.8383,6.30752,17.7621,4.97442,22.1102,8.564,18.8383,8.44635,19.1847,0.0175734,1,-3.33333,-0.351749,0,0.120485,1
6.80819,17.8946,-1.02274,0.5,2,2.00403,8.55411,18.8784,6.3761,17.6511,4.97442,22.1102,8.55411,18.8784,8.42221,19.2204,0.00402522,1,-3.33333,-0.11704,0,0.115756,1
6.84524,17.8022,-1.35608,0.5,2,2.02704,8.53941,18.9151,6.44995,17.5425,4.97442,22.1102,8.53941,18.9151,8.39496,19.2627,0.0270414,1,3.33333,0.231051,0,0.0996155,1
6.87752,17.708,-1.07608,0.5,2,2.07307,8.14397,19.3493,6.61671,17.37,4.97442,22.1102,8.14397,19.3493,7.89113,19.6423,0.0730665,1,3.33333,0.382503,0,0.120326,1
6.93866,17.6294,-0.742744,0.5,2,2.11444,8.2275,19.3057,6.70365,17.3238,4.97442,22.1102,8.2275,19.3057,8.61296,19.1078,0.11444,1,3.33333,0.344248,0,0.120186,1
7.02213,17.5752,-0.40941,0.5,2,2.12322,8.31342,19.2606,6.79299,17.2761,4.97442,22.1102,8.31342,19.2606,8.69251,19.0553,0.123219,1,3.33333,0.0911494,0,0.0963175,1
7.11875,17.5513,-0.0760771,0.5,2,2.09688,8.42005,19.1955,6.86858,17.2352,4.97442,22.1102,8.42005,19.1955,8.80225,18.9963,0.0968783,1,3.33333,-0.220024,0,0.11972,1
7.21788,17.5603,0.257256,0.5,2,2.04054,8.53661,19.1175,6.92095,17.2097,4.97442,22.1102,8.53661,19.1175,8.29333,19.4036,0.0405383,1,-3.33333,-0.480008,0,0.117373,1
7.31645,17.5744,-0.0227437,0.5,2,1.97065,8.97483,18.6389,6.87098,17.2884,4.97442,22.1102,8.97483,18.6389,8.82556,18.9668,-0.0293521,1,-3.33333,-0.704438,0,0.0992144,1
7.41421,17.5556,-0.356077,0.5,2,1.91013,8.98654,18.6402,6.92865,17.2207,4.97442,22.1102,8.98654,18.6402,8.82458,18.9464,-0.0898746,1,-3.33333,-0.49726,0,0.121712,1
7.50045,17.5059,-0.68941,0.5,2,1.88255,8.97376,18.6778,7.01723,17.1216,4.97442,22.1102,8.97376,18.6778,8.79886,18.9735,-0.11745,1,-3.33333,-0.274908,0,0.100307,1
7.56569,17.4308,-1.02274,0.5,2,1.88813,8.95997,18.704,7.11386,17.0182,4.97442,22.1102,8.95997,18.704,8.77199,18.9972,-0.111866,1,-3.33333,0.0468439,0,0.119199,1
7.60274,17.3384,-1.35608,0.5,2,1.92941,8.93568,18.7333,7.20854,16.9258,4.97442,22.1102,8.93568,18.7333,9.26112,18.5127,-0.0705926,1,3.33333,0.349643,0,0.118045,1
7.63388,17.2438,-1.08941,0.5,2,1.99127,8.45707,19.0569,7.42357,16.7806,4.97442,22.1102,8.45707,19.0569,8.85203,18.9567,-0.00873482,1,3.33333,0.622308,0,0.0994006,1
7.69396,17.1644,-0.756077,0.5,2,2.05013,8.53828,19.0326,7.50869,16.7545,4.97442,22.1102,8.53828,19.0326,8.9415,18.9251,0.0501258,1,3.33333,0.49886,0,0.11799,1
7.77671,17.1091,-0.422744,0.5,2,2.07705,8.66178,18.9881,7.59648,16.7265,4.97442,22.1102,8.66178,18.9881,9.06831,18.8725,0.0770478,1,3.33333,0.22369,0,0.120354,1
7.873,17.0839,-0.0894104,0.5,2,2.06689,8.8153,18.9235,7.67554,16.6984,4.97442,22.1102,8.8153,18.9235,8.51004,19.1517,0.0668855,1,3.33333,-0.102395,0,0.099247,1
7.97224,17.0916,0.243923,0.5,2,2.0231,8.92279,18.8775,7.74817,16.6706,4.97442,22.1102,8.92279,18.8775,8.62056,19.084,0.0230982,1,-3.33333,-0.363641,0,0.120413,1
8.07099,17.1043,-0.0360771,0.5,2,1.9647,9.46187,18.4919,7.69203,16.7263,4.97442,22.1102,9.46187,18.4919,9.24012,18.7699,-0.0352992,1,-3.33333,-0.489121,0,0.119393,1
8.16848,17.0843,-0.36941,0.5,2,1.91824,9.43115,18.5283,7.78555,16.6463,4.97442,22.1102,9.43115,18.5283,9.20613,18.7999,-0.0817624,1,-3.33333,-0.459312,0,0.101158,1
8.25406,17.0334,-0.702744,0.5,2,1.90881,9.43617,18.5322,7.88794,16.5693,4.97442,22.1102,9.43617,18.5322,9.19736,18.788,-0.0911874,1,-3.33333,-0.0798443,0,0.118041,1
8.31829,16.9574,-1.03608,0.5,2,1.93623,9.3831,18.5745,8.00825,16.4865,4.97442,22.1102,9.3831,18.5745,9.73521,18.4062,-0.063772,1,3.33333,0.22724,0,0.120645,1
8.37619,16.8763,-0.78941,0.5,2,1.98287,8.86361,18.7984,8.24907,16.3751,4.97442,22.1102,8.86361,18.7984,9.25683,18.7453,-0.0171299,1,3.33333,0.49466,0,0.0942912,1
8.45704,16.8183,-0.456077,0.5,2,2.02502,8.95145,18.782,8.34108,16.3577,4.97442,22.1102,8.95145,18.782,9.35656,18.7358,0.0250187,1,3.33333,0.339927,0,0.123993,1
8.55244,16.7899,-0.122744,0.5,2,2.03196,9.11365,18.7428,8.42318,16.3401,4.97442,22.1102,9.11365,18.7428,8.77688,18.9136,0.0319622,1,3.33333,0.0707677,0,0.0981162,1
8.65188,16.7943,0.21059,0.5,2,2.00351,9.26882,18.7004,8.499,16.3219,4.97442,22.1102,9.26882,18.7004,8.93871,18.8522,0.00350976,1,-3.33333,-0.242587,0,0.117287,1
8.75095,16.8043,-0.0627437,0.5,2,1.95794,9.86262,18.4161,8.44318,16.3581,4.97442,22.1102,9.86262,18.4161,9.59677,18.6522,-0.0420579,1,-3.33333,-0.379256,0,0.12015,1
8.84788,16.7817,-0.396077,0.5,2,1.92565,9.83082,18.4376,8.5547,16.2878,4.97442,22.1102,9.83082,18.4376,9.56206,18.6723,-0.0743536,1,-3.33333,-0.331212,0,0.0975078,1
8.93207,16.7286,-0.72941,0.5,2,1.93414,9.83389,18.4396,8.66822,16.228,4.97442,22.1102,9.83389,18.4396,9.54838,18.6491,-0.0658648,1,-3.33333,0.0711877,0,0.119245,1
8.99425,16.6509,-1.06274,0.5,2,1.97448,9.7939,18.4562,8.78141,16.1704,4.97442,22.1102,9.7939,18.4562,9.49177,18.6626,-0.0255219,1,3.33333,0.339245,0,0.11892,1
9.05189,16.5697,-0.78941,0.5,2,2.03354,9.23726,18.5947,9.00937,16.1051,4.97442,22.1102,9.23726,18.5947,8.87327,18.7103,0.0335402,1,3.33333,0.605099,0,0.0976073,1
9.13274,16.5116,-0.456077,0.5,2,2.08632,9.31935,18.5896,9.09574,16.0996,4.97442,22.1102,9.31935,18.5896,9.74015,18.6117,0.0863152,1,3.33333,0.439441,0,0.120096,1
9.22814,16.4832,-0.122744,0.5,2,2.10598,9.44948,18.5775,9.18673,16.0914,4.97442,22.1102,9.44948,18.5775,9.88035,18.6121,0.105975,1,3.33333,0.163015,0,0.120602,1
9.32758,16.4876,0.21059,0.5,2,2.09043,9.57996,18.5627,9.27814,16.081,4.97442,22.1102,9.57996,18.5627,9.2098,18.6867,0.0904341,1,3.33333,-0.154793,0,0.100399,1
9.42012,16.5242,0.543923,0.5,2,2.04336,9.73399,18.5433,9.34998,16.073,4.97442,22.1102,9.73399,18.5433,9.37719,18.6367,0.0433626,1,-3.33333,-0.399204,0,0.117913,1
9.50995,16.5672,0.283923,0.5,2,1.98107,10.3388,18.3666,9.29283,16.0959,4.97442,22.1102,10.3388,18.3666,10.0332,18.5573,-0.0189316,1,-3.33333,-0.626003,0,0.0995111,1
9.6088,16.5789,-0.0494104,0.5,2,1.92841,10.3259,18.369,9.39624,16.0483,4.97442,22.1102,10.3259,18.369,10.0192,18.5379,-0.0715863,1,-3.33333,-0.439437,0,0.119823,1
9.70602,16.5575,-0.382744,0.5,2,1.90928,10.2938,18.3741,9.52417,15.9955,4.97442,22.1102,10.2938,18.3741,9.98098,18.5315,-0.0907159,1,-3.33333,-0.16131,0,0.118589,1
9.79091,16.5056,-0.716077,0.5,2,1.93227,10.2593,18.3802,9.65329,15.9548,4.97442,22.1102,10.2593,18.3802,9.93384,18.5351,-0.0677326,1,3.33333,0.236432,0,0.0972091,1
9.87339,16.4498,-0.42941,0.5,2,1.97403,9.65347,18.4116,9.93199,15.9271,4.97442,22.1102,9.65347,18.4116,10.0399,18.5174,-0.0259658,1,3.33333,0.347654,0,0.120139,1
9.96952,16.424,-0.0960771,0.5,2,2.00611,9.74259,18.4172,10.0254,15.9332,4.97442,22.1102,9.74259,18.4172,10.1357,18.5337,0.00611329,1,3.33333,0.271313,0,0.118237,1
10.0688,16.431,0.237256,0.5,2,2.00571,9.87331,18.4271,10.117,15.939,4.97442,22.1102,9.87331,18.4271,10.269,18.5467,0.00570631,1,3.33333,-0.00413853,0,0.0983394,1
10.1603,16.4701,0.57059,0.5,2,1.97347,10.0332,18.4395,10.1942,15.9447,4.97442,22.1102,10.0332,18.4395,9.67707,18.4537,-0.0265332,1,-3.33333,-0.270955,0,0.118985,1
10.2498,16.5139,0.29059,0.5,2,1.924,10.6613,18.3933,10.1266,15.9512,4.97442,22.1102,10.6613,18.3933,10.3313,18.5011,-0.0760003,1,-3.33333,-0.420875,0,0.117534,1
10.3485,16.5262,-0.0427437,0.5,2,1.88555,10.6256,18.3913,10.2583,15.9184,4.97442,22.1102,10.6256,18.3913,10.2953,18.4942,-0.114454,1,-3.33333,-0.387528,0,0.0992269,1
10.4459,16.5055,-0.376077,0.5,2,1.88442,10.5953,18.384,10.3971,15.8918,4.97442,22.1102,10.5953,18.384,10.2582,18.472,-0.11558,1,-3.33333,-0.00936036,0,0.120313,1
10.5311,16.4541,-0.70941,0.5,2,1.92356,10.5528,18.3775,10.5246,15.8777,4.97442,22.1102,10.5528,18.3775,10.9394,18.4348,-0.0764364,1,3.33333,0.392079,0,0.0998353,1
10.614,16.3989,-0.422744,0.5,2,1.97749,9.97742,18.2711,10.7822,15.9042,4.97442,22.1102,9.97742,18.2711,10.3322,18.4617,-0.0225097,1,3.33333,0.446914,0,0.120665,1
10.7103,16.3736,-0.0894104,0.5,2,2.02349,10.0556,18.2883,10.8645,15.9228,4.97442,22.1102,10.0556,18.2883,10.4187,18.4813,0.0234871,1,3.33333,0.383774,0,0.119854,1
10.8095,16.3813,0.243923,0.5,2,2.03948,10.1801,18.3213,10.9516,15.9433,4.97442,22.1102,10.1801,18.3213,9.79936,18.2831,0.0394757,1,3.33333,0.157221,0,0.101695,1
10.9008,16.4211,0.577256,0.5,2,2.02503,10.3401,18.3669,11.0323,15.9647,4.97442,22.1102,10.3401,18.3669,9.97952,18.3037,0.0250316,1,-3.33333,-0.122643,0,0.117773,1
10.9894,16.4665,0.31059,0.5,2,1.99104,10.9965,18.4575,10.9876,15.9576,4.97442,22.1102,10.9965,18.4575,10.64,18.4903,-0.0089581,1,-3.33333,-0.289218,0,0.117523,1
11.0879,16.4808,-0.0227437,0.5,2,1.96672,10.9611,18.4434,11.1223,15.9486,4.97442,22.1102,10.9611,18.4434,10.6018,18.4753,-0.0332823,1,-3.33333,-0.243357,0,0.0999528,1
11.1857,16.462,-0.356077,0.5,2,1.982,10.9236,18.4266,11.2542,15.9486,4.97442,22.1102,10.9236,18.4266,10.5576,18.4421,-0.0180008,1,3.33333,0.130871,0,0.116767,1
11.2824,16.4383,-0.0760771,0.5,2,2.02316,10.2512,18.179,11.5254,16.0281,4.97442,22.1102,10.2512,18.179,9.90146,18.0471,0.0231562,1,3.33333,0.335546,0,0.122657,1
11.3815,16.4473,0.257256,0.5,2,2.05702,10.239,18.1579,11.6275,16.079,4.97442,22.1102,10.239,18.1579,10.5462,18.4403,0.057024,1,3.33333,0.347383,0,0.0974942,1
11.4722,16.4883,0.59059,0.5,2,2.0652,10.3222,18.2036,11.7143,16.1271,4.97442,22.1102,10.3222,18.2036,10.6372,18.4709,0.0651977,1,3.33333,0.0684041,0,0.119491,1
11.5446,16.5566,0.923923,0.5,2,2.04195,10.4343,18.2704,11.7936,16.1722,4.97442,22.1102,10.4343,18.2704,10.7433,18.5461,0.0419519,1,-3.33333,-0.233397,0,0.0995979,1
11.6151,16.6269,0.617256,0.5,2,1.9998,11.1189,18.5642,11.7392,16.1423,4.97442,22.1102,11.1189,18.5642,10.7573,18.5209,-0.000201941,1,-3.33333,-0.361725,0,0.116535,1
11.7047,16.6702,0.283923,0.5,2,1.96752,11.1207,18.5491,11.8627,16.1618,4.97442,22.1102,11.1207,18.5491,10.7709,18.482,-0.032482,1,-3.33333,-0.265858,0,0.121418,1
11.8035,16.6819,-0.0494104,0.5,2,1.9708,11.0918,18.5197,11.9946,16.1884,4.97442,22.1102,11.0918,18.5197,10.741,18.4385,-0.0292017,1,-3.33333,0.0323085,0,0.10153,1
11.9008,16.6605,-0.382744,0.5,2,2.01132,11.0485,18.4824,12.1078,16.2179,4.97442,22.1102,11.0485,18.4824,10.6878,18.3883,0.0113184,1,3.33333,0.354045,0,0.114449,1
11.9968,16.6342,-0.102744,0.5,2,2.07002,10.5049,18.0693,12.3067,16.3362,4.97442,22.1102,10.5049,18.0693,10.1915,17.8468,0.0700228,1,3.33333,0.497591,0,0.117977,1
12.0961,16.6406,0.23059,0.5,2,2.12119,10.5395,18.0815,12.3741,16.3833,4.97442,22.1102,10.5395,18.0815,10.2106,17.8552,0.121188,1,3.33333,0.498988,0,0.102538,1
12.1879,16.6791,0.563923,0.5,2,2.15109,10.6068,18.1376,12.4444,16.4425,4.97442,22.1102,10.6068,18.1376,10.846,18.5052,0.151086,1,3.33333,0.256262,0,0.116671,1
12.262,16.7455,0.897256,0.5,2,2.15241,10.6774,18.2022,12.5179,16.5103,4.97442,22.1102,10.6774,18.2022,10.9171,18.5692,0.152414,1,3.33333,0.0108046,0,0.122865,1
12.3104,16.8326,1.23059,0.5,2,2.11865,10.799,18.3173,12.5824,16.5653,4.97442,22.1102,10.799,18.3173,10.4802,18.0901,0.11865,1,-3.33333,-0.340411,0,0.0991863,1
12.3547,16.9217,0.943923,0.5,2,2.06443,11.4796,18.7914,12.5394,16.5272,4.97442,22.1102,11.4796,18.7914,11.1316,18.6631,0.0644307,1,-3.33333,-0.449954,0,0.120499,1
12.4257,16.9915,0.61059,0.5,2,2.01954,11.4471,18.7581,12.6585,16.5712,4.97442,22.1102,11.4471,18.7581,11.0941,18.6368,0.0195415,1,-3.33333,-0.46326,0,0.0968985,1
12.5156,17.0342,0.277256,0.5,2,2.00683,11.4555,18.7383,12.7761,16.6155,4.97442,22.1102,11.4555,18.7383,11.1184,18.5922,0.00683355,1,-3.33333,-0.106618,0,0.119192,1
12.6145,17.0452,-0.0560771,0.5,2,2.03269,11.4258,18.6941,12.8878,16.6661,4.97442,22.1102,11.4258,18.6941,11.0899,18.5286,0.032686,1,3.33333,0.21149,0,0.12224,1
12.714,17.0493,0.203923,0.5,2,2.07837,10.9576,18.1604,13.0703,16.8239,4.97442,22.1102,10.9576,18.1604,11.1139,18.558,0.0783656,1,3.33333,0.462508,0,0.098765,1
12.8068,17.0854,0.537256,0.5,2,2.12162,10.9924,18.185,13.1304,16.8893,4.97442,22.1102,10.9924,18.185,11.1518,18.587,0.121624,1,3.33333,0.372943,0,0.115993,1
12.8827,17.1498,0.870589,0.5,2,2.1427,11.0483,18.2572,13.1885,16.9652,4.97442,22.1102,11.0483,18.2572,11.215,18.6577,0.142705,1,3.33333,0.173975,0,0.121168,1
12.9333,17.2355,1.20392,0.5,2,2.12825,11.1488,18.3953,13.245,17.0329,4.97442,22.1102,11.1488,18.3953,10.8762,18.1096,0.128251,1,3.33333,-0.144872,0,0.0997717,1
12.9531,17.3331,1.53726,0.5,2,2.07699,11.2501,18.5221,13.2999,17.0909,4.97442,22.1102,11.2501,18.5221,11.0098,18.236,0.076993,1,-3.33333,-0.338302,0,0.151514,1
12.9691,17.4313,1.24392,0.5,2,2.00854,11.7808,19.0507,13.2598,17.0351,4.97442,22.1102,11.7808,19.0507,11.4601,18.8748,0.0085361,1,-3.33333,-0.543368,0,0.125986,1
13.0162,17.519,0.910589,0.5,2,1.95249,11.7829,19.0326,13.3621,17.0945,4.97442,22.1102,11.7829,19.0326,11.4749,18.8507,-0.0475073,1,-3.33333,-0.548933,0,0.102095,1
13.0895,17.5864,0.577256,0.5,2,1.93239,11.7453,18.9747,13.4843,17.1786,4.97442,22.1102,11.7453,18.9747,11.4385,18.7827,-0.0676098,1,-3.33333,-0.172888,0,0.116275,1
13.1807,17.6261,0.243923,0.5,2,1.94702,11.7344,18.9295,13.5915,17.2559,4.97442,22.1102,11.7344,18.9295,11.9542,19.2552,-0.0529826,1,-3.33333,0.11924,0,0.12267,1
13.28,17.6338,-0.0894104,0.5,2,1.99429,11.7111,18.865,13.6778,17.3216,4.97442,22.1102,11.7111,18.865,11.9177,19.2077,-0.00570905,1,3.33333,0.474496,0,0.0996289,1
13.3796,17.6346,0.17059,0.5,2,2.05535,11.4164,18.2433,13.8043,17.5029,4.97442,22.1102,11.4164,18.2433,11.4849,18.6516,0.0553508,1,3.33333,0.523696,0,0.116594,1
13.4735,17.6675,0.503923,0.5,2,2.11539,11.4631,18.3257,13.839,17.5479,4.97442,22.1102,11.4631,18.3257,11.2578,17.984,0.115393,1,3.33333,0.604887,0,0.0992613,1
13.5515,17.7294,0.837256,0.5,2,2.15612,11.5258,18.4678,13.8746,17.6116,4.97442,22.1102,11.5258,18.4678,11.3395,18.1206,0.156116,1,3.33333,0.339152,0,0.120074,1
13.6049,17.8134,1.17059,0.5,2,2.16385,11.5707,18.551,13.921,17.6988,4.97442,22.1102,11.5707,18.551,11.384,18.2022,0.163848,1,3.33333,0.0635437,0,0.121686,1
13.628,17.9102,1.50392,0.5,2,2.13555,11.6191,18.6347,13.9708,17.7865,4.97442,22.1102,11.6191,18.6347,11.4154,18.2936,0.135547,1,-3.33333,-0.295287,0,0.0958448,1
13.6466,18.008,1.21726,0.5,2,2.09186,12.004,19.3032,13.9671,17.7553,4.97442,22.1102,12.004,19.3032,11.7092,19.0493,0.0918555,1,-3.33333,-0.340271,0,0.128401,1
13.6961,18.0944,0.883923,0.5,2,2.05942,12.0165,19.286,14.0554,17.8394,4.97442,22.1102,12.0165,19.286,12.1911,19.6723,0.0594223,1,-3.33333,-0.274964,0,0.117954,1
13.7711,18.1598,0.55059,0.5,2,2.06487,12.0097,19.2373,14.1423,17.9327,4.97442,22.1102,12.0097,19.2373,12.176,19.619,0.0648739,1,3.33333,0.0550818,0,0.0989743,1
13.8502,18.2204,0.817256,0.5,2,2.09044,11.8234,18.7323,14.2472,18.1201,4.97442,22.1102,11.8234,18.7323,11.6588,18.3803,0.0904431,1,3.33333,0.218517,0,0.117012,1
13.9053,18.3032,1.15059,0.5,2,2.10696,11.8708,18.8513,14.2848,18.201,4.97442,22.1102,11.8708,18.8513,11.7332,18.4962,0.106961,1,3.33333,0.139182,0,0.118682,1
13.9302,18.3996,1.48392,0.5,2,2.08812,11.9131,18.9393,14.3281,18.2932,4.97442,22.1102,11.9131,18.9393,11.7693,18.5878,0.0881205,1,3.33333,-0.189745,0,0.0992968,1
13.9223,18.4988,1.81726,0.5,2,2.03868,11.9432,18.9878,14.3702,18.3882,4.97442,22.1102,11.9432,18.9878,11.9631,19.4074,0.0386767,1,-3.33333,-0.409148,0,0.120846,1
13.9087,18.5975,1.54392,0.5,2,1.97487,12.1905,19.5711,14.3656,18.3386,4.97442,22.1102,12.1905,19.5711,12.3235,19.9533,-0.0251254,1,-3.33333,-0.645576,0,0.0988297,1
13.9279,18.6951,1.21059,0.5,2,1.92548,12.192,19.5283,14.4458,18.4466,4.97442,22.1102,12.192,19.5283,12.3068,19.9007,-0.0745231,1,-3.33333,-0.42248,0,0.116923,1
13.9779,18.7812,0.877256,0.5,2,1.91764,12.1966,19.4914,14.5188,18.5655,4.97442,22.1102,12.1966,19.4914,12.2869,19.8683,-0.0823565,1,-3.33333,-0.0649204,0,0.120661,1
14.0533,18.8461,0.543923,0.5,2,1.94388,12.2248,19.5057,14.5765,18.6574,4.97442,22.1102,12.2248,19.5057,12.0591,19.1919,-0.056124,1,3.33333,0.260288,0,0.100783,1
14.132,18.9071,0.823923,0.5,2,1.98598,12.147,18.9692,14.6458,18.891,4.97442,22.1102,12.147,18.9692,12.0932,18.613,-0.0140247,1,3.33333,0.348861,0,0.120676,1
14.1866,18.9904,1.15726,0.5,2,2.02114,12.1664,19.0501,14.6653,18.9762,4.97442,22.1102,12.1664,19.0501,12.1011,18.6859,0.0211391,1,3.33333,0.295168,0,0.119132,1
14.2109,19.0869,1.49059,0.5,2,2.02501,12.1867,19.1433,14.6857,19.0736,4.97442,22.1102,12.1867,19.1433,12.1224,18.7783,0.0250094,1,3.33333,0.0401132,0,0.0964833,1
14.2023,19.186,1.82392,0.5,2,1.99717,12.2052,19.1685,14.7051,19.1905,4.97442,22.1102,12.2052,19.1685,12.1506,19.5662,-0.00282526,1,-3.33333,-0.228654,0,0.121733,1
14.1869,19.2844,1.56392,0.5,2,1.95755,12.2908,19.771,14.7123,19.1496,4.97442,22.1102,12.2908,19.771,12.3534,20.1548,-0.0424523,1,-3.33333,-0.334248,0,0.118556,1
14.2041,19.3825,1.23059,0.5,2,1.93031,12.3195,19.8,14.7603,19.2592,4.97442,22.1102,12.3195,19.8,12.1754,19.4708,-0.0696889,1,-3.33333,-0.278179,0,0.0979102,1
14.2524,19.4695,0.897256,0.5,2,1.93963,12.3458,19.826,14.8032,19.3665,4.97442,22.1102,12.3458,19.826,12.2466,19.4902,-0.0603695,1,-3.33333,0.0780402,0,0.119418,1
14.3265,19.5359,0.563923,0.5,2,1.98231,12.3577,19.7668,14.8407,19.4756,4.97442,22.1102,12.3577,19.7668,12.27,19.417,-0.017694,1,3.33333,0.430735,0,0.0990761,1
14.4036,19.5989,0.85059,0.5,2,2.04161,12.4122,19.1489,14.8507,19.7,14.8507,19.7,12.4122,19.1489,13.5867,21.8759,0.0416095,2,3.33333,0.503662,0,0.117745,1
14.4559,19.6836,1.18392,0.5,2,2.09447,12.4138,19.2184,14.8513,19.7737,14.8507,19.7,12.4138,19.2184,13.586,21.8548,0.104874,2,3.33333,0.540676,0,0.117009,1
14.4777,19.7808,1.51726,0.5,2,2.11867,12.4127,19.3066,14.8493,19.8661,14.8507,19.7,12.4127,19.3066,13.7795,21.938,0.118314,2,3.33333,0.134705,0,0.0997746,1
14.4664,19.8797,1.85059,0.5,2,2.11525,12.4143,19.3668,14.8397,19.9729,14.8507,19.7,12.4143,19.3668,13.8685,21.9606,0.0757952,2,-3.33333,-0.349064,0,0.121808,1
14.4495,19.9778,1.57726,0.5,2,2.03271,14.3301,22.007,14.477,19.5113,14.8507,19.7,14.3301,22.007,12.3485,19.9642,0.0120386,2,-3.33333,-0.544598,0,0.117071,1
14.4654,20.076,1.24392,0.5,2,1.92768,14.2883,21.9956,14.518,19.5061,14.8507,19.7,14.2883,21.9956,12.3596,19.8446,-0.0383935,2,-3.33333,-0.510452,0,0.0987989,1
14.5126,20.1637,0.910589,0.5,2,1.83821,14.2513,21.9832,14.6067,19.5086,14.8507,19.7,14.2513,21.9832,12.3983,19.8223,-0.0739052,2,-3.33333,-0.294116,0,0.12074,1
14.5858,20.2311,0.577256,0.5,2,1.77381,14.2451,21.9719,14.7253,19.5184,14.8507,19.7,14.2451,21.9719,12.428,19.73,-0.226189,1,-3.33333,-1.25352,0,0.121485,1
14.6771,20.2708,0.243923,0.5,2,1.73874,14.2278,21.9505,14.8738,19.5354,14.8738,19.5354,14.2278,21.9505,12.4708,19.6392,-0.261264,2,-3.33333,-0.34973,0,0.100291,1
14.7763,20.2785,-0.0894104,0.5,2,1.7419,14.2706,21.9454,14.9964,19.5531,14.8738,19.5354,14.2706,21.9454,12.5138,19.5488,-0.258097,1,-3.33333,0.0264872,0,0.119573,1
14.8726,20.2533,-0.422744,0.5,2,1.7795,14.2998,21.9381,15.1045,19.5712,15.1045,19.5712,14.2998,21.9381,12.5587,19.5114,-0.220499,2,3.33333,0.382502,0,0.0982941,1
14.9687,20.2275,-0.0960771,0.5,2,1.83276,13.7544,21.6002,15.4108,19.7277,15.1045,19.5712,13.7544,21.6002,13.4784,21.4131,-0.167237,1,3.33333,0.444448,0,0.119839,1
15.068,20.2345,0.237256,0.5,2,1.87869,13.8209,21.6395,15.4805,19.7698,15.1045,19.5712,13.8209,21.6395,13.5346,21.4501,-0.121308,1,3.33333,0.382114,0,0.120197,1
15.1596,20.2736,0.57059,0.5,2,1.9031,13.8937,21.6947,15.5566,19.8279,15.1045,19.5712,13.8937,21.6947,13.6051,21.5016,-0.0968964,1,3.33333,0.252739,0,0.0965881,1
15.2332,20.3405,0.903923,0.5,2,1.89343,13.947,21.73,15.6453,19.8954,15.1045,19.5712,13.947,21.73,14.1847,22.0322,-0.106566,1,-3.33333,-0.0785976,0,0.123021,1
15.3026,20.412,0.637256,0.5,2,1.86791,14.4397,22.0687,15.5946,19.8514,15.1045,19.5712,14.4397,22.0687,14.7495,22.2778,-0.132092,1,-3.33333,-0.223387,0,0.114268,1
15.3913,20.4571,0.303923,0.5,2,1.85302,14.4532,22.0552,15.7188,19.8992,15.1045,19.5712,14.4532,22.0552,14.7501,22.2764,-0.146976,1,-3.33333,-0.149271,0,0.0997149,1
15.4899,20.4707,-0.0294104,0.5,2,1.87224,14.4891,22.053,15.8255,19.9402,15.1045,19.5712,14.4891,22.053,14.1757,21.9143,-0.127758,1,-3.33333,0.158455,0,0.121284,1
15.5875,20.4514,-0.362744,0.5,2,1.92206,14.5067,22.0407,15.9125,19.9734,15.1045,19.5712,14.5067,22.0407,14.1984,21.879,-0.0779449,1,3.33333,0.417485,0,0.119318,1
15.6838,20.4258,-0.0960771,0.5,2,1.98554,14.0475,21.5506,16.1077,20.1344,15.1045,19.5712,14.0475,21.5506,13.7977,21.2856,-0.0144577,1,3.33333,0.634416,0,0.100072,1
15.7831,20.4328,0.237256,0.5,2,2.04473,14.0961,21.5882,16.1587,20.1756,15.1045,19.5712,14.0961,21.5882,13.8438,21.3128,0.0447299,1,3.33333,0.508445,0,0.116409,1
15.8746,20.472,0.57059,0.5,2,2.0843,14.1529,21.6467,16.218,20.2376,15.1045,19.5712,14.1529,21.6467,13.887,21.3697,0.0842955,1,3.33333,0.328783,0,0.120339,1
15.9483,20.5389,0.903923,0.5,2,2.09722,14.2139,21.718,16.2814,20.3124,15.1045,19.5712,14.2139,21.718,13.9391,21.4422,0.0972228,1,3.33333,0.130697,0,0.0989106,1
15.996,20.6262,1.23726,0.5,2,2.07736,14.256,21.761,16.35,20.3953,15.1045,19.5712,14.256,21.761,14.438,22.1366,0.0773563,1,3.33333,-0.164822,0,0.120533,1
16.0126,20.7244,1.57059,0.5,2,2.02462,14.3148,21.8274,16.4112,20.4654,15.1045,19.5712,14.3148,21.8274,14.4957,22.1898,0.0246181,1,-3.33333,-0.5331,0,0.0989273,1
16.0247,20.8232,1.28392,0.5,2,1.95489,14.8601,22.3934,16.3494,20.3854,15.1045,19.5712,14.8601,22.3934,15.1333,22.6866,-0.045114,1,-3.33333,-0.582536,0,0.119704,1
16.0683,20.9127,0.950589,0.5,2,1.89426,14.916,22.4162,16.4367,20.4319,15.1045,19.5712,14.916,22.4162,14.6233,22.2384,-0.105739,1,-3.33333,-0.516438,0,0.11739,1
16.1388,20.9829,0.617256,0.5,2,1.86471,14.931,22.4037,16.5502,20.4989,15.1045,19.5712,14.931,22.4037,14.6479,22.2178,-0.135292,1,-3.33333,-0.293558,0,0.100671,1
16.2284,21.0263,0.283923,0.5,2,1.87133,14.9222,22.3663,16.6672,20.5761,15.1045,19.5712,14.9222,22.3663,14.6486,22.1628,-0.128666,1,-3.33333,0.0570335,0,0.116173,1
16.3272,21.0379,-0.0494104,0.5,2,1.91306,14.9018,22.3138,16.7646,20.6465,15.1045,19.5712,14.9018,22.3138,14.6277,22.0929,-0.0869381,1,3.33333,0.34913,0,0.119519,1
16.4266,21.0445,0.23059,0.5,2,1.9683,14.5745,21.7109,16.9269,20.8645,15.1045,19.5712,14.5745,21.7109,14.3837,21.3969,-0.031695,1,3.33333,0.549962,0,0.100449,1
16.5184,21.083,0.563923,0.5,2,2.02465,14.6121,21.7652,16.9659,20.9229,15.1045,19.5712,14.6121,21.7652,14.4035,21.4441,0.0246511,1,3.33333,0.478592,0,0.117733,1
16.5925,21.1494,0.897256,0.5,2,2.06035,14.6514,21.8403,17.0067,21.002,15.1045,19.5712,14.6514,21.8403,14.7172,22.2581,0.0603483,1,3.33333,0.294818,0,0.121082,1
16.6408,21.2365,1.23059,0.5,2,2.06255,14.7088,21.9585,17.0506,21.0833,15.1045,19.5712,14.7088,21.9585,14.5132,21.6305,0.0625496,1,3.33333,0.0224079,0,0.0982387,1
16.658,21.3345,1.56392,0.5,2,2.02784,14.7831,22.1071,17.0946,21.1546,15.1045,19.5712,14.7831,22.1071,14.6069,21.7852,0.0278351,1,-3.33333,-0.293906,0,0.118114,1
16.6701,21.4333,1.28392,0.5,2,1.97291,15.1911,22.739,17.0653,21.0845,15.1045,19.5712,15.1911,22.739,14.9319,22.4959,-0.0270892,1,-3.33333,-0.551592,0,0.0995743,1
16.7138,21.5228,0.950589,0.5,2,1.93205,15.1817,22.6999,17.1641,21.1768,15.1045,19.5712,15.1817,22.6999,14.9243,22.4557,-0.0679476,1,-3.33333,-0.336126,0,0.121557,1
16.7842,21.5931,0.617256,0.5,2,1.9285,15.1786,22.6613,17.2601,21.2765,15.1045,19.5712,15.1786,22.6613,14.9299,22.4045,-0.0714974,1,-3.33333,-0.0295123,0,0.120282,1
16.8738,21.6364,0.283923,0.5,2,1.95946,15.1557,22.5784,17.3478,21.3766,15.1045,19.5712,15.1557,22.5784,15.301,22.9437,-0.0405433,1,3.33333,0.300834,0,0.102894,1
16.9661,21.674,0.55059,0.5,2,2.00719,14.9861,22.0037,17.4522,21.5931,15.1045,19.5712,14.9861,22.0037,15.0122,22.4027,0.00718856,1,3.33333,0.40126,0,0.118955,1
17.0411,21.7395,0.883923,0.5,2,2.05334,15.0279,22.1437,17.479,21.6515,15.1045,19.5712,15.0279,22.1437,14.8723,21.7908,0.0533373,1,3.33333,0.382907,0,0.120522,1
17.0905,21.8258,1.21726,0.5,2,2.06812,15.0696,22.2649,17.5126,21.7342,15.1045,19.5712,15.0696,22.2649,14.9297,21.911,0.0681162,1,3.33333,0.149568,0,0.0988105,1
17.109,21.9236,1.55059,0.5,2,2.04636,15.1164,22.3895,17.5508,21.8204,15.1045,19.5712,15.1164,22.3895,14.9886,22.0406,0.0463576,1,-3.33333,-0.183392,0,0.118645,1
17.1225,22.0223,1.27059,0.5,2,2.00907,15.3861,23.0329,17.5468,21.7753,15.1045,19.5712,15.3861,23.0329,15.1448,22.75,0.00906634,1,-3.33333,-0.374113,0,0.0996792,1
17.1673,22.1112,0.937256,0.5,2,1.9858,15.4027,23.0219,17.6242,21.8753,15.1045,19.5712,15.4027,23.0219,15.1836,22.729,-0.0141995,1,-3.33333,-0.192331,0,0.120968,1
17.2387,22.1805,0.603923,0.5,2,1.99852,15.391,22.942,17.7024,21.9894,15.1045,19.5712,15.391,22.942,15.4854,23.3365,-0.00147855,1,3.33333,0.109135,0,0.116562,1
17.3132,22.2466,0.890589,0.5,2,2.03358,15.2824,22.3521,17.779,22.2224,15.1045,19.5712,15.2824,22.3521,15.2499,22.76,0.0335782,1,3.33333,0.344692,0,0.101704,1
17.3621,22.3333,1.22392,0.5,2,2.05914,15.3104,22.5082,17.8014,22.2958,15.1045,19.5712,15.3104,22.5082,15.2148,22.1407,0.0591414,1,3.33333,0.202524,0,0.126223,1
17.3799,22.4312,1.55726,0.5,2,2.04877,15.3455,22.6729,17.828,22.378,15.1045,19.5712,15.3455,22.6729,15.2683,22.3123,0.0487659,1,3.33333,-0.0884758,0,0.117269,1
17.3648,22.5296,1.89059,0.5,2,2.00651,15.3681,22.7281,17.8558,22.4808,15.1045,19.5712,15.3681,22.7281,15.2867,22.3725,0.00651336,1,-3.33333,-0.429452,0,0.0983871,1
17.3446,22.6271,1.61059,0.5,2,1.95186,15.5072,23.2857,17.8605,22.4421,15.1045,19.5712,15.5072,23.2857,15.3125,22.9752,-0.0481358,1,-3.33333,-0.455489,0,0.119979,1
17.3572,22.7258,1.27726,0.5,2,1.9133,15.5163,23.2474,17.9216,22.5659,15.1045,19.5712,15.5163,23.2474,15.5615,23.6336,-0.0867026,1,-3.33333,-0.317317,0,0.12154,1
17.4014,22.815,0.943923,0.5,2,1.91462,15.5214,23.1776,17.9761,22.7041,15.1045,19.5712,15.5214,23.1776,15.5523,23.559,-0.0853773,1,-3.33333,0.0135662,0,0.0976878,1
17.4723,22.8848,0.61059,0.5,2,1.95173,15.5447,23.1907,18.0138,22.7989,15.1045,19.5712,15.5447,23.1907,15.5376,23.5896,-0.0482655,1,3.33333,0.312654,0,0.118699,1
17.5472,22.9504,0.883923,0.5,2,2.00433,15.5656,22.6492,18.0372,23.025,15.1045,19.5712,15.5656,22.6492,15.5663,22.2821,0.00432873,1,3.33333,0.443298,0,0.118643,1
17.5967,23.0368,1.21726,0.5,2,2.04739,15.5679,22.761,18.0451,23.0978,15.1045,19.5712,15.5679,22.761,15.577,22.3906,0.0473914,1,3.33333,0.44277,0,0.0972575,1
17.6152,23.1346,1.55059,0.5,2,2.06207,15.5776,22.8177,18.0479,23.2019,15.1045,19.5712,15.5776,22.8177,15.5694,22.4365,0.0620668,1,3.33333,0.122933,0,0.119377,1
17.6006,23.2331,1.88392,0.5,2,2.04727,15.5841,22.8797,18.0466,23.3113,15.1045,19.5712,15.5841,22.8797,15.4258,23.2733,0.0472724,1,-3.33333,-0.149114,0,0.0992149,1
17.5817,23.3308,1.59726,0.5,2,2.02261,15.5653,23.489,18.0576,23.2935,15.1045,19.5712,15.5653,23.489,15.5441,23.8953,0.0226092,1,-3.33333,-0.202408,0,0.121849,1
17.5956,23.4294,1.26392,0.5,2,2.01047,15.5859,23.4849,18.0849,23.4159,15.1045,19.5712,15.5859,23.4849,15.5247,23.8916,0.010469,1,-3.33333,-0.0984823,0,0.123274,1
17.641,23.518,0.930589,0.5,2,2.03545,15.6056,23.5067,18.1055,23.5206,15.1045,19.5712,15.6056,23.5067,15.5669,23.1404,0.0354478,1,3.33333,0.253533,0,0.0985234,1
17.6909,23.6042,1.21059,0.5,2,2.07772,15.7559,22.8473,18.0841,23.758,15.1045,19.5712,15.7559,22.8473,15.8445,22.4788,0.0777185,1,3.33333,0.356458,0,0.118585,1
17.71,23.7018,1.54392,0.5,2,2.11371,15.7566,22.8943,18.067,23.8494,15.1045,19.5712,15.7566,22.8943,15.836,22.5098,0.113715,1,3.33333,0.286414,0,0.12568,1
17.6961,23.8004,1.87726,0.5,2,2.12335,15.7353,22.9858,18.044,23.9449,15.1045,19.5712,15.7353,22.9858,15.8089,22.5954,0.123352,1,3.33333,0.0965582,0,0.0998038,1
17.6508,23.889,2.21059,0.5,2,2.10659,15.7212,23.0437,18.0111,24.0469,15.1045,19.5712,15.7212,23.0437,15.4758,23.4006,0.106594,1,3.33333,-0.137827,0,0.121584,1
17.5789,23.9579,2.54392,0.5,2,2.06082,15.7075,23.0949,17.9777,24.1418,15.1045,19.5712,15.7075,23.0949,15.4853,23.4454,0.0608242,1,-3.33333,-0.37843,0,0.120948,1
17.5021,24.0212,2.29059,0.5,2,1.9965,15.5139,23.8389,18.0035,24.0672,15.1045,19.5712,15.5139,23.8389,15.4839,23.4713,-0.00350189,1,-3.33333,-0.674213,0,0.095409,1
17.4498,24.1059,1.95726,0.5,2,1.93707,15.5277,23.8651,18.0083,24.1759,15.1045,19.5712,15.5277,23.8651,15.5264,23.5126,-0.06293,1,-3.33333,-0.487921,0,0.121799,1
17.4281,24.2031,1.62392,0.5,2,1.91315,15.557,23.8039,18.002,24.3255,15.1045,19.5712,15.557,23.8039,15.5788,23.4543,-0.0868503,1,-3.33333,-0.244254,0,0.097932,1
17.4393,24.302,1.29059,0.5,2,1.92948,15.5936,23.7396,17.9851,24.4682,15.1045,19.5712,15.5936,23.7396,15.413,24.0909,-0.0705194,1,-3.33333,0.13812,0,0.118236,1
17.4824,24.3917,0.957256,0.5,2,1.98231,15.6298,23.6863,17.9662,24.5759,15.1045,19.5712,15.6298,23.6863,15.4326,24.0359,-0.0176901,1,3.33333,0.41546,0,0.127159,1
17.5305,24.4789,1.23059,0.5,2,2.04975,15.9955,23.1205,17.8676,24.7773,15.1045,19.5712,15.9955,23.1205,15.6678,23.3814,0.0497472,1,3.33333,0.663232,0,0.10168,1
17.5476,24.5769,1.56392,0.5,2,2.11208,15.9442,23.2023,17.8422,24.8294,15.1045,19.5712,15.9442,23.2023,16.1402,22.8631,0.11208,1,3.33333,0.540058,0,0.115419,1
17.5318,24.6752,1.89726,0.5,2,2.15131,15.853,23.33,17.8039,24.8933,15.1045,19.5712,15.853,23.33,16.065,23.0053,0.151306,1,3.33333,0.321539,0,0.121995,1
17.4847,24.7629,2.23059,0.5,2,2.16534,15.8212,23.3767,17.7418,24.9771,15.1045,19.5712,15.8212,23.3767,16.0304,23.0417,0.165343,1,3.33333,0.144506,0,0.0971388,1
17.4115,24.8303,2.56392,0.5,2,2.14902,15.7872,23.4232,17.6768,25.0601,15.1045,19.5712,15.7872,23.4232,15.9818,23.071,0.149025,1,3.33333,-0.137615,0,0.118579,1
17.3202,24.8701,2.89726,0.5,2,2.10118,15.7588,23.4641,17.6166,25.137,15.1045,19.5712,15.7588,23.4641,15.4167,23.7263,0.101179,1,-3.33333,-0.406634,0,0.117664,1
17.227,24.9052,2.61726,0.5,2,2.03836,15.3643,24.0775,17.6489,25.0926,15.1045,19.5712,15.3643,24.0775,15.1491,24.4271,0.0383601,1,-3.33333,-0.626404,0,0.100285,1
17.1503,24.9686,2.28392,0.5,2,1.98744,15.347,24.1331,17.6154,25.1841,15.1045,19.5712,15.347,24.1331,15.4257,23.7673,-0.0125639,1,-3.33333,-0.427867,0,0.119018,1
17.0986,25.0536,1.95059,0.5,2,1.96732,15.3577,24.1373,17.57,25.3017,15.1045,19.5712,15.3577,24.1373,15.48,23.7999,-0.032675,1,-3.33333,-0.204858,0,0.098171,1
17.0776,25.1509,1.61726,0.5,2,1.98578,15.4058,24.0792,17.5105,25.4284,15.1045,19.5712,15.4058,24.0792,15.5438,23.7375,-0.0142215,1,3.33333,0.15561,0,0.118588,1
17.0621,25.2493,1.89059,0.5,2,2.02501,15.8244,23.6466,17.3524,25.6252,15.1045,19.5712,15.8244,23.6466,16.0718,23.3612,0.0250068,1,3.33333,0.318355,0,0.123222,1
17.0156,25.3373,2.22392,0.5,2,2.06522,15.7848,23.6788,17.2747,25.6864,15.1045,19.5712,15.7848,23.6788,15.4132,23.873,0.0652232,1,3.33333,0.400426,0,0.100434,1
16.9428,25.4052,2.55726,0.5,2,2.07662,15.7082,23.7355,17.1945,25.7456,15.1045,19.5712,15.7082,23.7355,15.329,23.9254,0.076622,1,3.33333,0.0987786,0,0.115397,1
16.8518,25.4456,2.89059,0.5,2,2.05152,15.578,23.8374,17.1303,25.7971,15.1045,19.5712,15.578,23.8374,15.8457,23.5834,0.0515211,1,-3.33333,-0.216209,0,0.116096,1
16.7589,25.4812,2.61059,0.5,2,2.00958,15.1042,24.3408,17.1627,25.7596,15.1045,19.5712,15.1042,24.3408,15.2666,24.011,0.00958109,1,-3.33333,-0.420947,0,0.0996323,1
16.6826,25.5452,2.27726,0.5,2,1.98182,15.1311,24.3121,17.0883,25.8676,15.1045,19.5712,15.1311,24.3121,14.8473,24.5908,-0.0181834,1,-3.33333,-0.226046,0,0.122826,1
16.6314,25.6306,1.94392,0.5,2,1.99312,15.1828,24.2617,16.9998,25.9787,15.1045,19.5712,15.1828,24.2617,14.8876,24.5249,-0.00687504,1,3.33333,0.0983511,0,0.114979,1
16.5847,25.7185,2.22392,0.5,2,2.02938,15.6767,23.9036,16.7953,26.1394,16.7953,26.1394,15.6767,23.9036,15.3148,24.0682,0.0293772,2,3.33333,0.366815,0,0.0988297,1
16.5119,25.7864,2.55726,0.5,2,2.05742,15.5308,23.978,16.723,26.1754,16.7953,26.1394,15.5308,23.978,15.1602,24.1454,0.0574229,1,3.33333,0.234563,0,0.119566,1
16.421,25.8268,2.89059,0.5,2,2.04926,15.4469,24.0239,16.6352,26.2234,16.7953,26.1394,15.4469,24.0239,15.0825,24.1962,0.0492563,1,3.33333,-0.0832204,0,0.0981316,1
16.3218,25.8352,-3.05926,0.5,2,2.0117,15.3996,24.0473,16.5456,26.2692,16.5456,26.2692,15.3996,24.0473,15.0485,24.222,0.011703,2,-3.33333,-0.311619,0,0.12051,1
16.2222,25.8379,2.95059,0.5,2,1.96194,14.8607,24.4252,16.5956,26.2253,16.5456,26.2692,14.8607,24.4252,14.5849,24.689,-0.0380625,1,-3.33333,-0.413273,0,0.120418,1
16.129,25.8727,2.61726,0.5,2,1.92306,14.8412,24.4446,16.5154,26.3012,16.5154,26.3012,14.8412,24.4446,14.5633,24.6947,-0.0769393,2,-3.33333,-0.39593,0,0.0981912,1
16.0523,25.9362,2.28392,0.5,2,1.92066,14.8141,24.4679,16.4258,26.379,16.5154,26.3012,14.8141,24.4679,14.5295,24.7092,-0.0793439,1,-3.33333,-0.0195197,0,0.123187,1
16.0006,26.0212,1.95059,0.5,2,1.95269,14.7919,24.4875,16.3393,26.4511,16.3393,26.4511,14.7919,24.4875,15.061,24.2718,-0.0473109,2,3.33333,0.275917,0,0.116097,1
15.9538,26.1091,2.22392,0.5,2,2.00155,15.2176,24.2478,16.1371,26.5726,16.3393,26.4511,15.2176,24.2478,15.546,24.1189,0.00155091,1,3.33333,0.500204,0,0.0976839,1
15.881,26.177,2.55726,0.5,2,2.04036,15.0681,24.3056,16.0641,26.5986,16.0641,26.5986,15.0681,24.3056,15.3987,24.1648,0.0403605,2,3.33333,0.323373,0,0.120015,1
15.79,26.2174,2.89059,0.5,2,2.04258,14.9468,24.357,15.9789,26.634,16.0641,26.5986,14.9468,24.357,15.2748,24.2082,0.0425808,1,3.33333,0.0183745,0,0.120841,1
15.6908,26.2258,-3.05926,0.5,2,2.01049,14.8006,24.4231,15.9076,26.6647,15.9076,26.6647,14.8006,24.4231,15.1178,24.2639,0.0104938,2,-3.33333,-0.317534,0,0.101051,1
15.5913,26.2273,2.96392,0.5,2,1.96105,14.2493,24.7973,15.9601,26.6203,15.9076,26.6647,14.2493,24.7973,13.9744,25.0603,-0.0389531,1,-3.33333,-0.427853,0,0.11557,1
15.4976,26.2609,2.63059,0.5,2,1.92078,14.2054,24.8397,15.8872,26.6894,15.8872,26.6894,14.2054,24.8397,14.4559,24.6118,-0.0792184,2,-3.33333,-0.329876,0,0.122062,1
15.42,26.3233,2.29726,0.5,2,1.91698,14.1782,24.8629,15.7977,26.7674,15.8872,26.6894,14.1782,24.8629,14.436,24.6446,-0.0830245,1,-3.33333,-0.0383291,0,0.0993009,1
15.3672,26.4076,1.96392,0.5,2,1.94761,14.1554,24.8829,15.7109,26.8401,15.7109,26.8401,14.1554,24.8829,14.4235,24.6678,-0.0523853,2,3.33333,0.24486,0,0.125129,1
15.3208,26.4958,2.21726,0.5,2,1.99627,14.6067,24.6316,15.501,26.9662,15.7109,26.8401,14.6067,24.6316,14.9348,24.503,-0.00373304,1,3.33333,0.51225,0,0.0949777,1
15.2485,26.5642,2.55059,0.5,2,2.0356,14.4576,24.6885,15.4289,26.9921,15.4289,26.9921,14.4576,24.6885,14.7885,24.5497,0.0356028,2,3.33333,0.335105,0,0.117384,1
15.1578,26.6051,2.88392,0.5,2,2.03866,14.3038,24.754,15.351,27.0241,15.4289,26.9921,14.3038,24.754,14.6309,24.606,0.0386555,1,3.33333,0.0221325,0,0.137929,1
15.0586,26.6142,-3.06593,0.5,2,2.00731,14.1578,24.8204,15.2797,27.0545,15.2797,27.0545,14.1578,24.8204,14.4743,24.6621,0.00731182,2,-3.33333,-0.29945,0,0.104671,1
14.959,26.6118,3.01059,0.5,2,1.95637,13.6122,25.1929,15.3332,27.0061,15.2797,27.0545,13.6122,25.1929,13.8622,24.9552,-0.0436311,1,-3.33333,-0.463924,0,0.109809,1
14.8638,26.641,2.67726,0.5,2,1.91216,13.5694,25.2336,15.2618,27.0737,15.2618,27.0737,13.5694,25.2336,13.817,25.0045,-0.0878412,2,-3.33333,-0.384914,0,0.114857,1
14.7835,26.6998,2.34392,0.5,2,1.90422,13.5928,25.2137,15.156,27.1647,15.2618,27.0737,13.5928,25.2137,13.8492,24.9936,-0.0957778,1,-3.33333,-0.0800187,0,0.0991843,1
14.7267,26.7815,2.01059,0.5,2,1.93649,13.6215,25.1914,15.0483,27.2443,15.0483,27.2443,13.6215,25.1914,13.8921,24.9753,-0.063514,2,3.33333,0.263505,0,0.122441,1
14.6777,26.8683,2.24392,0.5,2,1.99165,14.1478,24.9485,14.813,27.3583,15.0483,27.2443,14.1478,24.9485,14.4835,24.8263,-0.0083499,1,3.33333,0.494444,0,0.111568,1
