-1.49329e-19,2.4954e-37,-4.24386e-19,0.5,2,5.02023,-1.96155,4.62115,-0.984725,2.31988,0,0,-1.96155,4.62115,-1.19631,5.62826,0,0,0,0,0,0,1
0.004656,-4.49649e-17,-1.46023e-14,0.5,2,5.05879,-1.97196,4.65665,-0.995137,2.35538,0,0,-1.97196,4.65665,-1.19857,5.66083,3.05879,0,3.33333,30.568,0,0.100065,1
0.0190249,0.00250354,0.32,0.5,2,5.09943,-2.40126,4.49098,-1.21471,2.2905,0,0,-2.40126,4.49098,-1.71576,5.56045,3.09943,0,3.33333,0.405866,0,0.100137,1
0.0405827,0.0142234,0.653333,0.5,2,5.13862,-2.32684,4.57501,-1.17506,2.35613,0,0,-2.32684,4.57501,-1.58244,5.51703,3.13862,0,3.33333,0.392349,0,0.0998851,1
0.0639098,0.0396295,0.986667,0.5,2,5.16816,-2.24467,4.66352,-1.12794,2.4268,0,0,-2.24467,4.66352,-1.46497,5.54077,3.16816,0,3.33333,0.285893,0,0.103324,1
0.081676,0.0803685,1.32,0.5,2,5.18387,-2.07876,4.79259,-1.03686,2.52005,0,0,-2.07876,4.79259,-1.27563,5.67788,3.18387,0,3.33333,0.162377,0,0.0967466,1
0.085971,0.134597,1.65333,0.5,2,5.18243,-1.99948,4.8789,-0.993461,2.59025,0,0,-1.99948,4.8789,-1.16238,5.66099,3.18243,0,3.33333,-0.0144959,0,0.0998355,1
0.0698315,0.196892,1.98667,0.5,2,5.16367,-1.68163,5.05445,-0.833655,2.70265,0,0,-1.68163,5.05445,-0.81819,5.91504,3.16367,0,-3.33333,-0.164582,0,0.113964,1
0.0485346,0.268097,1.7,0.5,2,5.14291,-0.256711,5.40194,-0.108329,2.90635,0,0,-0.256711,5.40194,0.794192,5.85852,3.14291,0,3.33333,-0.203158,0,0.102184,1
0.0283601,0.349937,1.97333,0.5,2,5.10852,-1.64016,5.17829,-0.823623,2.8154,0,0,-1.64016,5.17829,-0.762164,5.92992,3.10852,0,-3.33333,-0.318604,0,0.107944,1
0.00306298,0.440707,1.68,0.5,2,5.07429,-0.373581,5.501,-0.188016,3.00789,0,0,-0.373581,5.501,0.653411,5.94102,3.07429,0,3.33333,-0.342888,0,0.0998319,1
-0.0203168,0.537471,1.97333,0.5,2,5.02625,-1.74463,5.25869,-0.886976,2.91041,0,0,-1.74463,5.25869,-0.879981,5.92651,3.02625,0,-3.33333,-0.434057,0,0.110669,1
-0.0467141,0.633458,1.67333,0.5,2,4.9751,-0.296232,5.6023,-0.170848,3.10544,0,0,-0.296232,5.6023,0.715756,5.974,2.9751,0,3.33333,-0.511556,0,0.099987,1
-0.070058,0.730233,1.97333,0.5,2,4.92322,-1.83948,5.3245,-0.940971,2.99154,0,0,-1.83948,5.3245,-0.993771,5.93513,2.92322,0,-3.33333,-0.461829,0,0.11233,1
-0.097061,0.826056,1.68,0.5,2,4.8718,-0.458675,5.68442,-0.27311,3.19132,0,0,-0.458675,5.68442,0.514137,5.99526,2.8718,0,3.33333,-0.448305,0,0.114698,1
-0.119839,0.922976,1.96667,0.5,2,4.81819,-1.8215,5.43068,-0.938563,3.09178,0,0,-1.8215,5.43068,-0.992965,6.0409,2.81819,0,3.33333,-0.534716,0,0.100259,1
-0.172926,1.00718,2.3,0.5,2,4.76032,-1.70545,5.51406,-0.900607,3.14716,0,0,-1.70545,5.51406,-0.86378,6.06358,2.76032,0,-3.33333,-0.52461,0,0.110322,1
-0.229249,1.08927,2.00667,0.5,2,4.71195,-0.391505,5.79842,-0.305418,3.29991,0,0,-0.391505,5.79842,0.55659,6.03598,2.71195,0,-3.33333,-0.431928,0,0.11198,1
-0.255723,1.18522,1.67333,0.5,2,4.65776,-0.489325,5.83712,-0.363942,3.34027,0,0,-0.489325,5.83712,0.445202,6.09468,2.65776,0,3.33333,-0.527812,0,0.102663,1
-0.277256,1.28243,1.95333,0.5,2,4.60588,-1.99651,5.55541,-1.06332,3.2361,0,0,-1.99651,5.55541,-1.19535,6.04215,2.60588,0,3.33333,-0.45381,0,0.114327,1
-0.329216,1.36733,2.28667,0.5,2,4.5506,-1.88682,5.64305,-1.03111,3.29406,0,0,-1.88682,5.64305,-1.08003,6.09911,2.5506,0,-3.33333,-0.485069,0,0.113971,1
-0.38547,1.44948,2.00667,0.5,2,4.50339,-0.619069,5.94681,-0.489389,3.45017,0,0,-0.619069,5.94681,0.271046,6.10513,2.50339,0,-3.33333,-0.463598,0,0.101832,1
-0.411943,1.54544,1.67333,0.5,2,4.45165,-0.790237,5.98098,-0.577791,3.49002,0,0,-0.790237,5.98098,0.0826743,6.15448,2.45165,0,3.33333,-0.474373,0,0.109071,1
-0.434074,1.64251,1.96,0.5,2,4.40249,-2.17543,5.68597,-1.18658,3.38985,0,0,-2.17543,5.68597,-1.40436,6.0928,2.40249,0,3.33333,-0.490116,0,0.100301,1
-0.486599,1.72706,2.29333,0.5,2,4.34768,-2.00195,5.8021,-1.13059,3.45887,0,0,-2.00195,5.8021,-1.22383,6.18117,2.34768,0,-3.33333,-0.501885,0,0.109215,1
-0.54185,1.80987,1.99333,0.5,2,4.29748,-0.782448,6.1006,-0.642483,3.60453,0,0,-0.782448,6.1006,0.0605317,6.21275,2.29748,0,-3.33333,-0.443926,0,0.113081,1
-0.567042,1.90617,1.66,0.5,2,4.24394,-0.871273,6.13919,-0.692058,3.64562,0,0,-0.871273,6.13919,-0.0405254,6.26397,2.24394,0,3.33333,-0.473433,0,0.113073,1
-0.582144,2.00466,1.88,0.5,2,4.19192,-2.26814,5.84258,-1.26264,3.5537,0,0,-2.26814,5.84258,-1.53041,6.207,2.19192,0,3.33333,-0.482973,0,0.107721,1
-0.627744,2.09314,2.21333,0.5,2,4.13722,-2.23195,5.90669,-1.26257,3.60227,0,0,-2.23195,5.90669,-1.49344,6.23176,2.13722,0,-3.33333,-0.489046,0,0.111844,1
-0.67675,2.1798,1.92,0.5,2,4.08218,-1.03308,6.2464,-0.814859,3.75594,0,0,-1.03308,6.2464,-0.242612,6.31572,2.08218,0,3.33333,-0.550944,0,0.0998932,1
-0.722463,2.26824,2.21333,0.5,2,4.02923,-2.08827,6.05892,-1.24084,3.70693,0,0,-2.08827,6.05892,-1.35187,6.32716,2.02923,0,-3.33333,-0.474698,0,0.111556,1
-0.77147,2.3549,1.92,0.5,2,3.97491,-0.910728,6.32737,-0.823142,3.82891,0,0,-0.910728,6.32737,-0.139092,6.35106,1.97491,0,3.33333,-0.490133,0,0.110816,1
-0.817737,2.44304,2.22,0.5,2,3.91994,-1.97666,6.18775,-1.23754,3.79951,0,0,-1.97666,6.18775,-1.24845,6.4101,1.91994,0,-3.33333,-0.552776,0,0.0994444,1
-0.866217,2.52998,1.91333,0.5,2,3.86399,-0.773549,6.39286,-0.833505,3.89358,0,0,-0.773549,6.39286,-1.45862,6.43518,1.86399,0,3.33333,-0.491509,0,0.113843,1
-0.910788,2.61901,2.2,0.5,2,3.80688,-1.89932,6.2953,-1.25015,3.88106,0,0,-1.89932,6.2953,-1.18478,6.48817,1.80688,0,-3.33333,-0.500473,0,0.11412,1
-0.960252,2.70543,1.92667,0.5,2,3.74845,-0.724213,6.44644,-0.881638,3.9514,0,0,-0.724213,6.44644,-1.38334,6.48343,1.74845,0,3.33333,-0.589629,0,0.0990941,1
-1.00546,2.79414,2.20667,0.5,2,3.68907,-1.79968,6.3967,-1.26146,3.95533,0,0,-1.79968,6.3967,-2.43486,6.25655,1.68907,0,-3.33333,-0.54479,0,0.108997,1
-1.05334,2.88143,1.90667,0.5,2,3.62892,-0.689373,6.49205,-0.940113,4.00465,0,0,-0.689373,6.49205,-1.32575,6.5525,1.62892,0,3.33333,-0.601537,0,0.0999858,1
-1.09843,2.97018,2.20667,0.5,2,3.56744,-1.74441,6.47865,-1.29172,4.01997,0,0,-1.74441,6.47865,-2.36483,6.36953,1.56744,0,-3.33333,-0.551676,0,0.111442,1
-1.14685,3.05716,1.91333,0.5,2,3.50561,-0.636303,6.5254,-1.0004,4.05205,0,0,-0.636303,6.5254,-1.24759,6.60635,1.50561,0,3.33333,-0.55007,0,0.112404,1
-1.19198,3.1459,2.20667,0.5,2,3.44257,-1.6373,6.55955,-1.31391,4.08055,0,0,-1.6373,6.55955,-2.23802,6.47719,1.44257,0,-3.33333,-0.630909,0,0.0999243,1
-1.2404,3.23289,1.91333,0.5,2,3.37937,-0.631858,6.55701,-1.08205,4.09788,0,0,-0.631858,6.55701,-1.21799,6.66386,1.37937,0,3.33333,-0.540208,0,0.116991,1
-1.28335,3.32274,2.18,0.5,2,3.31572,-1.62444,6.62086,-1.36726,4.13413,0,0,-1.62444,6.62086,-2.20603,6.56085,1.31572,0,-3.33333,-0.60014,0,0.106058,1
-1.32888,3.41126,1.88,0.5,2,3.25128,-0.692687,6.5997,-1.18187,4.14802,0,0,-0.692687,6.5997,-1.25482,6.71522,1.25128,0,3.33333,-0.644095,0,0.10004,1
-1.37158,3.50119,2.18,0.5,2,3.18527,-1.64392,6.6748,-1.43017,4.18395,0,0,-1.64392,6.6748,-2.20494,6.63217,1.18527,0,-3.33333,-0.574183,0,0.114965,1
-1.41823,3.58915,1.89333,0.5,2,3.11848,-0.689166,6.62121,-1.27363,4.19049,0,0,-0.689166,6.62121,-1.22384,6.7491,1.11848,0,3.33333,-0.589257,0,0.113351,1
-1.45991,3.67958,2.16667,0.5,2,3.0514,-1.57389,6.72885,-1.4805,4.23059,0,0,-1.57389,6.72885,-2.11041,6.7034,1.0514,0,-3.33333,-0.67425,0,0.0994908,1
-1.50592,3.76788,1.88667,0.5,2,2.98345,-0.688472,6.63715,-1.37346,4.23283,0,0,-0.688472,6.63715,-1.19455,6.77987,0.983453,0,3.33333,-0.622342,0,0.109176,1
-1.54866,3.85779,2.18,0.5,2,2.91507,-1.59469,6.77249,-1.55522,4.27281,0,0,-1.59469,6.77249,-2.1097,6.76995,0.915068,0,-3.33333,-0.685229,0,0.0997989,1
-1.59475,3.94603,1.88667,0.5,2,2.84657,-0.719743,6.65478,-1.48822,4.27582,0,0,-0.719743,6.65478,-1.19773,6.80644,0.846566,0,3.33333,-0.607845,0,0.112695,1
-1.63694,4.03622,2.17333,0.5,2,2.77801,-1.56531,6.8133,-1.62977,4.31414,0,0,-1.56531,6.8133,-2.05473,6.82421,0.778012,0,-3.33333,-0.623339,0,0.10998,1
-1.68244,4.12476,1.88,0.5,2,2.70903,-0.787775,6.6818,-1.61341,4.32206,0,0,-0.787775,6.6818,-1.23813,6.84272,0.709028,0,3.33333,-0.687376,0,0.100358,1
-1.72402,4.21523,2.16667,0.5,2,2.63991,-1.59233,6.85185,-1.71704,4.35496,0,0,-1.59233,6.85185,-2.05749,6.87712,0.639909,0,-3.33333,-0.622957,0,0.110953,1
-1.76893,4.30408,1.87333,0.5,2,2.57025,-0.861832,6.70894,-1.74413,4.36981,0,0,-0.861832,6.70894,-1.28563,6.8702,0.570251,0,3.33333,-0.613621,0,0.113519,1
-1.8099,4.39482,2.16,0.5,2,2.50054,-1.62497,6.88851,-1.80986,4.39536,0,0,-1.62497,6.88851,-2.0645,6.91937,0.500541,0,-3.33333,-0.704759,0,0.098913,1
-1.85422,4.48396,1.86667,0.5,2,2.43052,-0.941842,6.73674,-1.8803,4.41956,0,0,-0.941842,6.73674,-1.33857,6.89994,0.430519,1,-3.33333,-0.618891,0,0.113142,1
-1.86704,4.58267,1.53333,0.5,2,2.3513,-0.980656,6.7605,-1.9231,4.44494,-1.9231,4.44494,-0.980656,6.7605,-1.36489,6.91575,0.351297,2,-3.33333,-0.786237,0,0.10076,1
-1.84687,4.68014,1.2,0.5,2,2.2589,-1.02833,6.78553,-1.93423,4.45543,-1.9231,4.44494,-1.02833,6.78553,-1.39978,6.92878,0.252751,2,-3.33333,-0.866896,0,0.113678,1
-1.79591,4.76565,0.866667,0.5,2,2.1583,-1.04557,6.78932,-1.9147,4.44526,-1.9231,4.44494,-1.04557,6.78932,-1.40177,6.92507,0.154991,2,-3.33333,-0.897904,0,0.108876,1
-1.71978,4.82977,0.533333,0.5,2,2.06539,-0.998407,6.76509,-1.87157,4.42253,-1.9231,4.44494,-0.998407,6.76509,-1.3394,6.89367,0.0653894,1,-3.33333,-0.89535,0,0.100074,1
-1.62686,4.86546,0.2,0.5,2,1.99845,-1.05789,6.7812,-1.76965,4.38466,-1.9231,4.44494,-1.05789,6.7812,-1.39279,6.90687,-0.0015502,1,-3.33333,-0.5909,0,0.113284,1
-1.52737,4.86877,-0.133333,0.5,2,1.96688,-1.03027,6.7718,-1.66211,4.35296,-1.66211,4.35296,-1.03027,6.7718,-1.36401,6.88184,-0.0331186,2,-3.33333,-0.27891,0,0.113185,1
-1.43228,4.83936,-0.466667,0.5,2,1.96562,-1.06604,6.77056,-1.53185,4.31434,-1.66211,4.35296,-1.06604,6.77056,-1.40608,6.8728,-0.0343759,1,-3.33333,-0.0117785,0,0.106746,1
-1.35205,4.78045,-0.8,0.5,2,2.00414,-1.14824,6.7742,-1.40247,4.28716,-1.66211,4.35296,-1.14824,6.7742,-1.50416,6.87023,0.00413895,1,3.33333,0.37065,0,0.103912,1
-1.27415,4.71846,-0.506667,0.5,2,2.06356,-1.77232,6.72099,-1.16879,4.29493,-1.66211,4.35296,-1.77232,6.72099,-1.38631,6.88034,0.0635648,1,3.33333,0.524445,0,0.113312,1
-1.18031,4.68526,-0.173333,0.5,2,2.11542,-1.62261,6.75393,-1.0999,4.30919,-1.66211,4.35296,-1.62261,6.75393,-2.01023,6.73234,0.115425,1,3.33333,0.522282,0,0.0992948,1
-1.08077,4.6846,0.16,0.5,2,2.13775,-1.56774,6.76615,-0.998254,4.33188,-1.66211,4.35296,-1.56774,6.76615,-1.9652,6.7514,0.137753,1,3.33333,0.197902,0,0.112828,1
-0.986498,4.71654,0.493333,0.5,2,2.12933,-1.51121,6.78021,-0.895157,4.3573,-1.66211,4.35296,-1.51121,6.78021,-1.11365,6.94495,0.129329,1,3.33333,-0.0720138,0,0.116988,1
-0.907864,4.77757,0.826667,0.5,2,2.0899,-1.35537,6.81899,-0.82005,4.37698,-1.66211,4.35296,-1.35537,6.81899,-1.74026,6.80069,0.0898998,1,-3.33333,-0.400869,0,0.0983586,1
-0.832827,4.84303,0.553333,0.5,2,2.03283,-0.715933,6.87249,-0.85969,4.37663,-1.66211,4.35296,-0.715933,6.87249,-1.08078,6.95267,0.0328286,1,-3.33333,-0.532294,0,0.107217,1
-0.740638,4.88056,0.22,0.5,2,1.99381,-0.796479,6.87359,-0.726461,4.37457,-1.66211,4.35296,-0.796479,6.87359,-1.16372,6.94074,-0.00618672,1,-3.33333,-0.390912,0,0.0998057,1
-0.641242,4.88587,-0.113333,0.5,2,1.9977,-0.798199,6.87739,-0.601776,4.38512,-1.66211,4.35296,-0.798199,6.87739,-1.16367,6.90502,-0.00229919,1,3.33333,0.0348184,0,0.111652,1
-0.541713,4.88794,0.186667,0.5,2,2.01927,-1.41723,6.70754,-0.333279,4.45475,-1.66211,4.35296,-1.41723,6.70754,-1.76812,6.59498,0.0192745,1,3.33333,0.190313,0,0.113359,1
-0.448324,4.92238,0.52,0.5,2,2.033,-1.39629,6.72084,-0.230568,4.50926,-1.66211,4.35296,-1.39629,6.72084,-1.06369,6.96138,0.0330009,1,3.33333,0.135235,0,0.101501,1
-0.371346,4.98549,0.853333,0.5,2,2.02124,-1.3169,6.77192,-0.147377,4.56234,-1.66211,4.35296,-1.3169,6.77192,-0.993414,7.03395,0.02124,1,-3.33333,-0.104208,0,0.11286,1
-0.298081,5.05292,0.58,0.5,2,1.9903,-0.685736,7.00511,-0.198806,4.55299,-1.66211,4.35296,-0.685736,7.00511,-1.05177,6.9929,-0.00969625,1,-3.33333,-0.28278,0,0.109401,1
-0.206925,5.0929,0.246667,0.5,2,1.97767,-0.756449,6.99269,-0.0617869,4.59114,-1.66211,4.35296,-0.756449,6.99269,-0.393856,7.17396,-0.0223345,1,-3.33333,-0.127108,0,0.0994289,1
-0.107706,5.10086,-0.0866667,0.5,2,2.00753,-0.828258,6.97461,0.0690555,4.6412,-1.66211,4.35296,-0.828258,6.97461,-0.471358,7.15605,0.00752616,1,3.33333,0.266062,0,0.112232,1
-0.00823506,5.10496,0.206667,0.5,2,2.05731,-1.2985,6.70738,0.269401,4.76015,-1.66211,4.35296,-1.2985,6.70738,-1.60848,6.50384,0.0573127,1,3.33333,0.49953,0,0.0996668,1
0.0844461,5.14126,0.54,0.5,2,2.09757,-1.29001,6.72577,0.348142,4.83727,-1.66211,4.35296,-1.29001,6.72577,-1.632,6.53421,0.0975728,1,3.33333,0.360677,0,0.111624,1
0.160148,5.20589,0.873333,0.5,2,2.11223,-1.28142,6.74971,0.424797,4.92247,-1.66211,4.35296,-1.28142,6.74971,-1.00539,7.06837,0.112226,1,3.33333,0.128262,0,0.114246,1
0.210536,5.29173,1.20667,0.5,2,2.09985,-1.14306,6.89709,0.468476,4.98582,-1.66211,4.35296,-1.14306,6.89709,-1.45429,6.68193,0.0998528,1,3.33333,-0.124009,0,0.099779,1
0.230063,5.38933,1.54,0.5,2,2.05535,-1.12473,6.93498,0.523155,5.05495,-1.66211,4.35296,-1.12473,6.93498,-1.44533,6.73468,0.0553505,1,-3.33333,-0.393833,0,0.112998,1
0.245792,5.48764,1.24667,0.5,2,2.00453,-0.583199,7.31272,0.450698,5.03653,-1.66211,4.35296,-0.583199,7.31272,-0.949385,7.23129,0.00452971,1,-3.33333,-0.436597,0,0.116402,1
0.292707,5.57543,0.913333,0.5,2,1.96192,-0.608038,7.31835,0.539749,5.09741,-1.66211,4.35296,-0.608038,7.31835,-0.955811,7.21256,-0.0380828,1,-3.33333,-0.427632,0,0.0996478,1
0.365763,5.64303,0.58,0.5,2,1.94767,-0.614874,7.32582,0.64386,5.16582,-1.66211,4.35296,-0.614874,7.32582,-0.940706,7.18731,-0.0523334,1,-3.33333,-0.122923,0,0.115931,1
0.456919,5.68301,0.246667,0.5,2,1.97744,-0.709095,7.2801,0.765052,5.26096,-1.66211,4.35296,-0.709095,7.2801,-0.423255,7.55919,-0.0225627,1,3.33333,0.261569,0,0.113816,1
0.549804,5.71886,0.533333,0.5,2,2.03954,-1.20856,6.75224,0.946785,5.48556,-1.66211,4.35296,-1.20856,6.75224,-1.06248,7.1424,0.0395393,1,3.33333,0.626685,0,0.0990961,1
0.625934,5.78298,0.866667,0.5,2,2.0932,-1.18052,6.84044,0.977008,5.57747,-1.66211,4.35296,-1.18052,6.84044,-1.42744,6.54434,0.0931981,1,3.33333,0.480307,0,0.111718,1
0.676893,5.86849,1.2,0.5,2,2.11905,-1.17206,6.90375,1.00928,5.68238,-1.66211,4.35296,-1.17206,6.90375,-1.44407,6.60896,0.119055,1,3.33333,0.22694,0,0.113936,1
0.697071,5.96596,1.53333,0.5,2,2.11968,-1.17194,6.96587,1.03241,5.78655,-1.66211,4.35296,-1.17194,6.96587,-1.04009,7.38006,0.119681,1,3.33333,0.00644499,0,0.0971802,1
0.684246,6.06466,1.86667,0.5,2,2.09027,-1.1251,7.11132,1.03891,5.8595,-1.66211,4.35296,-1.1251,7.11132,-1.36074,6.81092,0.0902712,1,-3.33333,-0.259467,0,0.113347,1
0.666986,6.16272,1.58,0.5,2,2.04005,-0.631395,7.73626,0.959716,5.80795,-1.66211,4.35296,-0.631395,7.73626,-0.953761,7.54564,0.0400541,1,-3.33333,-0.502464,0,0.0999418,1
0.682595,6.26102,1.24667,0.5,2,2.00325,-0.668942,7.73966,1.01773,5.89437,-1.66211,4.35296,-0.668942,7.73966,-0.415574,8.0581,0.00325418,1,-3.33333,-0.326877,0,0.11258,1
0.72951,6.34881,0.913333,0.5,2,1.99582,-0.714123,7.72693,1.0942,6.00067,-1.66211,4.35296,-0.714123,7.72693,-0.480642,8.05607,-0.0041815,1,-3.33333,-0.065539,0,0.113454,1
0.802566,6.41642,0.58,0.5,2,2.02443,-0.707337,7.76494,1.15727,6.09963,1.15727,6.09963,-0.707337,7.76494,1.83527,8.55567,0.0244291,2,3.33333,0.287166,0,0.0996309,1
0.87901,6.48021,0.86,0.5,2,2.07675,-1.06334,7.21517,1.27487,6.33043,1.15727,6.09963,-1.06334,7.21517,1.14981,8.77647,0.0285429,2,3.33333,0.0371366,0,0.110775,1
0.930538,6.56538,1.19333,0.5,2,2.12781,-1.07365,7.28011,1.2811,6.44036,1.15727,6.09963,-1.07365,7.28011,1.26861,8.79362,-0.0180026,2,-3.33333,-0.390419,0,0.119219,1
0.977654,6.65309,0.913333,0.5,2,2.16455,-0.758507,7.94577,1.24671,6.45276,1.15727,6.09963,-0.758507,7.94577,1.92293,8.61987,-0.0818776,2,-3.33333,-0.636369,0,0.100374,1
1.05071,6.7207,0.58,0.5,2,2.09719,1.76003,8.69429,0.914471,6.34163,1.15727,6.09963,1.76003,8.69429,-0.875796,7.82262,-0.130143,2,-3.33333,-0.427701,0,0.112848,1
1.14187,6.76068,0.246667,0.5,2,2.04943,1.7022,8.73202,1.01868,6.32727,1.15727,6.09963,1.7022,8.73202,-0.93432,7.76735,-0.161228,2,-3.33333,-0.275551,0,0.112812,1
1.24108,6.76863,-0.0866667,0.5,2,2.03966,1.66396,8.76397,1.14564,6.31829,1.15727,6.09963,1.66396,8.76397,-0.936476,7.78246,-0.174234,2,-3.33333,-0.134302,0,0.0968373,1
1.33745,6.74369,-0.42,0.5,2,2.06566,1.66288,8.78355,1.26902,6.31477,1.15727,6.09963,1.66288,8.78355,1.302,8.91398,0.0656559,1,3.33333,2.10223,0,0.114112,1
1.43243,6.71383,-0.14,0.5,2,2.11054,1.10305,8.79851,1.49321,6.32914,1.15727,6.09963,1.10305,8.79851,0.717521,8.79262,0.110537,1,3.33333,0.448901,0,0.09998,1
1.53193,6.71648,0.193333,0.5,2,2.14667,1.19327,8.83627,1.58768,6.36757,1.15727,6.09963,1.19327,8.83627,0.802927,8.82446,0.146665,1,3.33333,0.318064,0,0.113588,1
1.62509,6.75155,0.526667,0.5,2,2.15008,1.28224,8.87412,1.68089,6.40611,1.15727,6.09963,1.28224,8.87412,0.88695,8.87411,0.150083,1,3.33333,0.0313075,0,0.109174,1
1.70165,6.81516,0.86,0.5,2,2.12359,1.32288,8.9047,1.76878,6.44479,1.15727,6.09963,1.32288,8.9047,0.922084,8.92551,0.12359,1,-3.33333,-0.265845,0,0.0996561,1
1.77569,6.88171,0.566667,0.5,2,2.08411,1.97662,8.95611,1.73559,6.46776,1.15727,6.09963,1.97662,8.95611,1.60432,9.07511,0.0841079,1,-3.33333,-0.347032,0,0.113771,1
1.86737,6.92047,0.233333,0.5,2,2.06005,1.92601,8.97968,1.85485,6.4807,1.15727,6.09963,1.92601,8.97968,2.34123,9.035,0.060045,1,-3.33333,-0.213844,0,0.112525,1
1.96669,6.9271,-0.1,0.5,2,2.07411,1.92071,9.0007,1.97613,6.50131,1.15727,6.09963,1.92071,9.0007,2.33703,9.08694,0.0741055,1,3.33333,0.143817,0,0.0977668,1
2.06618,6.9305,0.2,0.5,2,2.10712,1.32966,8.90471,2.20351,6.56241,1.15727,6.09963,1.32966,8.90471,0.960472,8.8107,0.107119,1,3.33333,0.292975,0,0.112684,1
2.1591,6.96619,0.533333,0.5,2,2.1294,1.37668,8.94663,2.29527,6.62151,1.15727,6.09963,1.37668,8.94663,0.993877,8.86338,0.129399,1,3.33333,0.188455,0,0.118223,1
2.23523,7.03031,0.866667,0.5,2,2.11936,1.45311,9.00007,2.3757,6.67654,1.15727,6.09963,1.45311,9.00007,1.05837,8.93907,0.119355,1,3.33333,-0.101587,0,0.0988668,1
2.28619,7.11582,1.2,0.5,2,2.08387,1.51383,9.05127,2.44042,6.72933,1.15727,6.09963,1.51383,9.05127,1.13099,8.98225,0.0838742,1,-3.33333,-0.316109,0,0.112243,1
2.3338,7.20325,0.906667,0.5,2,2.03706,2.12271,9.22934,2.38177,6.7428,1.15727,6.09963,2.12271,9.22934,1.74352,9.26887,0.0370605,1,-3.33333,-0.467505,0,0.100135,1
2.40731,7.27037,0.573333,0.5,2,1.99861,2.03111,9.23325,2.50168,6.77793,1.15727,6.09963,2.03111,9.23325,2.41276,9.34511,-0.00139391,1,-3.33333,-0.335118,0,0.114749,1
2.49873,7.30974,0.24,0.5,2,1.99722,2.05792,9.2577,2.6097,6.81935,1.15727,6.09963,2.05792,9.2577,1.68742,9.2444,-0.00278473,1,-3.33333,-0.0122655,0,0.113393,1
2.598,7.31703,-0.0933333,0.5,2,2.03303,2.08374,9.28394,2.71612,6.86524,1.15727,6.09963,2.08374,9.28394,1.71627,9.23827,0.0330274,1,3.33333,0.358013,0,0.10003,1
2.69754,7.31923,0.186667,0.5,2,2.08906,1.47864,9.01583,2.93731,6.98549,1.15727,6.09963,1.47864,9.01583,1.12851,8.85066,0.0890574,1,3.33333,0.513544,0,0.109105,1
2.79093,7.35368,0.52,0.5,2,2.1365,1.54136,9.08665,3.00353,7.05883,1.15727,6.09963,1.54136,9.08665,1.18292,8.91775,0.136496,1,3.33333,0.420837,0,0.112723,1
2.86791,7.41678,0.853333,0.5,2,2.15264,1.6059,9.16068,3.07155,7.13537,1.15727,6.09963,1.6059,9.16068,1.24283,8.99201,0.152638,1,3.33333,0.161294,0,0.10008,1
2.92,7.5016,1.18667,0.5,2,2.14005,1.63236,9.21092,3.13658,7.21409,1.15727,6.09963,1.63236,9.21092,1.92975,9.53275,0.140047,1,3.33333,-0.108319,0,0.116239,1
2.94148,7.59879,1.52,0.5,2,2.10087,1.67453,9.27465,3.18218,7.28041,1.15727,6.09963,1.67453,9.27465,1.97594,9.57061,0.100872,1,-3.33333,-0.359032,0,0.109112,1
2.95856,7.69687,1.23333,0.5,2,2.04957,2.30264,9.63865,3.10271,7.27013,1.15727,6.09963,2.30264,9.63865,2.67098,9.83381,0.0495708,1,-3.33333,-0.513195,0,0.0999649,1
3.00664,7.78403,0.9,0.5,2,2.00113,2.30367,9.65763,3.18189,7.31696,1.15727,6.09963,2.30367,9.65763,1.93504,9.59847,0.00113368,1,-3.33333,-0.433447,0,0.111749,1
3.08059,7.85065,0.566667,0.5,2,1.98115,2.32348,9.68143,3.27888,7.37119,1.15727,6.09963,2.32348,9.68143,1.98213,9.57705,-0.0188518,1,-3.33333,-0.198783,0,0.100539,1
3.17227,7.88942,0.233333,0.5,2,2.00156,2.25212,9.66693,3.40141,7.44677,1.15727,6.09963,2.25212,9.66693,1.89784,9.55819,0.00156069,1,3.33333,0.179593,0,0.113659,1
3.2654,7.9246,0.526667,0.5,2,2.05122,1.66736,9.21058,3.61504,7.64324,1.15727,6.09963,1.66736,9.21058,1.37572,8.96451,0.051219,1,3.33333,0.441012,0,0.112601,1
3.34196,7.98821,0.86,0.5,2,2.09283,1.66455,9.23969,3.66831,7.74473,1.15727,6.09963,1.66455,9.23969,1.36818,8.98204,0.0928259,1,3.33333,0.41687,0,0.0998079,1
3.39349,8.07338,1.19333,0.5,2,2.10689,1.68096,9.30066,3.71302,7.84439,1.15727,6.09963,1.68096,9.30066,1.8894,9.66542,0.10689,1,3.33333,0.122912,0,0.114428,1
3.41432,8.17071,1.52667,0.5,2,2.09016,1.73475,9.41482,3.74365,7.92676,1.15727,6.09963,1.73475,9.41482,1.93211,9.78987,0.0901594,1,3.33333,-0.153191,0,0.109217,1
3.40215,8.2695,1.86,0.5,2,2.04441,1.80063,9.54022,3.75905,7.98632,1.15727,6.09963,1.80063,9.54022,1.51154,9.29303,0.0444076,1,-3.33333,-0.457487,0,0.100007,1
3.38616,8.36776,1.56667,0.5,2,1.9833,2.40161,10.0894,3.64266,7.91922,1.15727,6.09963,2.40161,10.0894,2.06682,9.95334,-0.0167022,1,-3.33333,-0.542955,0,0.11255,1
3.40307,8.46585,1.23333,0.5,2,1.92677,2.44947,10.1401,3.68678,7.96776,1.15727,6.09963,2.44947,10.1401,2.13476,9.99547,-0.0732263,1,-3.33333,-0.491641,0,0.11497,1
3.45116,8.55301,0.9,0.5,2,1.89177,2.4052,10.1293,3.78744,8.0462,1.15727,6.09963,2.4052,10.1293,2.1016,9.97187,-0.108228,1,-3.33333,-0.347847,0,0.100624,1
3.52511,8.61963,0.566667,0.5,2,1.89474,2.34645,10.1031,3.90162,8.14574,1.15727,6.09963,2.34645,10.1031,2.03297,9.94128,-0.105263,1,-3.33333,0.0267519,0,0.110855,1
3.61679,8.6584,0.233333,0.5,2,1.93681,2.31157,10.0894,3.99632,8.2423,1.15727,6.09963,2.31157,10.0894,2.55237,10.4043,-0.0631869,1,3.33333,0.421695,0,0.0997775,1
3.70897,8.69594,0.553333,0.5,2,2.00605,1.8806,9.52135,4.15918,8.4927,1.15727,6.09963,1.8806,9.52135,1.9812,9.91912,0.00604773,1,3.33333,0.614052,0,0.11275,1
3.78381,8.76158,0.886667,0.5,2,2.06526,1.87162,9.54185,4.18633,8.59733,1.15727,6.09963,1.87162,9.54185,1.97296,9.94647,0.0652552,1,3.33333,0.529371,0,0.111845,1
3.83305,8.84808,1.22,0.5,2,2.09905,1.90228,9.6716,4.20185,8.69078,1.15727,6.09963,1.90228,9.6716,1.66747,9.352,0.0990517,1,3.33333,0.338533,0,0.0998324,1
3.85127,8.94594,1.55333,0.5,2,2.09765,1.95017,9.83247,4.21592,8.77589,1.15727,6.09963,1.95017,9.83247,1.74739,9.5097,0.0976453,1,3.33333,-0.0123698,0,0.113699,1
3.83647,9.04437,1.88667,0.5,2,2.06299,1.98073,9.94556,4.22958,8.85347,1.15727,6.09963,1.98073,9.94556,1.78203,9.62968,0.06299,1,-3.33333,-0.303146,0,0.114319,1
3.81665,9.14195,1.60667,0.5,2,2.01035,2.41876,10.5867,4.15713,8.79005,1.15727,6.09963,2.41876,10.5867,2.10879,10.3803,0.01035,1,-3.33333,-0.5289,0,0.0995273,1
3.82963,9.24063,1.27333,0.5,2,1.96491,2.44129,10.6311,4.20771,8.86198,1.15727,6.09963,2.44129,10.6311,2.14035,10.4254,-0.0350918,1,-3.33333,-0.412647,0,0.110122,1
3.87419,9.32964,0.94,0.5,2,1.94775,2.40738,10.6111,4.29008,8.9663,1.15727,6.09963,2.40738,10.6111,2.11865,10.3904,-0.0522525,1,-3.33333,-0.151226,0,0.113478,1
3.94542,9.39917,0.606667,0.5,2,1.96901,2.35733,10.5632,4.37368,9.08526,1.15727,6.09963,2.35733,10.5632,2.54787,10.9105,-0.0309895,1,3.33333,0.213941,0,0.0993872,1
4.01888,9.46636,0.906667,0.5,2,2.01198,2.09535,10.0563,4.48544,9.32325,1.15727,6.09963,2.09535,10.0563,2.16586,10.4538,0.0119805,1,3.33333,0.375705,0,0.114372,1
4.06638,9.55383,1.24,0.5,2,2.04933,2.11684,10.1855,4.4951,9.41491,1.15727,6.09963,2.11684,10.1855,2.17068,10.6026,0.0493286,1,3.33333,0.326009,0,0.114561,1
4.08264,9.65203,1.57333,0.5,2,2.05205,2.15258,10.349,4.50397,9.49989,1.15727,6.09963,2.15258,10.349,1.98112,10.0171,0.0520456,1,3.33333,0.0278621,0,0.0975166,1
4.06588,9.75015,1.90667,0.5,2,2.01987,2.17711,10.466,4.51485,9.57999,1.15727,6.09963,2.17711,10.466,2.01539,10.1397,0.0198679,1,-3.33333,-0.28188,0,0.114154,1
4.04352,9.84718,1.63333,0.5,2,1.9709,2.54298,11.125,4.44634,9.50414,1.15727,6.09963,2.54298,11.125,2.28119,10.8818,-0.0290971,1,-3.33333,-0.504628,0,0.0970318,1
4.05386,9.94618,1.3,0.5,2,1.93095,2.52226,11.1221,4.50523,9.59963,1.15727,6.09963,2.52226,11.1221,2.24872,10.8865,-0.0690541,1,-3.33333,-0.355809,0,0.112299,1
4.09603,10.0363,0.966667,0.5,2,1.92082,2.4964,11.0997,4.57836,9.71571,1.15727,6.09963,2.4964,11.0997,2.65639,11.4567,-0.0791767,1,-3.33333,-0.0892274,0,0.113447,1
4.16538,10.1077,0.633333,0.5,2,1.94852,2.47305,11.0735,4.64435,9.8344,1.15727,6.09963,2.47305,11.0735,2.61753,11.4397,-0.0514791,1,3.33333,0.278098,0,0.0995963,1
4.23746,10.1764,0.926667,0.5,2,1.99706,2.27647,10.5543,4.73132,10.0813,1.15727,6.09963,2.27647,10.5543,2.30224,10.9546,-0.00294232,1,3.33333,0.426722,0,0.113743,1
4.2832,10.2648,1.26,0.5,2,2.04005,2.28631,10.6823,4.73342,10.1707,1.15727,6.09963,2.28631,10.6823,2.30045,11.0986,0.0400519,1,3.33333,0.377885,0,0.113776,1
4.2975,10.3633,1.59333,0.5,2,2.04779,2.30804,10.8486,4.73682,10.2562,1.15727,6.09963,2.30804,10.8486,2.16729,10.5014,0.0477891,1,3.33333,0.0785445,0,0.0985067,1
4.27878,10.4611,1.92667,0.5,2,2.01924,2.32483,10.9704,4.74399,10.3398,1.15727,6.09963,2.32483,10.9704,2.19003,10.6295,0.0192397,1,-3.33333,-0.249435,0,0.114456,1
4.25627,10.5581,1.63333,0.5,2,1.97578,2.58838,11.6172,4.6988,10.277,1.15727,6.09963,2.58838,11.6172,2.35045,11.3443,-0.0242234,1,-3.33333,-0.373501,0,0.116367,1
4.26662,10.6571,1.3,0.5,2,1.94311,2.57568,11.6144,4.75123,10.3827,1.15727,6.09963,2.57568,11.6144,2.34005,11.3399,-0.0568873,1,-3.33333,-0.335149,0,0.0974605,1
4.30879,10.7472,0.966667,0.5,2,1.94463,2.55526,11.5879,4.80957,10.5071,1.15727,6.09963,2.55526,11.5879,2.66344,11.9698,-0.0553658,1,-3.33333,0.0133218,0,0.114209,1
4.37813,10.8186,0.633333,0.5,2,1.98367,2.5483,11.5846,4.85443,10.6193,1.15727,6.09963,2.5483,11.5846,2.33569,11.2794,-0.0163314,1,3.33333,0.393835,0,0.0991134,1
4.45021,10.8873,0.926667,0.5,2,2.03935,2.41349,10.9907,4.91027,10.864,1.15727,6.09963,2.41349,10.9907,2.38776,11.3979,0.0393479,1,3.33333,0.490428,0,0.113532,1
4.49595,10.9757,1.26,0.5,2,2.09092,2.40964,11.1146,4.90413,10.9485,1.15727,6.09963,2.40964,11.1146,2.37716,11.5358,0.090925,1,3.33333,0.456238,0,0.113049,1
4.51025,11.0742,1.59333,0.5,2,2.10778,2.41292,11.2839,4.90052,11.0352,1.15727,6.09963,2.41292,11.2839,2.29944,10.9083,0.107785,1,3.33333,0.171374,0,0.0983813,1
4.49153,11.172,1.92667,0.5,2,2.08749,2.41792,11.4123,4.9013,11.1245,1.15727,6.09963,2.41792,11.4123,2.31334,11.043,0.0874891,1,3.33333,-0.179762,0,0.112904,1
4.44185,11.2582,2.26,0.5,2,2.0354,2.42392,11.5243,4.90247,11.1975,1.15727,6.09963,2.42392,11.5243,2.33147,11.1665,0.0354004,1,-3.33333,-0.462917,0,0.112523,1
4.38833,11.3422,1.97333,0.5,2,1.97189,2.57235,12.1106,4.87469,11.1364,1.15727,6.09963,2.57235,12.1106,2.37887,11.8038,-0.0281129,1,-3.33333,-0.637115,0,0.0996889,1
4.36507,11.439,1.64,0.5,2,1.91817,2.56298,12.0961,4.91169,11.2396,1.15727,6.09963,2.56298,12.0961,2.38943,11.7886,-0.0818315,1,-3.33333,-0.477379,0,0.112528,1
4.37476,11.538,1.30667,0.5,2,1.9009,2.54872,12.0663,4.95026,11.3716,1.15727,6.09963,2.54872,12.0663,2.5964,12.4494,-0.0990967,1,-3.33333,-0.151425,0,0.114018,1
4.41632,11.6285,0.973333,0.5,2,1.92154,2.5384,12.0356,4.98165,11.5059,1.15727,6.09963,2.5384,12.0356,2.57101,12.4206,-0.0784569,1,3.33333,0.206444,0,0.0999776,1
4.46193,11.717,1.26,0.5,2,1.96155,2.51581,11.4714,4.99614,11.7844,1.15727,6.09963,2.51581,11.4714,2.42198,11.8527,-0.0384505,1,3.33333,0.324298,0,0.123363,1
4.47623,11.8155,1.59333,0.5,2,1.99245,2.49227,11.6317,4.98161,11.8623,1.15727,6.09963,2.49227,11.6317,2.45844,11.2638,-0.00755143,1,3.33333,0.312801,0,0.0987817,1
4.4575,11.9132,1.92667,0.5,2,1.98634,2.47464,11.7958,4.97027,11.9436,1.15727,6.09963,2.47464,11.7958,2.46391,11.4387,-0.0136608,1,-3.33333,-0.0551331,0,0.110811,1
4.435,12.0102,1.63333,0.5,2,1.96181,2.53497,12.4987,4.95624,11.8762,1.15727,6.09963,2.53497,12.4987,2.40826,12.1668,-0.038188,1,-3.33333,-0.216939,0,0.113061,1
4.44535,12.1092,1.3,0.5,2,1.95091,2.53371,12.4987,4.98339,11.9996,1.15727,6.09963,2.53371,12.4987,2.41954,12.1628,-0.0490947,1,-3.33333,-0.109155,0,0.0999195,1
4.48752,12.1994,0.966667,0.5,2,1.97699,2.52796,12.4613,5.00592,12.1301,1.15727,6.09963,2.52796,12.4613,2.41684,12.1131,-0.0230148,1,3.33333,0.229626,0,0.113576,1
4.53426,12.2873,1.24667,0.5,2,2.02335,2.55103,11.8864,5.00146,12.3817,1.15727,6.09963,2.55103,11.8864,2.54725,11.5075,0.0233469,1,3.33333,0.405263,0,0.114399,1
4.54987,12.3856,1.58,0.5,2,2.0609,2.53053,11.9738,4.98011,12.4733,1.15727,6.09963,2.53053,11.9738,2.5208,11.5852,0.0609009,1,3.33333,0.371235,0,0.10116,1
4.53245,12.4836,1.91333,0.5,2,2.06466,2.51015,12.0675,4.95886,12.5713,1.15727,6.09963,2.51015,12.0675,2.35506,12.4598,0.0646615,1,3.33333,0.0335513,0,0.112084,1
4.48393,12.5705,2.24667,0.5,2,2.03588,2.48361,12.1917,4.93994,12.6569,1.15727,6.09963,2.48361,12.1917,2.33548,12.5809,0.0358789,1,-3.33333,-0.262956,0,0.109458,1
4.43206,12.6555,1.95333,0.5,2,1.99122,2.45205,12.8665,4.93798,12.6016,1.15727,6.09963,2.45205,12.8665,2.34566,12.5126,-0.00877798,1,-3.33333,-0.451118,0,0.0989916,1
4.41074,12.7527,1.62,0.5,2,1.95757,2.45838,12.8954,4.95173,12.7132,1.15727,6.09963,2.45838,12.8954,2.39225,12.547,-0.0424277,1,-3.33333,-0.29461,0,0.114218,1
4.42241,12.8516,1.28667,0.5,2,1.96311,2.45932,12.8611,4.95929,12.849,1.15727,6.09963,2.45932,12.8611,2.40551,12.5061,-0.0368888,1,-3.33333,0.0553233,0,0.100117,1
4.46577,12.9412,0.953333,0.5,2,2.00514,2.46463,12.8145,4.95964,12.9724,1.15727,6.09963,2.46463,12.8145,2.42412,12.4464,0.00514412,1,3.33333,0.366403,0,0.114718,1
4.51368,13.0284,1.23333,0.5,2,2.06333,2.5961,12.2667,4.9195,13.1897,1.15727,6.09963,2.5961,12.2667,2.67393,11.8938,0.0633347,1,3.33333,0.522209,0,0.111431,1
4.5306,13.1265,1.56667,0.5,2,2.11442,2.56689,12.3426,4.8887,13.2695,1.15727,6.09963,2.56689,12.3426,2.63009,11.9499,0.114419,1,3.33333,0.512095,0,0.0997564,1
4.51449,13.2248,1.9,0.5,2,2.13081,2.53693,12.4313,4.85714,13.3622,1.15727,6.09963,2.53693,12.4313,2.29432,12.7988,0.130805,1,3.33333,0.145313,0,0.11276,1
4.46713,13.3123,2.23333,0.5,2,2.11779,2.50301,12.5203,4.82162,13.4552,1.15727,6.09963,2.50301,12.5203,2.2868,12.8901,0.117787,1,3.33333,-0.11438,0,0.113817,1
4.39374,13.3795,2.56667,0.5,2,2.07429,2.45799,12.6342,4.79101,13.5325,1.15727,6.09963,2.45799,12.6342,2.23484,12.9966,0.0742886,1,-3.33333,-0.434804,0,0.100041,1
4.31737,13.4434,2.28,0.5,2,2.01429,2.30713,13.3157,4.8021,13.4742,1.15727,6.09963,2.30713,13.3157,2.26509,12.9456,0.0142891,1,-3.33333,-0.530411,0,0.113119,1
4.26597,13.5287,1.94667,0.5,2,1.96079,2.31433,13.3395,4.80267,13.5807,1.15727,6.09963,2.31433,13.3395,2.30577,12.9837,-0.0392098,1,-3.33333,-0.464386,0,0.115204,1
4.2453,13.626,1.61333,0.5,2,1.94372,2.32788,13.3073,4.79405,13.7172,1.15727,6.09963,2.32788,13.3073,2.33621,12.9523,-0.0562767,1,-3.33333,-0.171344,0,0.0996057,1
4.25763,13.7248,1.28,0.5,2,1.96798,2.34274,13.2708,4.7753,13.8475,1.15727,6.09963,2.34274,13.2708,2.36041,12.9062,-0.032022,1,3.33333,0.222238,0,0.109138,1
4.27378,13.823,1.57333,0.5,2,2.00978,2.61044,12.695,4.67949,14.0982,1.15727,6.09963,2.61044,12.695,2.75864,12.3525,0.00978231,1,3.33333,0.415499,0,0.100612,1
4.25701,13.9212,1.90667,0.5,2,2.04362,2.56766,12.7712,4.63428,14.178,1.15727,6.09963,2.56766,12.7712,2.7194,12.4236,0.043617,1,3.33333,0.285976,0,0.118313,1
4.20907,14.0084,2.24,0.5,2,2.0474,2.53899,12.824,4.57826,14.2702,1.15727,6.09963,2.53899,12.824,2.25094,13.1225,0.0474024,1,3.33333,0.0340558,0,0.111152,1
4.13523,14.0751,2.57333,0.5,2,2.02235,2.46737,12.9314,4.52915,14.3453,1.15727,6.09963,2.46737,12.9314,2.17666,13.2259,0.0223529,1,-3.33333,-0.248919,0,0.100633,1
4.05843,14.1385,2.28667,0.5,2,1.97887,2.16619,13.5594,4.55675,14.291,1.15727,6.09963,2.16619,13.5594,2.22744,13.2049,-0.0211298,1,-3.33333,-0.389663,0,0.111591,1
4.00647,14.2234,1.95333,0.5,2,1.94357,2.17916,13.5613,4.52962,14.413,1.15727,6.09963,2.17916,13.5613,2.26182,13.2195,-0.0564294,1,-3.33333,-0.30239,0,0.116735,1
3.98515,14.3206,1.62,0.5,2,1.94597,2.19148,13.5659,4.49582,14.5355,1.15727,6.09963,2.19148,13.5659,2.28639,13.2251,-0.0540287,1,-3.33333,0.0244876,0,0.0980348,1
3.99682,14.4195,1.28667,0.5,2,1.98518,2.22363,13.5269,4.45666,14.651,1.15727,6.09963,2.22363,13.5269,2.33011,13.1762,-0.0148162,1,3.33333,0.338248,0,0.115929,1
4.01413,14.5175,1.56,0.5,2,2.0429,2.63085,13.0142,4.32364,14.8539,1.15727,6.09963,2.63085,13.0142,2.85371,12.7043,0.0428984,1,3.33333,0.518685,0,0.111271,1
3.99868,14.6159,1.89333,0.5,2,2.09079,2.58562,13.0749,4.27524,14.9175,1.15727,6.09963,2.58562,13.0749,2.80671,12.7463,0.0907927,1,3.33333,0.483926,0,0.0989702,1
3.95191,14.7037,2.22667,0.5,2,2.11441,2.52557,13.1429,4.21202,14.9884,1.15727,6.09963,2.52557,13.1429,2.16058,13.3744,0.114407,1,3.33333,0.208736,0,0.11313,1
3.87896,14.7714,2.56,0.5,2,2.10811,2.45955,13.2128,4.14282,15.0612,1.15727,6.09963,2.45955,13.2128,2.10503,13.4503,0.108106,1,3.33333,-0.0546148,0,0.115375,1
3.78787,14.8116,2.89333,0.5,2,2.0696,2.37048,13.3035,4.08263,15.1252,1.15727,6.09963,2.37048,13.3035,2.01847,13.5366,0.069602,1,-3.33333,-0.392596,0,0.0980745,1
3.69527,14.8481,2.6,0.5,2,2.01237,1.90174,13.9355,4.12987,15.0693,1.15727,6.09963,1.90174,13.9355,2.03279,13.5968,0.0123696,1,-3.33333,-0.499208,0,0.114646,1
3.61967,14.9129,2.26667,0.5,2,1.96207,1.91825,13.9357,4.08614,15.1808,1.15727,6.09963,1.91825,13.9357,2.06031,13.6104,-0.0379279,1,-3.33333,-0.501715,0,0.100251,1
3.56942,14.9988,1.93333,0.5,2,1.9465,1.95137,13.9168,4.02952,15.3065,1.15727,6.09963,1.95137,13.9168,2.10009,13.5912,-0.053499,1,-3.33333,-0.139006,0,0.112017,1
3.55005,15.0964,1.6,0.5,2,1.9704,1.99046,13.8922,3.96923,15.4201,1.15727,6.09963,1.99046,13.8922,2.15839,13.5685,-0.0296024,1,3.33333,0.211077,0,0.113213,1
3.53448,15.1948,1.89333,0.5,2,2.01799,2.54015,13.4388,3.77198,15.6142,1.15727,6.09963,2.54015,13.4388,2.82576,13.1957,0.0179858,1,3.33333,0.47455,0,0.100281,1
3.4877,15.2826,2.22667,0.5,2,2.05857,2.53966,13.4554,3.69099,15.6745,1.15727,6.09963,2.53966,13.4554,2.13493,13.5772,0.0585701,1,3.33333,0.347428,0,0.116813,1
3.41475,15.3504,2.56,0.5,2,2.07634,2.4617,13.5057,3.60922,15.7268,1.15727,6.09963,2.4617,13.5057,2.06786,13.6463,0.0763369,1,3.33333,0.157286,0,0.112958,1
3.32366,15.3905,2.89333,0.5,2,2.06083,2.34904,13.5747,3.53135,15.7774,1.15727,6.09963,2.34904,13.5747,1.95143,13.7094,0.0608311,1,-3.33333,-0.159196,0,0.0974008,1
3.23106,15.4271,2.6,0.5,2,2.02481,1.74946,14.0469,3.57877,15.7509,1.15727,6.09963,1.74946,14.0469,1.96074,13.7432,0.0248137,1,-3.33333,-0.314556,0,0.114502,1
3.15547,15.4918,2.26667,0.5,2,1.9986,1.78912,14.0332,3.49825,15.8577,1.15727,6.09963,1.78912,14.0332,2.01564,13.7453,-0.00140178,1,-3.33333,-0.223698,0,0.117191,1
3.10521,15.5777,1.93333,0.5,2,2.00999,1.83407,14.0207,3.4151,15.9573,1.15727,6.09963,1.83407,14.0207,2.07363,13.7341,0.0099895,1,3.33333,0.118066,0,0.0964827,1
3.05941,15.6661,2.21333,0.5,2,2.04,2.38901,13.7394,3.21058,16.1006,1.15727,6.09963,2.38901,13.7394,2.71742,13.5512,0.0400026,1,3.33333,0.261393,0,0.11482,1
2.98737,15.7348,2.54667,0.5,2,2.0691,2.31077,13.7795,3.12828,16.142,1.15727,6.09963,2.31077,13.7795,2.64413,13.5888,0.0691006,1,3.33333,0.296301,0,0.0982043,1
2.89683,15.7762,2.88,0.5,2,2.06887,2.25791,13.8084,3.02997,16.1862,1.15727,6.09963,2.25791,13.8084,1.84145,13.8713,0.0688684,1,3.33333,-0.00206561,0,0.112422,1
2.79774,15.7856,-3.06985,0.5,2,2.0349,2.17264,13.8491,2.94061,16.2282,1.15727,6.09963,2.17264,13.8491,1.77217,13.927,0.0349035,1,-3.33333,-0.303068,0,0.11207,1
2.6983,15.7906,2.92667,0.5,2,1.9754,1.42025,14.2843,3.0377,16.1906,1.15727,6.09963,1.42025,14.2843,1.64786,13.994,-0.0245954,1,-3.33333,-0.598508,0,0.099412,1
2.60592,15.8276,2.59333,0.5,2,1.92659,1.35692,14.3607,2.97766,16.2642,1.15727,6.09963,1.35692,14.3607,1.60069,14.1152,-0.0734067,1,-3.33333,-0.425575,0,0.114695,1
2.53076,15.8929,2.26,0.5,2,1.91216,1.42004,14.3364,2.87221,16.3714,1.15727,6.09963,1.42004,14.3364,1.67236,14.0942,-0.0878386,1,-3.33333,-0.12768,0,0.113032,1
2.48108,15.9791,1.92667,0.5,2,1.93238,1.46825,14.3335,2.77859,16.4625,1.15727,6.09963,1.46825,14.3335,1.73106,14.0858,-0.0676237,1,3.33333,0.202153,0,0.0999979,1
2.43533,16.0676,2.21333,0.5,2,1.97281,2.01891,14.1392,2.5466,16.5829,1.15727,6.09963,2.01891,14.1392,2.35624,13.9952,-0.027195,1,3.33333,0.35718,0,0.113189,1
2.36329,16.1363,2.54667,0.5,2,2.012,1.94198,14.1689,2.46547,16.6134,1.15727,6.09963,1.94198,14.1689,1.52998,14.1814,0.0119998,1,3.33333,0.347302,0,0.112855,1
2.27274,16.1776,2.88,0.5,2,2.02022,1.88767,14.1944,2.36419,16.6486,1.15727,6.09963,1.88767,14.1944,1.4801,14.2146,0.0202184,1,3.33333,0.082498,0,0.0996209,1
2.17365,16.187,-3.06985,0.5,2,1.99339,1.72897,14.2439,2.28666,16.6809,1.15727,6.09963,1.72897,14.2439,2.06866,14.1071,-0.00661194,1,-3.33333,-0.231716,0,0.11579,1
2.07421,16.192,2.92667,0.5,2,1.94415,1.00642,14.5673,2.37951,16.6565,1.15727,6.09963,1.00642,14.5673,1.27278,14.3324,-0.0558549,1,-3.33333,-0.496584,0,0.0991634,1
1.98183,16.2291,2.59333,0.5,2,1.90594,0.988445,14.6025,2.29146,16.736,1.15727,6.09963,0.988445,14.6025,1.2554,14.3767,-0.0940559,1,-3.33333,-0.321322,0,0.118887,1
1.90667,16.2943,2.26,0.5,2,1.90559,1.02642,14.6042,2.18124,16.8215,1.15727,6.09963,1.02642,14.6042,1.30874,14.3993,-0.0944061,1,-3.33333,-0.00316204,0,0.110763,1
1.85699,16.3806,1.92667,0.5,2,1.93872,1.11163,14.5908,2.07278,16.8987,1.15727,6.09963,1.11163,14.5908,0.727643,14.6814,-0.061277,1,3.33333,0.332074,0,0.0997642,1
1.81069,16.4687,2.22,0.5,2,1.9895,1.67871,14.4836,1.84455,16.9781,1.15727,6.09963,1.67871,14.4836,1.27614,14.446,-0.0105035,1,3.33333,0.445918,0,0.113863,1
1.73819,16.5369,2.55333,0.5,2,2.03679,1.60658,14.5044,1.76813,16.9991,1.15727,6.09963,1.60658,14.5044,1.19414,14.4638,0.0367916,1,3.33333,0.40564,0,0.116594,1
1.64737,16.5776,2.88667,0.5,2,2.05511,1.4466,14.5324,1.69083,17.0204,1.15727,6.09963,1.4466,14.5324,1.8116,14.4402,0.0551076,1,3.33333,0.188221,0,0.0973115,1
1.54822,16.5864,-3.06319,0.5,2,2.03585,1.31748,14.5637,1.60083,17.0476,1.15727,6.09963,1.31748,14.5637,1.67663,14.4823,0.0358477,1,-3.33333,-0.17237,0,0.111736,1
1.44875,16.5907,2.93333,0.5,2,1.99801,0.606491,14.7789,1.66037,17.0459,1.15727,6.09963,0.606491,14.7789,0.913238,14.5827,-0.00199318,1,-3.33333,-0.331041,0,0.114309,1
1.35613,16.6272,2.6,0.5,2,1.97682,0.646697,14.782,1.54389,17.1155,1.15727,6.09963,0.646697,14.782,0.957852,14.5841,-0.0231786,1,-3.33333,-0.213702,0,0.0991354,1
1.28053,16.6919,2.26667,0.5,2,1.99112,0.694075,14.7891,1.43042,17.1782,1.15727,6.09963,0.694075,14.7891,1.01933,14.6037,-0.00888181,1,3.33333,0.124293,0,0.115025,1
1.20832,16.7605,2.54667,0.5,2,2.02664,1.31132,14.7364,1.18427,17.2332,1.15727,6.09963,1.31132,14.7364,0.911583,14.672,0.026639,1,3.33333,0.314201,0,0.113051,1
1.11778,16.8018,2.88,0.5,2,2.05441,1.18989,14.7487,1.10213,17.2471,1.15727,6.09963,1.18989,14.7487,0.779013,14.6601,0.0544095,1,3.33333,0.248469,0,0.111767,1
1.01869,16.8112,-3.06985,0.5,2,2.04761,1.02263,14.7636,1.01782,17.2636,1.15727,6.09963,1.02263,14.7636,1.39189,14.7183,0.0476134,1,3.33333,-0.0663033,0,0.102501,1
0.921965,16.7877,-2.73652,0.5,2,2.00689,0.92928,14.7809,0.920167,17.2808,1.15727,6.09963,0.92928,14.7809,1.29293,14.7278,0.00688791,1,-3.33333,-0.412019,0,0.0988437,1
0.82621,16.7605,-3.02985,0.5,2,1.95372,0.333806,14.8698,0.963891,17.2891,1.15727,6.09963,0.333806,14.8698,0.662245,14.7217,-0.0462803,1,-3.33333,-0.470774,0,0.112938,1
0.726823,16.766,2.92,0.5,2,1.9159,0.371218,14.8833,0.835234,17.3399,1.15727,6.09963,0.371218,14.8833,0.702353,14.7531,-0.084095,1,-3.33333,-0.330993,0,0.114246,1
0.634694,16.8036,2.58667,0.5,2,1.9203,0.440799,14.8932,0.693227,17.3804,1.15727,6.09963,0.440799,14.8932,0.056009,14.8863,-0.0797042,1,-3.33333,0.0444546,0,0.0987713,1
0.559965,16.8694,2.25333,0.5,2,1.96067,0.495175,14.9098,0.577787,17.4084,1.15727,6.09963,0.495175,14.9098,0.104107,14.878,-0.0393295,1,3.33333,0.353642,0,0.114168,1
0.487831,16.938,2.54667,0.5,2,2.01548,1.00652,14.9904,0.363139,17.4062,0.363139,17.4062,1.00652,14.9904,-1.54607,15.7201,0.0154839,2,3.33333,0.476679,0,0.11499,1
0.397283,16.9793,2.88,0.5,2,2.06014,0.861123,14.9721,0.298249,17.4079,0.363139,17.4062,0.861123,14.9721,-1.54836,15.763,0.0717771,2,3.33333,0.567061,0,0.0992721,1
0.298193,16.9888,-3.06985,0.5,2,2.07452,0.803938,14.9768,0.194466,17.4014,0.363139,17.4062,0.803938,14.9768,-1.58759,15.8507,0.0775529,2,3.33333,0.0488616,0,0.118206,1
0.201471,16.9653,-2.73652,0.5,2,2.05853,0.741504,14.9788,0.0856579,17.3913,0.363139,17.4062,0.741504,14.9788,-1.67041,16.0029,0.030365,2,-3.33333,-0.40466,0,0.116611,1
0.106388,16.9357,-3.00319,0.5,2,1.96224,-1.7805,16.3971,0.623498,17.0833,0.363139,17.4062,-1.7805,16.3971,0.320027,14.8789,-0.0360195,2,-3.33333,-0.672241,0,0.098751,1
0.00689018,16.9385,2.94667,0.5,2,1.85105,-1.74508,16.341,0.621106,17.148,0.363139,17.4062,-1.74508,16.341,0.284445,14.9205,-0.0879374,2,-3.33333,-0.455447,0,0.113993,1
-0.0862108,16.9737,2.61333,0.5,2,1.75905,-1.74197,16.3798,0.611227,17.2239,0.363139,17.4062,-1.74197,16.3798,0.447908,14.9425,-0.123677,2,-3.33333,-0.356954,0,0.100124,1
-0.162666,17.0374,2.28,0.5,2,1.69153,-1.71232,16.3593,0.577993,17.3615,0.363139,17.4062,-1.71232,16.3593,0.489463,14.9859,-0.30847,1,-3.33333,-1.64572,0,0.112287,1
-0.214058,17.1227,1.94667,0.5,2,1.66198,-1.64555,16.2783,0.507737,17.5485,0.507737,17.5485,-1.64555,16.2783,0.57013,15.0292,-0.338017,2,-3.33333,-0.240856,0,0.122674,1
-0.23473,17.22,1.61333,0.5,2,1.6747,-1.66361,16.3466,0.469429,17.6505,0.507737,17.5485,-1.66361,16.3466,-1.53039,16.0763,-0.325302,1,-3.33333,0.127357,0,0.0998309,1
-0.222406,17.3188,1.28,0.5,2,1.71731,-1.6233,16.3255,0.416072,17.7715,0.507737,17.5485,-1.6233,16.3255,-1.47729,16.049,-0.282689,1,3.33333,0.379289,0,0.11235,1
-0.206257,17.4171,1.57333,0.5,2,1.7783,-1.11828,15.8904,0.163876,18.0366,0.507737,17.5485,-1.11828,15.8904,-1.4493,16.0295,-0.221697,1,3.33333,0.538069,0,0.113355,1
-0.223019,17.5152,1.90667,0.5,2,1.84019,-1.13632,15.9176,0.104452,18.088,0.507737,17.5485,-1.13632,15.9176,-1.47444,16.0631,-0.15981,1,3.33333,0.621346,0,0.0996006,1
-0.270961,17.6024,2.24,0.5,2,1.87971,-1.25751,16.0024,0.0545949,18.1304,0.507737,17.5485,-1.25751,16.0024,-0.992246,15.786,-0.120293,1,3.33333,0.337464,0,0.117102,1
-0.344806,17.6691,2.57333,0.5,2,1.89121,-1.30634,16.0406,-0.0352798,18.1934,0.507737,17.5485,-1.30634,16.0406,-1.04102,15.8129,-0.108793,1,-3.33333,0.0932886,0,0.123268,1
-0.421994,17.732,2.29333,0.5,2,1.8906,-1.74953,16.3859,0.00590865,18.1659,0.507737,17.5485,-1.74953,16.3859,-2.06157,16.6095,-0.109395,1,-3.33333,-0.0061098,0,0.0985118,1
-0.474518,17.8166,1.96,0.5,2,1.90256,-1.76477,16.4184,-0.0693551,18.2557,0.507737,17.5485,-1.76477,16.4184,-1.54414,16.1505,-0.0974402,1,-3.33333,0.105387,0,0.113438,1
-0.496487,17.9137,1.62667,0.5,2,1.94573,-1.71566,16.3973,-0.149188,18.3456,0.507737,17.5485,-1.71566,16.3973,-1.47719,16.1297,-0.0542675,1,3.33333,0.346621,0,0.124553,1
-0.512272,18.012,1.89333,0.5,2,2.01079,-1.05031,16.0745,-0.381371,18.4834,0.507737,17.5485,-1.05031,16.0745,-1.46082,16.1112,0.0107911,1,3.33333,0.670276,0,0.0970623,1
-0.559047,18.0999,2.22667,0.5,2,2.07914,-1.07687,16.0862,-0.454231,18.5075,0.507737,17.5485,-1.07687,16.0862,-1.50074,16.1186,0.0791445,1,3.33333,0.6049,0,0.112999,1
-0.631996,18.1676,2.56,0.5,2,2.12348,-1.2288,16.1297,-0.526174,18.5289,0.507737,17.5485,-1.2288,16.1297,-0.875174,15.973,0.12348,1,3.33333,0.443451,0,0.099978,1
-0.723087,18.2077,2.89333,0.5,2,2.13739,-1.28436,16.1453,-0.627865,18.5576,0.507737,17.5485,-1.28436,16.1453,-0.927019,15.9774,0.137386,1,3.33333,0.122707,0,0.113325,1
-0.822294,18.2158,-3.05652,0.5,2,2.12133,-1.34001,16.1586,-0.729879,18.583,0.507737,17.5485,-1.34001,16.1586,-1.77717,16.1798,0.121331,1,3.33333,-0.141773,0,0.113238,1
-0.918694,18.191,-2.72319,0.5,2,2.07314,-1.49107,16.1985,-0.80084,18.6013,0.507737,17.5485,-1.49107,16.1985,-1.14425,16.0548,0.073138,1,-3.33333,-0.482053,0,0.0999755,1
-1.01408,18.1625,-3.01652,0.5,2,2.00872,-2.0736,16.4559,-0.754947,18.5799,0.507737,17.5485,-2.0736,16.4559,-1.79504,16.2133,0.0087204,1,-3.33333,-0.559071,0,0.115223,1
-1.11353,18.1666,2.93333,0.5,2,1.96348,-2.00287,16.4161,-0.870518,18.645,0.507737,17.5485,-2.00287,16.4161,-2.38549,16.5347,-0.0365157,1,-3.33333,-0.401159,0,0.112764,1
-1.20615,18.2031,2.6,0.5,2,1.95975,-2.00423,16.4132,-0.986143,18.6965,0.507737,17.5485,-2.00423,16.4132,-1.70428,16.2098,-0.0402523,1,-3.33333,-0.0370551,0,0.100839,1
-1.28175,18.2678,2.26667,0.5,2,1.98635,-1.99779,16.415,-1.09659,18.747,0.507737,17.5485,-1.99779,16.415,-1.68063,16.2403,-0.0136508,1,3.33333,0.231394,0,0.114962,1
-1.35354,18.3368,2.54,0.5,2,2.03675,-1.37021,16.3002,-1.34975,18.8001,0.507737,17.5485,-1.37021,16.3002,-1.77963,16.2367,0.0367522,1,3.33333,0.450124,0,0.111976,1
-1.44381,18.3788,2.87333,0.5,2,2.08555,-1.45729,16.2933,-1.44113,18.7932,0.507737,17.5485,-1.45729,16.2933,-1.87782,16.2206,0.0855513,1,3.33333,0.481415,0,0.101366,1
-1.54284,18.3889,-3.07652,0.5,2,2.09807,-1.626,16.2925,-1.52691,18.7905,0.507737,17.5485,-1.626,16.2925,-1.2499,16.2303,0.0980654,1,3.33333,0.112075,0,0.111659,1
-1.63971,18.366,-2.74319,0.5,2,2.0769,-1.68223,16.2896,-1.63105,18.789,0.507737,17.5485,-1.68223,16.2896,-1.30659,16.2208,0.076896,1,-3.33333,-0.211486,0,0.100099,1
-1.73549,18.3388,-3.02985,0.5,2,2.04574,-2.28555,16.3684,-1.61334,18.7763,0.507737,17.5485,-2.28555,16.3684,-2.69379,16.425,0.0457435,1,-3.33333,-0.250944,0,0.124141,1
-1.83487,18.3443,2.92,0.5,2,2.03056,-2.31567,16.3715,-1.72372,18.8004,0.507737,17.5485,-2.31567,16.3715,-1.97138,16.2314,0.0305605,1,-3.33333,-0.136609,0,0.111142,1
-1.927,18.382,2.58667,0.5,2,2.05009,-2.27577,16.3618,-1.85046,18.8253,0.507737,17.5485,-2.27577,16.3618,-2.69232,16.3667,0.0500917,1,3.33333,0.196098,0,0.0995996,1
-2.01736,18.4238,2.87333,0.5,2,2.09389,-1.63112,16.3658,-2.09227,18.8229,0.507737,17.5485,-1.63112,16.3658,-2.03146,16.2423,0.0938902,1,3.33333,0.379993,0,0.115261,1
-2.11639,18.4339,-3.07652,0.5,2,2.13149,-1.68312,16.3469,-2.19129,18.7947,0.507737,17.5485,-1.68312,16.3469,-2.08848,16.2389,0.131493,1,3.33333,0.328003,0,0.114642,1
-2.21326,18.411,-2.74319,0.5,2,2.13256,-1.8493,16.3097,-2.27598,18.7731,0.507737,17.5485,-1.8493,16.3097,-2.25827,16.2131,0.132556,1,3.33333,0.0107083,0,0.0992565,1
-2.29733,18.3577,-2.40985,0.5,2,2.1026,-1.93491,16.2866,-2.36583,18.7492,-2.36583,18.7492,-1.93491,16.2866,-2.33759,16.2112,0.102597,2,-3.33333,-0.26357,0,0.113665,1
-2.37858,18.3001,-2.68985,0.5,2,2.05669,-2.66899,16.2641,-2.31598,18.739,-2.36583,18.7492,-2.66899,16.2641,-3.06518,16.3193,0.056695,1,-3.33333,-0.400532,0,0.114603,1
-2.4741,18.2722,-3.02319,0.5,2,2.01265,-2.72691,16.2754,-2.41288,18.7556,-2.41288,18.7556,-2.72691,16.2754,-3.11343,16.3295,0.0126479,2,-3.33333,-0.448188,0,0.0982782,1
-2.57352,18.277,2.92667,0.5,2,1.99821,-2.82792,16.295,-2.50963,18.7747,-2.41288,18.7556,-2.82792,16.295,-2.47834,16.2478,-0.0017916,1,-3.33333,-0.119346,0,0.120988,1
-2.6659,18.314,2.59333,0.5,2,2.0135,-2.8908,16.3131,-2.61156,18.7975,-2.61156,18.7975,-2.8908,16.3131,-3.27933,16.3581,0.0135045,2,3.33333,0.158209,0,0.0966828,1
-2.75654,18.3552,2.88,0.5,2,2.03981,-2.40192,16.3465,-2.83654,18.8084,-2.61156,18.7975,-2.40192,16.3465,-2.04702,16.4071,0.0398088,1,3.33333,0.233366,0,0.112716,1
-2.85563,18.3647,-3.06985,0.5,2,2.04763,-2.63767,16.3287,-2.90378,18.8145,-2.90378,18.8145,-2.63767,16.3287,-2.27993,16.3714,0.0476284,2,3.33333,0.0679348,0,0.115105,1
-2.95235,18.3412,-2.73652,0.5,2,2.01285,-2.80462,16.3337,-2.9881,18.827,-2.90378,18.8145,-2.80462,16.3337,-2.44996,16.357,0.0128548,1,-3.33333,-0.350208,0,0.0992942,1
-3.04794,18.3133,-3.02319,0.5,2,1.95374,-3.56071,16.4281,-2.90457,18.8404,-2.90457,18.8404,-3.56071,16.4281,-3.92513,16.5319,-0.0462575,2,-3.33333,-0.518967,0,0.113904,1
-3.14736,18.3181,2.92667,0.5,2,1.90054,-3.68124,16.4941,-2.97896,18.8934,-2.90457,18.8404,-3.68124,16.4941,-3.35921,16.4036,-0.0994585,1,-3.33333,-0.463899,0,0.114682,1
-3.23974,18.3552,2.59333,0.5,2,1.87701,-3.7386,16.5457,-3.07416,18.9558,-3.07416,18.9558,-3.7386,16.5457,-3.41959,16.4571,-0.122988,2,-3.33333,-0.235574,0,0.0998795,1
-3.3149,18.4204,2.26,0.5,2,1.87962,-3.78589,16.6008,-3.15945,19.021,-3.07416,18.9558,-3.78589,16.6008,-3.46516,16.5162,-0.120377,1,-3.33333,0.0229561,0,0.113735,1
-3.36458,18.5067,1.92667,0.5,2,1.90394,-3.84483,16.6643,-3.21423,19.0835,-3.21423,19.0835,-3.84483,16.6643,-3.52004,16.5788,-0.0960617,2,3.33333,0.24284,0,0.100127,1
-3.41311,18.5936,2.24667,0.5,2,1.93721,-3.25356,16.663,-3.45947,19.1545,-3.21423,19.0835,-3.25356,16.663,-2.90926,16.6763,-0.0627874,1,3.33333,0.295681,0,0.112534,1
-3.4874,18.6598,2.58,0.5,2,1.97029,-3.32175,16.6965,-3.53194,19.1877,-3.21423,19.0835,-3.32175,16.6965,-2.96742,16.695,-0.0297147,1,3.33333,0.282461,0,0.117088,1
-3.57928,18.6981,2.91333,0.5,2,1.97181,-3.51316,16.7274,-3.59699,19.226,-3.59699,19.226,-3.51316,16.7274,-3.16193,16.7213,-0.0281928,2,-3.33333,0.0155714,0,0.0977398,1
-3.67281,18.7323,2.62667,0.5,2,1.95469,-4.16233,16.8399,-3.53624,19.2602,-3.59699,19.226,-4.16233,16.8399,-3.83218,16.7087,-0.045311,1,-3.33333,-0.142883,0,0.119806,1
-3.7501,18.795,2.29333,0.5,2,1.95479,-4.07616,16.8676,-3.65916,19.3325,-3.59699,19.226,-4.07616,16.8676,-4.46512,16.8929,-0.0452079,1,-3.33333,0.000933249,0,0.110491,1
-3.80263,18.8795,1.96,0.5,2,1.98411,-4.10276,16.9182,-3.72459,19.3895,-3.59699,19.226,-4.10276,16.9182,-3.75586,16.8181,-0.0158869,1,3.33333,0.290297,0,0.101003,1
-3.8513,18.9664,2.24667,0.5,2,2.01989,-3.51013,16.9755,-3.9324,19.4396,-3.59699,19.226,-3.51013,16.9755,-3.14112,16.9856,0.0198858,1,3.33333,0.313935,0,0.113949,1
-3.92559,19.0326,2.58,0.5,2,2.0582,-3.53911,17.011,-4.00855,19.4666,-3.59699,19.226,-3.53911,17.011,-3.93232,16.8564,0.058203,1,3.33333,0.335712,0,0.114137,1
-4.01747,19.0709,2.91333,0.5,2,2.07385,-3.58907,17.0418,-4.1055,19.4879,-3.59699,19.226,-3.58907,17.0418,-3.98247,16.8954,0.0738492,1,3.33333,0.156251,0,0.100135,1
-4.11682,19.0771,-3.03652,0.5,2,2.05918,-3.79398,17.0433,-4.18593,19.5124,-3.59699,19.226,-3.79398,17.0433,-3.42321,17.065,0.0591831,1,3.33333,-0.12637,0,0.116056,1
-4.2127,19.0503,-2.70319,0.5,2,2.00844,-3.85984,17.0731,-4.29906,19.5342,-3.59699,19.226,-3.85984,17.0731,-3.48977,17.0768,0.00843906,1,-3.33333,-0.43222,0,0.117403,1
-4.30656,19.017,-2.96319,0.5,2,1.94765,-4.4349,17.0736,-4.27016,19.5682,-3.59699,19.226,-4.4349,17.0736,-4.82623,17.0471,-0.0523531,1,-3.33333,-0.633854,0,0.0959089,1
-4.40609,19.0159,2.98667,0.5,2,1.90358,-4.43522,17.1125,-4.39696,19.6122,-3.59699,19.226,-4.43522,17.1125,-4.09033,17.0496,-0.0964198,1,-3.33333,-0.375402,0,0.117385,1
-4.50052,19.0473,2.65333,0.5,2,1.89411,-4.43361,17.1544,-4.52193,19.6528,-3.59699,19.226,-4.43361,17.1544,-4.08987,17.1194,-0.105894,1,-3.33333,-0.0932429,0,0.101609,1
-4.57947,19.1079,2.32,0.5,2,1.92398,-4.31416,17.2023,-4.65889,19.6785,-3.59699,19.226,-4.31416,17.2023,-4.68759,17.0945,-0.0760163,1,3.33333,0.266066,0,0.112294,1
-4.65483,19.173,2.59333,0.5,2,1.97295,-3.77183,17.4087,-4.89072,19.6443,-3.59699,19.226,-3.77183,17.4087,-4.09674,17.1724,-0.0270531,1,3.33333,0.440315,0,0.1112,1
-4.74721,19.2101,2.92667,0.5,2,2.01143,-3.90717,17.3825,-4.95126,19.654,-3.59699,19.226,-3.90717,17.3825,-3.55964,17.4941,0.0114267,1,3.33333,0.381985,0,0.100736,1
-4.84663,19.2149,-3.02319,0.5,2,2.02582,-3.96544,17.3908,-5.05289,19.6419,-3.59699,19.226,-3.96544,17.3908,-3.6045,17.4916,0.0258164,1,3.33333,0.126805,0,0.113479,1
-4.94215,19.1869,-2.68985,0.5,2,2.01459,-4,17.4062,-5.16916,19.616,-3.59699,19.226,-4,17.4062,-4.32892,17.1663,0.0145926,1,-3.33333,-0.0981383,0,0.114367,1
-5.03614,19.154,-2.96985,0.5,2,1.98978,-4.66194,17.1998,-5.1321,19.6552,-3.59699,19.226,-4.66194,17.1998,-4.29617,17.2101,-0.0102235,1,-3.33333,-0.249623,0,0.0994144,1
-5.13568,19.1535,2.98,0.5,2,1.98093,-4.59827,17.2469,-5.2765,19.6531,-3.59699,19.226,-4.59827,17.2469,-4.22706,17.269,-0.0190696,1,-3.33333,-0.0741281,0,0.119335,1
-5.2299,19.1856,2.64667,0.5,2,2.01482,-4.5196,17.3002,-5.40095,19.6397,-3.59699,19.226,-4.5196,17.3002,-4.87645,17.1053,0.0148203,1,3.33333,0.293523,0,0.115459,1
-5.32195,19.2236,2.91333,0.5,2,2.06392,-4.02528,17.6179,-5.59591,19.5629,-3.59699,19.226,-4.02528,17.6179,-3.69984,17.8097,0.0639243,1,3.33333,0.504665,0,0.0973001,1
-5.4213,19.2298,-3.03652,0.5,2,2.1069,-4.06644,17.6163,-5.67408,19.5308,-3.59699,19.226,-4.06644,17.6163,-3.73013,17.8117,0.106899,1,3.33333,0.373035,0,0.115204,1
-5.51718,19.203,-2.70319,0.5,2,2.13088,-4.08807,17.6225,-5.76474,19.4768,-3.59699,19.226,-4.08807,17.6225,-4.35833,17.2834,0.13088,1,3.33333,0.240284,0,0.099801,1
-5.59905,19.1464,-2.36985,0.5,2,2.13204,-4.22242,17.5184,-5.83664,19.4274,-3.59699,19.226,-4.22242,17.5184,-3.90037,17.732,0.132037,1,3.33333,0.010103,0,0.114525,1
-5.65788,19.0661,-2.03652,0.5,2,2.10038,-4.24387,17.513,-5.92691,19.3616,-3.59699,19.226,-4.24387,17.513,-3.90511,17.7122,0.100384,1,-3.33333,-0.274626,0,0.115256,1
-5.71204,18.9826,-2.30985,0.5,2,2.05927,-4.78821,17.1422,-5.90976,19.3765,-3.59699,19.226,-4.78821,17.1422,-5.12392,16.884,0.0592682,1,-3.33333,-0.410883,0,0.100068,1
-5.79036,18.9212,-2.64319,0.5,2,2.02881,-4.82054,17.1392,-6.01561,19.335,-3.59699,19.226,-4.82054,17.1392,-4.47548,17.2715,0.0288064,1,-3.33333,-0.269208,0,0.113154,1
-5.88447,18.8887,-2.97652,0.5,2,2.03667,-4.73213,17.2094,-6.14663,19.2708,-3.59699,19.226,-4.73213,17.2094,-4.37793,17.3534,0.0366676,1,3.33333,0.0698691,0,0.112512,1
-5.98032,18.8617,-2.70319,0.5,2,2.07559,-4.25718,17.7047,-6.33266,19.0983,-3.59699,19.226,-4.25718,17.7047,-4.43859,17.3264,0.0755932,1,3.33333,0.389046,0,0.100054,1
-6.06219,18.8051,-2.36985,0.5,2,2.11011,-4.35038,17.5713,-6.37848,19.0331,-3.59699,19.226,-4.35038,17.5713,-4.09181,17.8533,0.110109,1,3.33333,0.304316,0,0.11342,1
-6.12102,18.7248,-2.03652,0.5,2,2.12038,-4.35664,17.5488,-6.43691,18.9354,-3.59699,19.226,-4.35664,17.5488,-4.07672,17.8281,0.12038,1,3.33333,0.0862952,0,0.119031,1
-6.15035,18.6297,-1.70319,0.5,2,2.10015,-4.38079,17.4987,-6.48726,18.8451,-3.59699,19.226,-4.38079,17.4987,-4.10568,17.7792,0.100149,1,3.33333,-0.2086,0,0.0969879,1
-6.14694,18.5302,-1.36985,0.5,2,2.04883,-4.43819,17.3998,-6.52322,18.7792,-3.59699,19.226,-4.43819,17.3998,-4.19054,17.6801,0.0488296,1,-3.33333,-0.440852,0,0.116409,1
-6.13844,18.431,-1.64985,0.5,2,1.98733,-4.82236,16.9419,-6.47794,18.8152,-3.59699,19.226,-4.82236,16.9419,-4.50406,17.1296,-0.0126662,1,-3.33333,-0.61908,0,0.0993341,1
-6.16265,18.3345,-1.98319,0.5,2,1.94635,-4.75382,16.9916,-6.5634,18.7165,-3.59699,19.226,-4.75382,16.9916,-4.98323,16.6731,-0.0536531,1,-3.33333,-0.353655,0,0.115895,1
-6.21712,18.2512,-2.31652,0.5,2,1.93959,-4.76955,16.9602,-6.63537,18.6242,-3.59699,19.226,-4.76955,16.9602,-4.50404,17.192,-0.0604087,1,-3.33333,-0.0591175,0,0.114274,1
-6.29585,18.1903,-2.64985,0.5,2,1.97101,-4.69775,17.0366,-6.72476,18.4999,-3.59699,19.226,-4.69775,17.0366,-4.42944,17.287,-0.0289913,1,3.33333,0.315333,0,0.0996325,1
-6.37797,18.134,-2.37652,0.5,2,2.03207,-4.42624,17.5682,-6.8274,18.2642,-3.59699,19.226,-4.42624,17.5682,-4.23823,17.9028,0.0320716,1,3.33333,0.499675,0,0.122205,1
-6.43734,18.0541,-2.04319,0.5,2,2.0843,-4.44481,17.4424,-6.83473,18.1761,-3.59699,19.226,-4.44481,17.4424,-4.28229,17.7869,0.0843039,1,3.33333,0.448488,0,0.116463,1
-6.4673,17.9591,-1.70985,0.5,2,2.10769,-4.43112,17.4148,-6.8463,18.0605,-3.59699,19.226,-4.43112,17.4148,-4.46724,16.9851,0.107685,1,3.33333,0.247484,0,0.0944757,1
-6.46455,17.8596,-1.37652,0.5,2,2.10386,-4.43114,17.3198,-6.84743,17.9613,-3.59699,19.226,-4.43114,17.3198,-4.2545,17.6714,0.103858,1,3.33333,-0.0328501,0,0.116502,1
-6.4294,17.7665,-1.04319,0.5,2,2.06753,-4.43969,17.2046,-6.84559,17.8841,-3.59699,19.226,-4.43969,17.2046,-4.29269,17.5506,0.0675344,1,-3.33333,-0.321022,0,0.11315,1
-6.38895,17.6755,-1.31652,0.5,2,2.02196,-4.62794,16.682,-6.8053,17.9104,-3.59699,19.226,-4.62794,16.682,-4.38198,16.9675,0.0219572,1,-3.33333,-0.468072,0,0.0973723,1
-6.38024,17.5764,-1.64985,0.5,2,1.99315,-4.56699,16.7489,-6.84135,17.7868,-3.59699,19.226,-4.56699,16.7489,-4.68821,16.3681,-0.00685143,1,-3.33333,-0.249894,0,0.115283,1
-6.40446,17.4798,-1.98319,0.5,2,1.99947,-4.5589,16.7105,-6.86645,17.6724,-3.59699,19.226,-4.5589,16.7105,-4.3673,17.0234,-0.000526786,1,3.33333,0.0633207,0,0.0998828,1
-6.42931,17.3834,-1.65652,0.5,2,2.03268,-4.39799,17.4575,-6.89632,17.3664,-3.59699,19.226,-4.39799,17.4575,-4.32567,17.0536,0.0326757,1,3.33333,0.287987,0,0.115292,1
-6.42126,17.2842,-1.32319,0.5,2,2.06131,-4.36839,17.4706,-6.85816,17.2446,-3.59699,19.226,-4.36839,17.4706,-4.30705,17.069,0.0613103,1,3.33333,0.249522,0,0.114757,1
-6.3812,17.1931,-0.989853,0.5,2,2.05906,-4.32552,17.3111,-6.82142,17.1678,-3.59699,19.226,-4.32552,17.3111,-4.27233,16.9074,0.0590563,1,3.33333,-0.0229744,0,0.0981097,1
-6.31352,17.1201,-0.656519,0.5,2,2.02816,-4.2913,17.2752,-6.78398,17.0841,-6.78398,17.0841,-4.2913,17.2752,-4.26052,16.882,0.0281572,2,-3.33333,-0.261744,0,0.118051,1
-6.24092,17.052,-0.916519,0.5,2,1.98502,-4.3282,16.5211,-6.73713,17.1897,-6.78398,17.0841,-4.3282,16.5211,-4.42481,16.146,-0.0440162,2,-3.33333,-0.647126,0,0.111529,1
-6.19428,16.964,-1.24985,0.5,2,1.93826,-4.31871,16.4751,-6.73785,17.1057,-6.78398,17.0841,-4.31871,16.4751,-4.22933,16.8055,-0.061741,1,-3.33333,-0.177658,0,0.0997689,1
-6.17898,16.8657,-1.58319,0.5,2,1.91414,-4.32758,16.3796,-6.74564,17.0144,-6.74564,17.0144,-4.32758,16.3796,-4.24298,16.7062,-0.0858598,2,-3.33333,-0.213783,0,0.112819,1
-6.19671,16.7677,-1.91652,0.5,2,1.91937,-4.33282,16.3096,-6.76056,16.9063,-6.74564,17.0144,-4.33282,16.3096,-4.42439,15.9485,-0.0806305,1,-3.33333,0.0444686,0,0.117594,1
-6.24551,16.681,-2.24985,0.5,2,1.95324,-4.34953,16.2115,-6.77625,16.8124,-6.77625,16.8124,-4.34953,16.2115,-4.26725,16.5458,-0.0467638,2,3.33333,0.341899,0,0.0990548,1
-6.29922,16.5971,-1.97652,0.5,2,1.99745,-4.30408,16.6931,-6.80119,16.573,-6.77625,16.8124,-4.30408,16.6931,-4.3232,17.0444,-0.0025481,1,3.33333,0.377785,0,0.117039,1
-6.32279,16.5004,-1.64319,0.5,2,2.02319,-4.29961,16.4952,-6.7996,16.5016,-6.7996,16.5016,-4.29961,16.4952,-4.30075,16.8516,0.0231905,2,3.33333,0.226896,0,0.113438,1
-6.31342,16.4013,-1.30985,0.5,2,2.0052,-4.31106,16.2946,-6.80752,16.4276,-6.7996,16.5016,-4.31106,16.2946,-4.29225,16.6477,0.00519848,1,-3.33333,-0.18205,0,0.0988298,1
-6.29898,16.3028,-1.58985,0.5,2,1.96104,-4.49507,15.5337,-6.79477,16.5142,-6.79477,16.5142,-4.49507,15.5337,-4.35725,15.8512,-0.0389643,2,-3.33333,-0.382321,0,0.115512,1
-6.31737,16.205,-1.92319,0.5,2,1.92166,-4.55097,15.4482,-6.84897,16.4327,-6.79477,16.5142,-4.55097,15.4482,-4.41923,15.7601,-0.0783352,1,-3.33333,-0.400782,0,0.0982352,1
-6.36674,16.1185,-2.25652,0.5,2,1.9106,-4.5989,15.3939,-6.9121,16.3421,-6.9121,16.3421,-4.5989,15.3939,-4.46966,15.7053,-0.0894016,2,-3.33333,-0.0939471,0,0.117794,1
-6.44168,16.053,-2.58985,0.5,2,1.93118,-4.6091,15.4438,-6.98146,16.2325,-6.9121,16.3421,-4.6091,15.4438,-4.48197,15.7641,-0.0688229,1,3.33333,0.178466,0,0.115309,1
-6.52138,15.9933,-2.33652,0.5,2,1.97048,-4.55113,15.9633,-7.05084,16.0014,-7.05084,16.0014,-4.55113,15.9633,-4.52173,16.3146,-0.0295219,2,3.33333,0.392845,0,0.100042,1
-6.5775,15.9111,-2.00319,0.5,2,2.0024,-4.57529,15.884,-7.07506,15.9178,-7.05084,16.0014,-4.57529,15.884,-4.53515,16.2428,0.00240088,1,3.33333,0.287438,0,0.11106,1
-6.60364,15.815,-1.66985,0.5,2,2.00818,-4.596,15.8615,-7.09533,15.8037,-7.05084,16.0014,-4.596,15.8615,-4.52229,15.4602,0.00817704,1,3.33333,0.0499461,0,0.115648,1
-6.59692,15.7157,-1.33652,0.5,2,1.98495,-4.61203,15.7304,-7.11196,15.7119,-7.05084,16.0014,-4.61203,15.7304,-4.5642,16.0896,-0.0150549,1,-3.33333,-0.236813,0,0.0981028,1
-6.58511,15.6169,-1.61652,0.5,2,1.94223,-4.71461,15.0939,-7.12229,15.767,-7.05084,16.0014,-4.71461,15.0939,-4.56624,15.4182,-0.0577712,1,-3.33333,-0.369066,0,0.115741,1
-6.6061,15.5196,-1.94985,0.5,2,1.92026,-4.71934,15.1624,-7.17573,15.6274,-7.05084,16.0014,-4.71934,15.1624,-4.58198,15.4942,-0.0797447,1,-3.33333,-0.219792,0,0.0999738,1
-6.65776,15.4345,-2.28319,0.5,2,1.94132,-4.73448,15.1704,-7.21125,15.5105,-7.05084,16.0014,-4.73448,15.1704,-4.63988,15.5114,-0.0586807,1,3.33333,0.180007,0,0.117018,1
-6.71423,15.3525,-2.00985,0.5,2,1.97828,-4.78545,15.7922,-7.2229,15.2365,-7.05084,16.0014,-4.78545,15.7922,-4.80122,16.1584,-0.0217168,1,3.33333,0.325776,0,0.113464,1
-6.74101,15.2566,-1.67652,0.5,2,2.01258,-4.78773,15.7415,-7.21408,15.1392,-7.05084,16.0014,-4.78773,15.7415,-4.79699,16.1198,0.0125751,1,3.33333,0.33216,0,0.103239,1
-6.73495,15.1573,-1.34319,0.5,2,2.02067,-4.77465,15.6475,-7.19996,15.041,-7.05084,16.0014,-4.77465,15.6475,-4.79736,16.0216,0.0206711,1,3.33333,0.0718801,0,0.112632,1
-6.69671,15.0654,-1.00985,0.5,2,1.99564,-4.76154,15.5529,-7.1858,14.9421,-7.05084,16.0014,-4.76154,15.5529,-4.80328,15.9139,-0.00436199,1,-3.33333,-0.219094,0,0.114257,1
-6.65272,14.976,-1.27652,0.5,2,1.96323,-4.69053,15.0398,-7.18921,14.9586,-7.05084,16.0014,-4.69053,15.0398,-4.62156,14.6492,-0.0367743,1,-3.33333,-0.323819,0,0.100094,1
-6.64005,14.8773,-1.60985,0.5,2,1.94744,-4.69681,15.0051,-7.19142,14.841,-7.05084,16.0014,-4.69681,15.0051,-4.6726,15.3592,-0.0525627,1,-3.33333,-0.137731,0,0.114632,1
-6.66038,14.7798,-1.94319,0.5,2,1.96816,-4.71468,15.0763,-7.18616,14.6997,-7.05084,16.0014,-4.71468,15.0763,-4.70583,15.44,-0.0318422,1,3.33333,0.173361,0,0.119522,1
-6.68685,14.6839,-1.67652,0.5,2,2.01912,-4.99237,15.7818,-7.09042,14.4224,-7.05084,16.0014,-4.99237,15.7818,-4.72308,15.475,0.0191228,1,3.33333,0.518182,0,0.0983536,1
-6.68079,14.5845,-1.34319,0.5,2,2.06891,-4.94647,15.7125,-7.04217,14.3494,-7.05084,16.0014,-4.94647,15.7125,-5.10066,16.0601,0.0689056,1,3.33333,0.432515,0,0.115101,1
-6.64256,14.4926,-1.00985,0.5,2,2.09018,-4.91257,15.6656,-6.98175,14.2626,-7.05084,16.0014,-4.91257,15.6656,-5.07174,16.0169,0.0901773,1,3.33333,0.210829,0,0.100896,1
-6.57635,14.4183,-0.676519,0.5,2,2.09004,-4.91242,15.683,-6.90273,14.1702,-7.05084,16.0014,-4.91242,15.683,-4.62895,15.3781,0.0900409,1,3.33333,-0.00116453,0,0.117107,1
-6.48948,14.3697,-0.343186,0.5,2,2.0612,-4.78747,15.5323,-6.85181,14.1222,-7.05084,16.0014,-4.78747,15.5323,-4.96748,15.8568,0.0612006,1,-3.33333,-0.252836,0,0.114067,1
-6.39992,14.3261,-0.616519,0.5,2,2.0134,-4.48158,14.9375,-6.86355,14.1784,-7.05084,16.0014,-4.48158,14.9375,-4.52361,15.3102,0.0134034,1,-3.33333,-0.471872,0,0.101293,1
-6.32939,14.2559,-0.949853,0.5,2,1.98338,-4.48499,14.9853,-6.8098,14.0659,-7.05084,16.0014,-4.48499,14.9853,-4.28361,14.6379,-0.0166177,1,-3.33333,-0.267475,0,0.112239,1
-6.28571,14.1665,-1.28319,0.5,2,1.98615,-4.47809,14.9894,-6.75337,13.9536,-7.05084,16.0014,-4.47809,14.9894,-4.58593,15.3338,-0.0138544,1,-3.33333,0.0234621,0,0.117776,1
-6.2737,14.0677,-1.61652,0.5,2,2.02777,-4.50673,15.0625,-6.68519,13.836,-7.05084,16.0014,-4.50673,15.0625,-4.6263,15.4199,0.0277722,1,3.33333,0.423127,0,0.0983784,1
-6.26797,13.9682,-1.34985,0.5,2,2.1004,-4.99395,15.6381,-6.51035,13.6506,-7.05084,16.0014,-4.99395,15.6381,-4.61662,15.4374,0.100399,1,3.33333,0.646319,0,0.112371,1
-6.23034,13.8761,-1.01652,0.5,2,2.1715,-4.88621,15.5816,-6.43368,13.6181,-7.05084,16.0014,-4.88621,15.5816,-5.15362,15.8806,0.171499,1,3.33333,0.609719,0,0.116609,1
-6.16464,13.8013,-0.683186,0.5,2,2.21588,-4.82665,15.5676,-6.3362,13.5748,-7.05084,16.0014,-4.82665,15.5676,-5.1006,15.8767,0.215878,1,3.33333,0.457996,0,0.0968987,1
-6.07809,13.7522,-0.349853,0.5,2,2.23444,-4.79502,15.5815,-6.23058,13.5348,-7.05084,16.0014,-4.79502,15.5815,-4.3819,15.3876,0.234442,1,3.33333,0.161971,0,0.114614,1
-5.98021,13.734,-0.0165193,0.5,2,2.22116,-4.64514,15.5092,-6.14782,13.5112,-7.05084,16.0014,-4.64514,15.5092,-4.93005,15.7999,0.221157,1,3.33333,-0.131542,0,0.100997,1
-5.8818,13.7489,0.316814,0.5,2,2.17934,-4.60549,15.5154,-6.06959,13.489,-7.05084,16.0014,-4.60549,15.5154,-4.87724,15.8225,0.179342,1,-3.33333,-0.363913,0,0.114903,1
-5.78436,13.7694,0.0434807,0.5,2,2.1296,-4.11751,15.0949,-6.07427,13.5389,-7.05084,16.0014,-4.11751,15.0949,-4.29396,15.4535,0.129599,1,-3.33333,-0.431732,0,0.115218,1
-5.68557,13.7572,-0.289853,0.5,2,2.09454,-4.13866,15.1694,-5.98502,13.4838,-7.05084,16.0014,-4.13866,15.1694,-3.79727,14.9095,0.0945427,1,-3.33333,-0.351495,0,0.0997338,1
-5.59623,13.7133,-0.623186,0.5,2,2.09079,-4.12542,15.1993,-5.8841,13.4225,-7.05084,16.0014,-4.12542,15.1993,-4.35294,15.5085,0.09079,1,3.33333,-0.0332544,0,0.112849,1
-5.50922,13.6649,-0.343186,0.5,2,2.11333,-4.69493,15.6151,-5.65821,13.3081,-7.05084,16.0014,-4.69493,15.6151,-5.02006,15.842,0.113329,1,3.33333,0.198799,0,0.113378,1
-5.41123,13.6474,-0.0098526,0.5,2,2.13314,-4.62719,15.6313,-5.54607,13.3063,-7.05084,16.0014,-4.62719,15.6313,-4.19302,15.5549,0.133142,1,3.33333,0.19429,0,0.101975,1
-5.31291,13.663,0.323481,0.5,2,2.11825,-4.46942,15.606,-5.46493,13.3128,-7.05084,16.0014,-4.46942,15.606,-4.80219,15.7958,0.118248,1,3.33333,-0.131077,0,0.113634,1
-5.2251,13.7098,0.656814,0.5,2,2.08116,-4.43312,15.6344,-5.38449,13.3225,-7.05084,16.0014,-4.43312,15.6344,-4.75758,15.842,0.081156,1,-3.33333,-0.317925,0,0.116668,1
-5.14007,13.7617,0.383481,0.5,2,2.03799,-3.91277,15.3887,-5.4183,13.3928,-7.05084,16.0014,-3.91277,15.3887,-3.53802,15.2027,0.0379949,1,-3.33333,-0.43422,0,0.0993994,1
-5.04287,13.7831,0.0501474,0.5,2,2.00272,-3.89052,15.4211,-5.32899,13.3764,-7.05084,16.0014,-3.89052,15.4211,-4.15519,15.6758,0.00272489,1,-3.33333,-0.311246,0,0.113319,1
-4.944,13.7715,-0.283186,0.5,2,1.99544,-3.90955,15.4779,-5.20557,13.34,-7.05084,16.0014,-3.90955,15.4779,-4.18421,15.7278,-0.00456142,1,-3.33333,-0.0622272,0,0.117092,1
-4.85437,13.7282,-0.616519,0.5,2,2.03124,-3.95362,15.5488,-5.06224,13.3081,-7.05084,16.0014,-3.95362,15.5488,-3.55602,15.4311,0.0312412,1,3.33333,0.36132,0,0.0990883,1
-4.76733,13.6799,-0.343186,0.5,2,2.09414,-4.56068,15.7638,-4.80738,13.276,-7.05084,16.0014,-4.56068,15.7638,-4.135,15.7925,0.094137,1,3.33333,0.549084,0,0.114547,1
-4.66934,13.6624,-0.0098526,0.5,2,2.14388,-4.42424,15.7922,-4.71005,13.3086,-7.05084,16.0014,-4.42424,15.7922,-4.8039,15.904,0.143881,1,3.33333,0.50501,0,0.0985012,1
-4.57102,13.6779,0.323481,0.5,2,2.16174,-4.3651,15.8298,-4.60324,13.3412,-7.05084,16.0014,-4.3651,15.8298,-4.75116,15.9496,0.161735,1,3.33333,0.152284,0,0.117243,1
-4.4832,13.7248,0.656814,0.5,2,2.15679,-4.31896,15.8753,-4.50934,13.3826,-7.05084,16.0014,-4.31896,15.8753,-3.88626,15.8968,0.156789,1,3.33333,-0.042791,0,0.115596,1
-4.41555,13.7978,0.990147,0.5,2,2.12748,-4.14637,15.9082,-4.46268,13.4283,-7.05084,16.0014,-4.14637,15.9082,-4.52129,16.0145,0.127481,1,-3.33333,-0.288132,0,0.101717,1
-4.35354,13.8757,0.736814,0.5,2,2.08591,-3.47913,15.7695,-4.52712,13.4998,-7.05084,16.0014,-3.47913,15.7695,-3.79484,15.9927,0.0859134,1,-3.33333,-0.375607,0,0.110668,1
-4.26974,13.9295,0.403481,0.5,2,2.04647,-3.50702,15.8285,-4.43878,13.5086,-7.05084,16.0014,-3.50702,15.8285,-3.10839,15.7259,0.0464671,1,-3.33333,-0.324141,0,0.121695,1
-4.17298,13.9528,0.0701474,0.5,2,2.03416,-3.54503,15.8876,-4.31679,13.5097,-7.05084,16.0014,-3.54503,15.8876,-3.15211,15.796,0.0341644,1,-3.33333,-0.123179,0,0.0998764,1
-4.07391,13.9432,-0.263186,0.5,2,2.05895,-3.50364,15.9216,-4.19607,13.5194,-7.05084,16.0014,-3.50364,15.9216,-3.1038,15.8407,0.0589504,1,3.33333,0.209767,0,0.11816,1
-3.97578,13.9262,-0.0098526,0.5,2,2.11062,-4.2489,16.0191,-3.92539,13.5401,-7.05084,16.0014,-4.2489,16.0191,-3.84104,16.089,0.11062,1,3.33333,0.523914,0,0.0986228,1
-3.87746,13.9417,0.323481,0.5,2,2.15691,-4.23471,16.0689,-3.82063,13.6034,-3.82063,13.6034,-4.23471,16.0689,-3.82132,16.1352,0.15691,2,3.33333,0.414951,0,0.111555,1
-3.78964,13.9886,0.656814,0.5,2,2.16738,-4.00236,16.1455,-3.75699,13.6576,-3.82063,13.6034,-4.00236,16.1455,-3.58292,16.1888,0.167377,1,3.33333,0.0923776,0,0.113302,1
-3.72199,14.0616,0.990147,0.5,2,2.14206,-3.82405,16.2012,-3.70493,13.7041,-3.70493,13.7041,-3.82405,16.2012,-4.20155,16.1842,0.142058,2,-3.33333,-0.254106,0,0.0996362,1
-3.65768,14.1376,0.703481,0.5,2,2.09967,-3.05454,16.1488,-3.77267,13.7542,-3.70493,13.7041,-3.05454,16.1488,-3.40901,16.2564,0.0996695,1,-3.33333,-0.360685,0,0.117523,1
-3.57214,14.1885,0.370147,0.5,2,2.0545,-2.97859,16.1554,-3.70084,13.762,-3.70084,13.762,-2.97859,16.1554,-3.32554,16.2589,0.054503,2,-3.33333,-0.389136,0,0.116069,1
-3.47465,14.2086,0.0368141,0.5,2,2.03136,-2.88444,16.1524,-3.61082,13.7602,-3.70084,13.762,-2.88444,16.1524,-3.22757,16.2532,0.0313613,1,-3.33333,-0.232043,0,0.0997298,1
-3.37595,14.1958,-0.296519,0.5,2,2.03791,-2.81459,16.1548,-3.50324,13.7515,-3.50324,13.7515,-2.81459,16.1548,-3.15981,16.2559,0.0379052,2,3.33333,0.0560896,0,0.116668,1
-3.27801,14.1778,-0.0165193,0.5,2,2.06249,-3.4238,16.2352,-3.24709,13.7414,-3.50324,13.7515,-3.4238,16.2352,-3.02435,16.2598,0.0624914,1,3.33333,0.215215,0,0.11424,1
-3.1796,14.1927,0.316814,0.5,2,2.06981,-3.25732,16.2611,-3.16344,13.7628,-3.16344,13.7628,-3.25732,16.2611,-3.62236,16.2489,0.0698087,2,3.33333,0.0737957,0,0.0991563,1
-3.09147,14.239,0.650147,0.5,2,2.03784,-3.06481,16.2766,-3.09751,13.7769,-3.16344,13.7628,-3.06481,16.2766,-3.424,16.2807,0.0378423,1,-3.33333,-0.270638,0,0.118115,1
-3.00641,14.2908,0.383481,0.5,2,1.98365,-2.35967,16.166,-3.17476,13.8026,-3.17476,13.8026,-2.35967,16.166,-2.68992,16.2826,-0.0163499,2,-3.33333,-0.475855,0,0.113884,1
-2.9092,14.3122,0.0501474,0.5,2,1.93193,-2.27618,16.1375,-3.09533,13.7755,-3.17476,13.8026,-2.27618,16.1375,-2.5976,16.2517,-0.0680671,1,-3.33333,-0.530073,0,0.097566,1
-2.81034,14.3006,-0.283186,0.5,2,1.90903,-2.18172,16.1032,-3.00494,13.7426,-3.00494,13.7426,-2.18172,16.1032,-2.5,16.2113,-0.0909734,2,-3.33333,-0.197449,0,0.116011,1
-2.7207,14.2573,-0.616519,0.5,2,1.92022,-2.24563,16.1178,-2.86414,13.6956,-3.00494,13.7426,-2.24563,16.1178,-2.57182,16.2263,-0.079779,1,-3.33333,0.114046,0,0.0981562,1
-2.65016,14.1871,-0.949853,0.5,2,1.96681,-2.22706,16.1079,-2.76486,13.6664,-2.76486,13.6664,-2.22706,16.1079,-2.56469,16.2072,-0.0331908,2,3.33333,0.39122,0,0.119084,1
-2.58506,14.1117,-0.696519,0.5,2,2.02576,-2.80005,16.126,-2.53473,13.6402,-2.76486,13.6664,-2.80005,16.126,-3.16674,16.128,0.0257583,1,3.33333,0.530692,0,0.11108,1
-2.49917,14.0614,-0.363186,0.5,2,2.08433,-2.72394,16.1336,-2.45434,13.6482,-2.76486,13.6664,-2.72394,16.1336,-3.104,16.1445,0.084326,1,3.33333,0.587439,0,0.0997002,1
-2.40155,14.042,-0.0298526,0.5,2,2.11478,-2.66988,16.1397,-2.35267,13.6599,-2.76486,13.6664,-2.66988,16.1397,-3.06239,16.1651,0.114781,1,3.33333,0.256685,0,0.118649,1
-2.30294,14.0555,0.303481,0.5,2,2.11003,-2.46438,16.1594,-2.2731,13.6667,-2.76486,13.6664,-2.46438,16.1594,-2.84388,16.1642,0.110033,1,3.33333,-0.0427783,0,0.11101,1
-2.2142,14.1006,0.636814,0.5,2,2.07183,-2.44826,16.1592,-2.16583,13.6752,-2.76486,13.6664,-2.44826,16.1592,-2.8328,16.1908,0.0718312,1,-3.33333,-0.379567,0,0.100644,1
-2.12816,14.1508,0.363481,0.5,2,2.02461,-1.8403,16.1548,-2.19576,13.6802,-2.76486,13.6664,-1.8403,16.1548,-1.42633,16.1691,0.0246053,1,-3.33333,-0.41837,0,0.112881,1
-2.03055,14.1702,0.0301474,0.5,2,1.99176,-1.84751,16.1536,-2.07725,13.6641,-2.76486,13.6664,-1.84751,16.1536,-2.20381,16.2655,-0.00823712,1,-3.33333,-0.273848,0,0.119929,1
-1.93193,14.1567,-0.303186,0.5,2,1.99419,-1.84942,16.1492,-1.95286,13.6513,-2.76486,13.6664,-1.84942,16.1492,-2.20718,16.2117,-0.00581372,1,3.33333,0.0244857,0,0.0989725,1
-1.83412,14.1381,-0.0231859,0.5,2,2.02295,-2.54823,16.0308,-1.66571,13.6918,-2.76486,13.6664,-2.54823,16.0308,-2.92372,15.9753,0.0229499,1,3.33333,0.251366,0,0.114429,1
-1.7356,14.1523,0.310147,0.5,2,2.04779,-2.52816,16.0405,-1.56058,13.7354,-2.76486,13.6664,-2.52816,16.0405,-2.1717,16.2453,0.0477858,1,3.33333,0.249676,0,0.0994723,1
-1.64717,14.198,0.643481,0.5,2,2.03968,-2.34038,16.1163,-1.49072,13.7651,-2.76486,13.6664,-2.34038,16.1163,-2.69344,16.0199,0.0396783,1,3.33333,-0.0690869,0,0.117351,1
-1.57855,14.2701,0.976814,0.5,2,2.00302,-2.32783,16.1277,-1.39264,13.8092,-2.76486,13.6664,-2.32783,16.1277,-2.69473,16.0587,0.00302386,1,-3.33333,-0.32487,0,0.112828,1
-1.51414,14.3461,0.703481,0.5,2,1.95644,-1.79678,16.282,-1.43562,13.8082,-2.76486,13.6664,-1.79678,16.282,-1.41862,16.3764,-0.0435601,1,-3.33333,-0.474939,0,0.0980841,1
-1.42861,14.397,0.370147,0.5,2,1.91961,-1.70266,16.2969,-1.34575,13.8225,-2.76486,13.6664,-1.70266,16.2969,-2.04746,16.2784,-0.0803906,1,-3.33333,-0.308147,0,0.119522,1
-1.33112,14.4171,0.0368141,0.5,2,1.91668,-1.76584,16.2838,-1.19882,13.849,-2.76486,13.6664,-1.76584,16.2838,-2.11569,16.2556,-0.0833161,1,-3.33333,-0.0249021,0,0.117481,1
-1.23242,14.4042,-0.296519,0.5,2,1.95931,-1.87065,16.2566,-1.0563,13.893,-2.76486,13.6664,-1.87065,16.2566,-1.51852,16.4372,-0.0406924,1,3.33333,0.419754,0,0.101544,1
-1.1348,14.3845,-0.0365193,0.5,2,2.02562,-2.40702,15.9607,-0.836862,14.0153,-2.76486,13.6664,-2.40702,15.9607,-2.74184,15.786,0.0256224,1,3.33333,0.580179,0,0.114301,1
-1.03611,14.3974,0.296814,0.5,2,2.08075,-2.31731,16.0369,-0.777953,14.0671,-2.76486,13.6664,-2.31731,16.0369,-2.63963,15.8409,0.0807478,1,3.33333,0.477075,0,0.115549,1
-0.947069,14.4419,0.630147,0.5,2,2.11076,-2.2784,16.0798,-0.701557,14.1399,-2.76486,13.6664,-2.2784,16.0798,-2.61852,15.8895,0.110756,1,3.33333,0.306704,0,0.0978398,1
-0.877493,14.5131,0.963481,0.5,2,2.11743,-2.27231,16.1062,-0.625481,14.2252,-2.76486,13.6664,-2.27231,16.1062,-1.99005,16.4244,0.117428,1,3.33333,0.0566643,0,0.117753,1
-0.835038,14.6031,1.29681,0.5,2,2.09043,-2.1307,16.2436,-0.581187,14.2817,-2.76486,13.6664,-2.1307,16.2436,-2.44873,16.0408,0.0904334,1,-3.33333,-0.282289,0,0.0956281,1
-0.79318,14.6934,0.970147,0.5,2,2.05046,-1.58067,16.5866,-0.620529,14.2784,-2.76486,13.6664,-1.58067,16.5866,0.802476,16.44,0.0504558,1,-3.33333,-0.333341,0,0.11993,1
-0.72408,14.7651,0.636814,0.5,2,2.02304,-1.6578,16.5597,-0.503944,14.342,-0.503944,14.342,-1.6578,16.5597,0.827654,16.4577,0.0230401,2,-3.33333,-0.233281,0,0.117522,1
-0.635342,14.8102,0.303481,0.5,2,2.03532,-1.63412,16.5836,-0.407313,14.4053,-0.503944,14.342,-1.63412,16.5836,0.74703,16.5411,0.0136992,2,-3.33333,-0.0929542,0,0.100489,1
-0.536735,14.8237,-0.0298526,0.5,2,2.08276,-1.6799,16.5647,-0.307727,14.475,-0.503944,14.342,-1.6799,16.5647,0.764011,16.5682,0.0170972,2,3.33333,0.0289538,0,0.117362,1
-0.437371,14.8305,0.230147,0.5,2,2.13637,-0.146927,16.947,-0.486807,14.4702,-0.503944,14.342,-0.146927,16.947,-2.29797,15.9402,0.0069796,2,-3.33333,-0.0905439,0,0.111743,1
-0.338522,14.8425,-0.0431859,0.5,2,2.12549,0.37009,16.8463,-0.463379,14.4894,-0.503944,14.342,0.37009,16.8463,-1.9624,16.3821,-0.0271325,2,-3.33333,-0.34358,0,0.0992842,1
-0.241168,14.8217,-0.376519,0.5,2,2.13461,0.40332,16.8567,-0.351486,14.4734,-0.503944,14.342,0.40332,16.8567,-2.01953,16.3445,-0.0470185,2,-3.33333,-0.171827,0,0.115733,1
-0.155957,14.7703,-0.709853,0.5,2,2.17645,0.395294,16.8757,-0.237907,14.4573,-0.503944,14.342,0.395294,16.8757,0.0284008,17.0263,0.176446,1,3.33333,1.92246,0,0.116239,1
-0.0748027,14.7125,-0.456519,0.5,2,2.23976,-0.224926,16.9473,-0.0573599,14.4529,-0.503944,14.342,-0.224926,16.9473,-0.633478,16.9797,0.239763,1,3.33333,0.65199,0,0.0971139,1
0.0205828,14.6841,-0.123186,0.5,2,2.29916,-0.177476,16.9747,0.0378844,14.484,-0.503944,14.342,-0.177476,16.9747,-0.603373,17.0222,0.299156,1,3.33333,0.520127,0,0.114189,1
0.120026,14.6884,0.210147,0.5,2,2.33011,-0.0846928,17.0095,0.134953,14.5192,-0.503944,14.342,-0.0846928,17.0095,-0.522384,17.0792,0.330108,1,3.33333,0.311479,0,0.099371,1
0.212581,14.725,0.543481,0.5,2,2.32439,0.00437993,17.0401,0.22831,14.5501,-0.503944,14.342,0.00437993,17.0401,-0.431627,17.1061,0.324391,1,3.33333,-0.0491487,0,0.116326,1
0.288057,14.7899,0.876814,0.5,2,2.28983,0.0790275,17.0702,0.307242,14.5806,-0.503944,14.342,0.0790275,17.0702,0.531228,17.1996,0.289831,1,-3.33333,-0.296124,0,0.116708,1
0.359305,14.8595,0.610147,0.5,2,2.24266,0.788812,17.0606,0.310021,14.6069,-0.503944,14.342,0.788812,17.0606,0.402406,17.2308,0.242663,1,-3.33333,-0.476384,0,0.0990117,1
0.449214,14.9022,0.276814,0.5,2,2.20326,0.799191,17.0775,0.402078,14.6092,-0.503944,14.342,0.799191,17.0775,0.414716,17.2001,0.203256,1,-3.33333,-0.341296,0,0.115463,1
0.548149,14.9132,-0.0565193,0.5,2,2.19984,0.748997,17.1038,0.520744,14.6142,-0.503944,14.342,0.748997,17.1038,0.357059,17.2072,0.199843,1,3.33333,-0.0292948,0,0.11652,1
0.647622,14.9178,0.210147,0.5,2,2.22259,-0.00369858,17.0428,0.728917,14.6526,-0.503944,14.342,-0.00369858,17.0428,-0.417478,17.0045,0.222588,1,3.33333,0.233211,0,0.0975314,1
0.740176,14.9544,0.543481,0.5,2,2.23894,0.00611392,17.0696,0.825766,14.7078,-0.503944,14.342,0.00611392,17.0696,-0.413305,17.0235,0.238944,1,3.33333,0.139156,0,0.117537,1
0.815652,15.0193,0.876814,0.5,2,2.22667,0.0454163,17.1085,0.910201,14.7629,-0.503944,14.342,0.0454163,17.1085,0.439597,17.3315,0.22667,1,3.33333,-0.106826,0,0.114896,1
0.865741,15.1053,1.21015,0.5,2,2.18808,0.105324,17.157,0.974143,14.8129,-0.503944,14.342,0.105324,17.157,0.494223,17.3651,0.188077,1,-3.33333,-0.389836,0,0.0989987,1
0.911375,15.1938,0.930147,0.5,2,2.13742,0.825844,17.3295,0.925884,14.8315,-0.503944,14.342,0.825844,17.3295,0.430613,17.4,0.137419,1,-3.33333,-0.442826,0,0.114398,1
0.983284,15.2627,0.596814,0.5,2,2.09076,0.830351,17.3478,1.01322,14.8545,-0.503944,14.342,0.830351,17.3478,0.448652,17.3763,0.0907631,1,-3.33333,-0.393407,0,0.118594,1
1.07375,15.3042,0.263481,0.5,2,2.07624,0.817266,17.3645,1.1261,14.8837,-0.503944,14.342,0.817266,17.3645,0.438171,17.3707,0.0762391,1,3.33333,-0.153371,0,0.0946985,1
1.16602,15.3416,0.550147,0.5,2,2.08818,0.105537,17.1404,1.37517,14.9868,-0.503944,14.342,0.105537,17.1404,-0.25214,17.0008,0.0881751,1,3.33333,0.102066,0,0.116943,1
1.24107,15.407,0.883481,0.5,2,2.09345,0.143517,17.1896,1.45421,15.0608,-0.503944,14.342,0.143517,17.1896,-0.221526,17.0532,0.0934532,1,3.33333,0.0529875,0,0.0996104,1
1.29058,15.4933,1.21681,0.5,2,2.07107,0.201734,17.2551,1.51609,15.1284,-0.503944,14.342,0.201734,17.2551,-0.162155,17.1228,0.0710688,1,-3.33333,-0.185617,0,0.120595,1
1.33562,15.5821,0.936814,0.5,2,2.03567,0.751491,17.5322,1.46886,15.1373,-0.503944,14.342,0.751491,17.5322,1.12403,17.7113,0.0356712,1,-3.33333,-0.305317,0,0.115937,1
1.40707,15.6514,0.603481,0.5,2,2.00879,0.733989,17.5441,1.57166,15.1886,-0.503944,14.342,0.733989,17.5441,1.09149,17.7438,0.00878644,1,-3.33333,-0.268815,0,0.100012,1
1.49726,15.6935,0.270147,0.5,2,2.0177,0.758491,17.5711,1.67386,15.2447,-0.503944,14.342,0.758491,17.5711,0.39558,17.4928,0.0176966,1,3.33333,0.0757316,0,0.117655,1
1.58998,15.7299,0.536814,0.5,2,2.05374,0.169612,17.2132,1.89862,15.4075,-0.503944,14.342,0.169612,17.2132,-0.131854,16.992,0.0537388,1,3.33333,0.315464,0,0.114251,1
1.66589,15.7942,0.870147,0.5,2,2.08321,0.171003,17.2451,1.96497,15.504,-0.503944,14.342,0.171003,17.2451,-0.132198,17.0137,0.0832119,1,3.33333,0.300414,0,0.0981082,1
1.71655,15.8799,1.20348,0.5,2,2.08503,0.192794,17.3031,2.01981,15.5967,-0.503944,14.342,0.192794,17.3031,0.417237,17.6713,0.0850282,1,3.33333,0.0156107,0,0.116348,1
1.73639,15.9775,1.53681,0.5,2,2.05724,0.230525,17.3791,2.06048,15.6758,-0.503944,14.342,0.230525,17.3791,0.462186,17.7279,0.0572412,1,-3.33333,-0.239176,0,0.116178,1
1.75002,16.0761,1.27015,0.5,2,2.01579,0.74902,17.8258,1.99047,15.6558,-0.503944,14.342,0.74902,17.8258,1.06878,18.0802,0.0157878,1,-3.33333,-0.426692,0,0.0971504,1
1.79486,16.165,0.936814,0.5,2,1.97993,0.725936,17.8316,2.07563,15.7272,-0.503944,14.342,0.725936,17.8316,1.0254,18.101,-0.0200663,1,-3.33333,-0.308394,0,0.116261,1
1.86631,16.2343,0.603481,0.5,2,1.97594,0.716718,17.8414,2.1712,15.808,-0.503944,14.342,0.716718,17.8414,0.999388,18.1298,-0.0240564,1,-3.33333,-0.0346284,0,0.115228,1
1.9565,16.2764,0.270147,0.5,2,2.00921,0.733975,17.8709,2.25512,15.8869,-0.503944,14.342,0.733975,17.8709,0.41288,17.6919,0.00921464,1,3.33333,0.328062,0,0.101417,1
2.04899,16.3133,0.543481,0.5,2,2.07132,0.234942,17.3131,2.42443,16.1064,-0.503944,14.342,0.234942,17.3131,-0.00538026,17.0151,0.0713191,1,3.33333,0.531428,0,0.116863,1
2.12447,16.3782,0.876814,0.5,2,2.12433,0.227695,17.3347,2.4599,16.209,-0.503944,14.342,0.227695,17.3347,-0.0229346,17.025,0.124325,1,3.33333,0.536499,0,0.0987996,1
2.17455,16.4642,1.21015,0.5,2,2.15286,0.250642,17.4303,2.48478,16.3084,-0.503944,14.342,0.250642,17.4303,-0.00847952,17.1176,0.152858,1,3.33333,0.252591,0,0.112962,1
2.19374,16.5619,1.54348,0.5,2,2.14871,0.271882,17.5228,2.50795,16.4048,-0.503944,14.342,0.271882,17.5228,0.0144909,17.2101,0.148708,1,3.33333,-0.0356567,0,0.116405,1
2.17992,16.6604,1.87681,0.5,2,2.11506,0.286529,17.6031,2.52451,16.4889,-0.503944,14.342,0.286529,17.6031,0.410092,18.0168,0.115058,1,-3.33333,-0.338913,0,0.0992872,1
2.16106,16.7582,1.59681,0.5,2,2.06304,0.741199,18.2549,2.46179,16.4412,-0.503944,14.342,0.741199,18.2549,1.00903,18.5672,0.0630431,1,-3.33333,-0.435512,0,0.119434,1
2.17501,16.8568,1.26348,0.5,2,2.01775,0.788849,18.323,2.50631,16.5063,-0.503944,14.342,0.788849,18.323,1.0367,18.651,0.0177453,1,-3.33333,-0.392146,0,0.115513,1
2.22044,16.9453,0.930147,0.5,2,1.99668,0.801364,18.3499,2.57816,16.5912,-0.503944,14.342,0.801364,18.3499,0.500387,18.1366,-0.00331664,1,-3.33333,-0.213001,0,0.0988817,1
2.29235,17.0141,0.596814,0.5,2,2.01243,0.792255,18.3556,2.65579,16.6891,-0.503944,14.342,0.792255,18.3556,0.516472,18.1155,0.0124321,1,3.33333,0.13678,0,0.115139,1
2.36811,17.0788,0.870147,0.5,2,2.05273,0.453581,17.8192,2.78527,16.9174,-0.503944,14.342,0.453581,17.8192,0.263237,17.4934,0.0527349,1,3.33333,0.411077,0,0.0980419,1
2.41878,17.1644,1.20348,0.5,2,2.08734,0.457893,17.8799,2.80644,17.023,-0.503944,14.342,0.457893,17.8799,0.526344,18.3036,0.0873356,1,3.33333,0.288892,0,0.11977,1
2.43861,17.262,1.53681,0.5,2,2.09479,0.482268,18.0109,2.81704,17.1171,-0.503944,14.342,0.482268,18.0109,0.277545,17.68,0.0947895,1,3.33333,0.0655597,0,0.113697,1
2.42545,17.3606,1.87015,0.5,2,2.06517,0.482959,18.0618,2.83444,17.213,-0.503944,14.342,0.482959,18.0618,0.567801,18.4702,0.065172,1,-3.33333,-0.296214,0,0.0999869,1
2.40664,17.4584,1.59681,0.5,2,2.01793,0.872411,18.7692,2.77316,17.1453,-0.503944,14.342,0.872411,18.7692,1.09833,19.1038,0.0179296,1,-3.33333,-0.406393,0,0.116248,1
2.42059,17.557,1.26348,0.5,2,1.9788,0.918329,18.8449,2.81628,17.2177,-0.503944,14.342,0.918329,18.8449,1.11985,19.1986,-0.0211999,1,-3.33333,-0.318992,0,0.122666,1
2.46603,17.6455,0.930147,0.5,2,1.96665,0.931337,18.8754,2.88223,17.312,-0.503944,14.342,0.931337,18.8754,0.679973,18.6236,-0.0333523,1,-3.33333,-0.120491,0,0.100857,1
2.53794,17.7144,0.596814,0.5,2,1.9897,0.924272,18.8784,2.9518,17.4158,-0.503944,14.342,0.924272,18.8784,0.677662,18.6139,-0.0103046,1,3.33333,0.209628,0,0.109946,1
2.6137,17.779,0.870147,0.5,2,2.03638,0.648037,18.311,3.06121,17.6579,-0.503944,14.342,0.648037,18.311,0.477535,17.9713,0.0363827,1,3.33333,0.392439,0,0.118967,1
2.66436,17.8647,1.20348,0.5,2,2.07844,0.65717,18.4042,3.07147,17.7552,-0.503944,14.342,0.65717,18.4042,0.474703,18.058,0.0784402,1,3.33333,0.431678,0,0.0974279,1
2.6842,17.9622,1.53681,0.5,2,2.09031,0.66462,18.5014,3.08003,17.8565,-0.503944,14.342,0.66462,18.5014,0.69745,18.9289,0.0903053,1,3.33333,0.101538,0,0.116854,1
2.67103,18.0609,1.87015,0.5,2,2.0666,0.673438,18.5905,3.08995,17.9498,-0.503944,14.342,0.673438,18.5905,0.716924,19.0076,0.0666025,1,-3.33333,-0.203015,0,0.116754,1
2.65282,18.1588,1.59015,0.5,2,2.02568,0.991284,19.3175,3.04188,17.8874,-0.503944,14.342,0.991284,19.3175,1.16468,19.6939,0.0256786,1,-3.33333,-0.411013,0,0.0995683,1
2.66743,18.2572,1.25681,0.5,2,1.99392,1.0142,19.3719,3.08704,17.9743,-0.503944,14.342,1.0142,19.3719,0.743501,19.1134,-0.00607777,1,-3.33333,-0.279454,0,0.113637,1
2.71345,18.3455,0.923481,0.5,2,1.99266,1.02522,19.404,3.14329,18.076,-0.503944,14.342,1.02522,19.404,0.795878,19.1237,-0.00734055,1,-3.33333,-0.0127167,0,0.0993011,1
2.78582,18.4138,0.590147,0.5,2,2.02617,0.999939,19.3709,3.20346,18.19,-0.503944,14.342,0.999939,19.3709,0.78029,19.0727,0.0261672,1,3.33333,0.279805,0,0.119754,1
2.8624,18.4775,0.856814,0.5,2,2.0805,0.806998,18.7996,3.27684,18.4125,-0.503944,14.342,0.806998,18.7996,0.679881,18.4359,0.0805011,1,3.33333,0.476375,0,0.114057,1
2.9142,18.5625,1.19015,0.5,2,2.13006,0.809275,18.8887,3.27978,18.5058,-0.503944,14.342,0.809275,18.8887,0.660053,18.5156,0.130057,1,3.33333,0.498108,0,0.0994875,1
2.93534,18.6597,1.52348,0.5,2,2.15073,0.809421,18.9855,3.28058,18.6068,-0.503944,14.342,0.809421,18.9855,0.794991,19.4266,0.150728,1,3.33333,0.176396,0,0.11719,1
2.92349,18.7586,1.85681,0.5,2,2.13428,0.819177,19.115,3.28408,18.6975,-0.503944,14.342,0.819177,19.115,0.671378,18.7433,0.134277,1,3.33333,-0.144408,0,0.113921,1
2.87995,18.8481,2.19015,0.5,2,2.08582,0.822822,19.1928,3.28844,18.7796,-0.503944,14.342,0.822822,19.1928,0.827059,19.6162,0.085819,1,-3.33333,-0.490885,0,0.0987163,1
2.83242,18.9356,1.90348,0.5,2,2.02472,1.01167,19.8212,3.25982,18.7277,-0.503944,14.342,1.01167,19.8212,1.1375,20.2099,0.0247161,1,-3.33333,-0.523266,0,0.116772,1
2.81597,19.0337,1.57015,0.5,2,1.97478,1.01244,19.8381,3.29564,18.8198,-0.503944,14.342,1.01244,19.8381,0.803854,19.5368,-0.0252192,1,-3.33333,-0.418305,0,0.119375,1
2.83255,19.1319,1.23681,0.5,2,1.95885,1.01808,19.87,3.33381,18.928,-0.503944,14.342,1.01808,19.87,0.848748,19.5585,-0.0411476,1,-3.33333,-0.16385,0,0.0972131,1
2.88032,19.2192,0.903481,0.5,2,1.9778,1.00184,19.8381,3.3763,19.0558,-0.503944,14.342,1.00184,19.8381,0.829602,19.516,-0.0221993,1,3.33333,0.162311,0,0.116741,1
2.93304,19.3037,1.17681,0.5,2,2.01602,0.917077,19.2887,3.41701,19.3073,-0.503944,14.342,0.917077,19.2887,0.859953,18.9222,0.0160227,1,3.33333,0.381931,0,0.100076,1
2.95548,19.4006,1.51015,0.5,2,2.04684,0.908721,19.3819,3.40862,19.4048,-0.503944,14.342,0.908721,19.3819,0.843155,19.0082,0.0468407,1,3.33333,0.265556,0,0.116051,1
2.94494,19.4996,1.84348,0.5,2,2.04358,0.901488,19.4774,3.40134,19.5046,-0.503944,14.342,0.901488,19.4774,0.815035,19.8896,0.0435765,1,3.33333,-0.0286095,0,0.114094,1
2.9026,19.5897,2.17681,0.5,2,2.00832,0.894449,19.5644,3.39425,19.5959,-0.503944,14.342,0.894449,19.5644,0.83221,19.9651,0.00831509,1,-3.33333,-0.352677,0,0.0999821,1
2.8557,19.6775,1.89681,0.5,2,1.95825,0.96704,20.1949,3.3782,19.5344,-0.503944,14.342,0.96704,20.1949,1.02609,20.5826,-0.041752,1,-3.33333,-0.428904,0,0.116733,1
2.8399,19.7758,1.56348,0.5,2,1.92051,0.971822,20.2215,3.40357,19.6413,-0.503944,14.342,0.971822,20.2215,0.998511,20.6119,-0.0794861,1,-3.33333,-0.322866,0,0.116873,1
2.85713,19.8738,1.23015,0.5,2,1.91873,0.977046,20.257,3.4267,19.7578,-0.503944,14.342,0.977046,20.257,0.868061,19.9266,-0.0812749,1,-3.33333,-0.0179806,0,0.0994816,1
2.90549,19.9608,0.896814,0.5,2,1.95127,0.976246,20.2532,3.44803,19.8786,-0.503944,14.342,0.976246,20.2532,0.879348,19.9119,-0.0487313,1,3.33333,0.284408,0,0.114426,1
2.95773,20.0456,1.18348,0.5,2,2.00134,0.985643,19.7047,3.4491,20.1306,-0.503944,14.342,0.985643,19.7047,0.996459,19.3392,0.00134087,1,3.33333,0.415349,0,0.120555,1
2.97952,20.1427,1.51681,0.5,2,2.04527,0.971194,19.7557,3.42603,20.2288,-0.503944,14.342,0.971194,19.7557,0.823456,20.1462,0.0452673,1,3.33333,0.444866,0,0.098741,1
2.96832,20.2416,1.85015,0.5,2,2.05249,0.947051,19.885,3.40903,20.3194,-0.503944,14.342,0.947051,19.885,0.935229,19.5014,0.0524879,1,3.33333,0.0609674,0,0.118432,1
2.92538,20.3314,2.18348,0.5,2,2.02898,0.927871,19.9755,3.3891,20.4141,-0.503944,14.342,0.927871,19.9755,0.912795,19.5948,0.0289819,1,-3.33333,-0.23114,0,0.101696,1
2.88011,20.4201,1.87681,0.5,2,1.99109,0.895066,20.5752,3.38747,20.3805,-0.503944,14.342,0.895066,20.5752,0.888259,20.9712,-0.00890839,1,-3.33333,-0.326803,0,0.115942,1
2.86628,20.5187,1.54348,0.5,2,1.96823,0.900029,20.6068,3.39752,20.4949,-0.503944,14.342,0.900029,20.6068,0.861452,21.0024,-0.0317718,1,-3.33333,-0.198239,0,0.115333,1
2.88547,20.6163,1.21015,0.5,2,1.98234,0.903265,20.6393,3.4031,20.6103,-0.503944,14.342,0.903265,20.6393,0.834248,20.2791,-0.0176599,1,3.33333,0.143204,0,0.0985438,1
2.90904,20.7131,1.49681,0.5,2,2.01509,1.00102,20.065,3.36819,20.869,-0.503944,14.342,1.00102,20.065,1.07764,19.7079,0.01509,1,3.33333,0.276214,0,0.118567,1
2.89983,20.8122,1.83015,0.5,2,2.03701,0.972186,20.1537,3.33797,20.9618,-0.503944,14.342,0.972186,20.1537,1.0441,19.7895,0.0370052,1,3.33333,0.187657,0,0.116783,1
2.8587,20.9028,2.16348,0.5,2,2.02521,0.943342,20.2449,3.30773,21.0571,-0.503944,14.342,0.943342,20.2449,0.995355,19.8717,0.0252111,1,-3.33333,-0.122359,0,0.0963889,1
2.81351,20.9915,1.87681,0.5,2,1.99935,0.817968,20.8683,3.31322,21.0224,-0.503944,14.342,0.817968,20.8683,0.72918,21.2647,-0.000653028,1,-3.33333,-0.224508,0,0.115204,1
2.79969,21.0901,1.54348,0.5,2,1.98847,0.827938,20.8328,3.30692,21.1563,-0.503944,14.342,0.827938,20.8328,0.724663,21.2194,-0.0115324,1,-3.33333,-0.0921885,0,0.118013,1
2.81888,21.1878,1.21015,0.5,2,2.01624,0.835352,20.826,3.29478,21.2746,-0.503944,14.342,0.835352,20.826,0.709796,21.2122,0.0162432,1,3.33333,0.274268,0,0.101272,1
2.84537,21.2838,1.46348,0.5,2,2.06361,1.05555,20.2566,3.22386,21.501,-0.503944,14.342,1.05555,20.2566,0.785621,20.5805,0.0636113,1,3.33333,0.415586,0,0.113979,1
2.83946,21.3832,1.79681,0.5,2,2.10186,0.982767,20.398,3.19117,21.5698,-0.503944,14.342,0.982767,20.398,1.11134,20.0354,0.101856,1,3.33333,0.376402,0,0.101606,1
2.80137,21.4751,2.13015,0.5,2,2.10611,0.909192,20.5503,3.15525,21.6481,-0.503944,14.342,0.909192,20.5503,1.04459,20.1965,0.106109,1,3.33333,0.0377799,0,0.112583,1
2.73529,21.5496,2.46348,0.5,2,2.07901,0.869034,20.6334,3.1132,21.7351,-0.503944,14.342,0.869034,20.6334,0.998866,20.2812,0.0790052,1,-3.33333,-0.230935,0,0.117367,1
2.66459,21.6197,2.19681,0.5,2,2.03716,0.663971,21.2356,3.11913,21.707,-0.503944,14.342,0.663971,21.2356,0.688658,20.8664,0.0371621,1,-3.33333,-0.420157,0,0.0995893,1
2.62046,21.7089,1.86348,0.5,2,2.00487,0.691048,21.164,3.09696,21.8435,-0.503944,14.342,0.691048,21.164,0.518189,21.5335,0.00487161,1,-3.33333,-0.287206,0,0.11243,1
2.60795,21.8077,1.53015,0.5,2,2.0116,0.702219,21.1637,3.07065,21.964,-0.503944,14.342,0.702219,21.1637,0.748744,20.791,0.0115969,1,3.33333,0.057605,0,0.116749,1
2.60051,21.9069,1.81015,0.5,2,2.04384,1.09879,20.5205,2.93567,22.2164,-0.503944,14.342,1.09879,20.5205,0.775265,20.779,0.0438437,1,3.33333,0.323636,0,0.0996391,1
2.5612,21.9984,2.14348,0.5,2,2.07019,1.06732,20.5652,2.87135,22.2959,-0.503944,14.342,1.06732,20.5652,0.727196,20.8159,0.0701907,1,3.33333,0.226631,0,0.116255,1
2.49413,22.0719,2.47681,0.5,2,2.06722,0.980065,20.6644,2.8111,22.3666,-0.503944,14.342,0.980065,20.6644,1.18041,20.3342,0.0672228,1,3.33333,-0.0254409,0,0.116656,1
2.40669,22.1195,2.81015,0.5,2,2.03037,0.874565,20.7872,2.76107,22.4277,-0.503944,14.342,0.874565,20.7872,1.08016,20.4808,0.030371,1,-3.33333,-0.378441,0,0.0973781,1
2.31717,22.1631,2.52348,0.5,2,1.97611,0.520202,21.3409,2.79357,22.381,-0.503944,14.342,0.520202,21.3409,0.626255,20.9973,-0.0238934,1,-3.33333,-0.467182,0,0.116152,1
2.24674,22.2334,2.19015,0.5,2,1.9309,0.549608,21.3125,2.74694,22.5048,-0.503944,14.342,0.549608,21.3125,0.659918,20.9718,-0.0690969,1,-3.33333,-0.454119,0,0.0995412,1
2.20321,22.3229,1.85681,0.5,2,1.92471,0.560149,21.3205,2.69431,22.6225,-0.503944,14.342,0.560149,21.3205,0.699869,20.9981,-0.0752888,1,-3.33333,-0.0514007,0,0.120462,1
2.19136,22.4218,1.52348,0.5,2,1.95618,0.594625,21.2917,2.63525,22.7359,-0.503944,14.342,0.594625,21.2917,0.740516,20.9562,-0.0438216,1,3.33333,0.270116,0,0.116495,1
2.18637,22.5212,1.78348,0.5,2,2.00676,1.09887,20.8347,2.45367,22.9358,-0.503944,14.342,1.09887,20.8347,0.720575,20.9935,0.00676417,1,3.33333,0.524389,0,0.096466,1
2.14951,22.6137,2.11681,0.5,2,2.05207,1.07073,20.8681,2.38499,22.9947,-0.503944,14.342,1.07073,20.8681,0.690123,21.033,0.0520663,1,3.33333,0.387423,0,0.116932,1
2.08443,22.689,2.45015,0.5,2,2.07159,0.9678,20.9441,2.31535,23.0498,-0.503944,14.342,0.9678,20.9441,0.575732,21.1056,0.0715861,1,3.33333,0.161445,0,0.120907,1
1.99829,22.7389,2.78348,0.5,2,2.05966,0.831134,21.0418,2.24781,23.1017,-0.503944,14.342,0.831134,21.0418,1.10874,20.7886,0.0596616,1,3.33333,-0.125056,0,0.0953533,1
1.90057,22.7578,3.11681,0.5,2,2.01349,0.762435,21.0968,2.17557,23.1591,-0.503944,14.342,0.762435,21.0968,1.03412,20.8495,0.0134907,1,-3.33333,-0.393656,0,0.117288,1
1.80189,22.7711,2.84348,0.5,2,1.94955,0.243252,21.6,2.24196,23.1018,-0.503944,14.342,0.243252,21.6,0.412073,21.2849,-0.0504454,1,-3.33333,-0.551957,0,0.115835,1
1.71291,22.8157,2.51015,0.5,2,1.89226,0.259553,21.604,2.17968,23.2049,-0.503944,14.342,0.259553,21.604,0.428507,21.2947,-0.10774,1,-3.33333,-0.578389,0,0.0990594,1
1.64342,22.887,2.17681,0.5,2,1.87057,0.291559,21.5941,2.09831,23.322,-0.503944,14.342,0.291559,21.5941,0.480884,21.3031,-0.129425,1,-3.33333,-0.183722,0,0.11803,1
1.60109,22.9771,1.84348,0.5,2,1.88567,0.330143,21.5841,2.01514,23.4309,-0.503944,14.342,0.330143,21.5841,0.0150462,21.7982,-0.114326,1,-3.33333,0.151162,0,0.099886,1
1.59055,23.0761,1.51015,0.5,2,1.93516,0.386549,21.5611,1.94198,23.5183,-0.503944,14.342,0.386549,21.5611,0.0641005,21.7712,-0.0648443,1,3.33333,0.414949,0,0.119248,1
1.58571,23.1755,1.78348,0.5,2,1.99809,0.941319,21.2842,1.74757,23.6506,-0.503944,14.342,0.941319,21.2842,0.541473,21.3532,-0.0019089,1,3.33333,0.544508,0,0.115582,1
1.54884,23.268,2.11681,0.5,2,2.0558,0.855315,21.3327,1.6987,23.6861,-0.503944,14.342,0.855315,21.3327,1.18615,21.1496,0.0558028,1,3.33333,0.593858,0,0.0971811,1
1.48376,23.3433,2.45015,0.5,2,2.09042,0.747682,21.3868,1.62798,23.7267,-0.503944,14.342,0.747682,21.3868,1.08209,21.2005,0.0904157,1,3.33333,0.294321,0,0.117603,1
1.39762,23.3932,2.78348,0.5,2,2.09723,0.662519,21.429,1.53879,23.7704,-0.503944,14.342,0.662519,21.429,0.994856,21.224,0.0972281,1,3.33333,0.0594483,0,0.114593,1
1.2999,23.4121,3.11681,0.5,2,2.06974,0.57777,21.4724,1.45001,23.8153,-0.503944,14.342,0.57777,21.4724,0.907096,21.2761,0.0697429,1,-3.33333,-0.269171,0,0.10211,1
1.20113,23.4248,2.85015,0.5,2,2.02373,-0.0641546,21.8454,1.49891,23.7965,-0.503944,14.342,-0.0641546,21.8454,0.173756,21.5482,0.0237267,1,-3.33333,-0.402134,0,0.11443,1
1.11186,23.4689,2.51681,0.5,2,1.98779,-0.0508435,21.8566,1.41146,23.8843,-0.503944,14.342,-0.0508435,21.8566,-0.41436,22.0355,-0.0122062,1,-3.33333,-0.290068,0,0.123877,1
1.0419,23.5397,2.18348,0.5,2,1.9861,-0.00751412,21.8534,1.31343,23.976,-0.503944,14.342,-0.00751412,21.8534,-0.377407,22.0121,-0.0138952,1,-3.33333,-0.0169224,0,0.099806,1
0.998962,23.6295,1.85015,0.5,2,2.02007,0.0197812,21.8626,1.2316,24.0492,-0.503944,14.342,0.0197812,21.8626,-0.369408,21.9984,0.0200706,1,3.33333,0.293244,0,0.115827,1
0.960665,23.7214,2.13015,0.5,2,2.06971,0.638614,21.6769,1.02762,24.1464,-0.503944,14.342,0.638614,21.6769,1.00024,21.5586,0.0697105,1,3.33333,0.496642,0,0.0999511,1
0.894583,23.7958,2.46348,0.5,2,2.11625,0.532444,21.7108,0.960251,24.1739,-0.503944,14.342,0.532444,21.7108,0.90021,21.6007,0.11625,1,3.33333,0.409026,0,0.113782,1
0.807782,23.8445,2.79681,0.5,2,2.13855,0.445453,21.7369,0.869021,24.2007,-0.503944,14.342,0.445453,21.7369,0.817342,21.6132,0.138551,1,3.33333,0.185012,0,0.120536,1
0.709819,23.8622,3.13015,0.5,2,2.12778,0.389588,21.7586,0.765839,24.2301,-0.503944,14.342,0.389588,21.7586,0.762873,21.6009,0.127775,1,3.33333,-0.109676,0,0.0982491,1
0.611478,23.8468,-2.8197,0.5,2,2.08339,0.301471,21.7866,0.673469,24.2587,-0.503944,14.342,0.301471,21.7866,-0.123669,21.7774,0.0833938,1,-3.33333,-0.376415,0,0.117906,1
0.514387,23.8246,-3.0797,0.5,2,2.01927,-0.385165,22.0168,0.728543,24.255,-0.503944,14.342,-0.385165,22.0168,-0.771584,22.1459,0.0192733,1,-3.33333,-0.563844,0,0.11372,1
0.415396,23.835,2.87015,0.5,2,1.96889,-0.371361,22.0301,0.627625,24.3219,-0.503944,14.342,-0.371361,22.0301,-0.746981,22.1471,-0.031113,1,-3.33333,-0.50863,0,0.0990629,1
0.325259,23.8772,2.53681,0.5,2,1.9538,-0.395614,22.0613,0.526784,24.3849,-0.503944,14.342,-0.395614,22.0613,-0.784554,22.1453,-0.0461986,1,-3.33333,-0.129678,0,0.116331,1
0.2539,23.9466,2.20348,0.5,2,1.97064,-0.412012,22.0919,0.432781,24.4449,-0.503944,14.342,-0.412012,22.0919,-0.091492,21.9366,-0.0293642,1,3.33333,0.143447,0,0.117356,1
0.186608,24.02,2.47681,0.5,2,2.00551,0.148486,22.0149,0.196008,24.5144,-0.503944,14.342,0.148486,22.0149,0.508112,21.9695,0.00551057,1,3.33333,0.349814,0,0.0996952,1
0.0991657,24.0676,2.81015,0.5,2,2.0372,0.0995005,22.0304,0.0990896,24.5304,-0.503944,14.342,0.0995005,22.0304,0.470672,21.9627,0.0372031,1,3.33333,0.275446,0,0.115059,1
0.000976263,24.0839,-3.1397,0.5,2,2.03874,0.00481951,22.0452,0.000106744,24.5452,-0.503944,14.342,0.00481951,22.0452,0.378893,21.964,0.038743,1,3.33333,0.0156251,0,0.0985561,1
-0.0971508,24.0672,-2.80637,0.5,2,2.00667,-0.0899151,22.0606,-0.0989297,24.5605,-0.503944,14.342,-0.0899151,22.0606,0.277436,21.9867,0.0066669,1,-3.33333,-0.269207,0,0.11915,1
-0.194449,24.0461,-3.09304,0.5,2,1.95677,-0.740967,22.1672,-0.0427268,24.5677,-0.503944,14.342,-0.740967,22.1672,-1.12895,22.2292,-0.0432323,1,-3.33333,-0.40324,0,0.123746,1
-0.293294,24.0578,2.85681,0.5,2,1.92285,-0.768782,22.1947,-0.150575,24.6171,-0.503944,14.342,-0.768782,22.1947,-1.16039,22.2249,-0.0771476,1,-3.33333,-0.350036,0,0.0968908,1
-0.382859,24.1013,2.52348,0.5,2,1.92316,-0.796333,22.2231,-0.25884,24.6646,-0.503944,14.342,-0.796333,22.2231,-0.46677,22.112,-0.0768416,1,-3.33333,0.00252314,0,0.121282,1
-0.453287,24.1716,2.19015,0.5,2,1.95603,-0.742878,22.2371,-0.372752,24.7096,-0.503944,14.342,-0.742878,22.2371,-0.400287,22.1286,-0.0439661,1,3.33333,0.292443,0,0.112417,1
-0.520041,24.2455,2.47015,0.5,2,2.00543,-0.153587,22.2738,-0.610413,24.7317,-0.503944,14.342,-0.153587,22.2738,0.216967,22.2773,0.00543475,1,3.33333,0.494918,0,0.0998161,1
-0.607165,24.2936,2.80348,0.5,2,2.05333,-0.228485,22.2755,-0.68954,24.7326,-0.503944,14.342,-0.228485,22.2755,0.157886,22.2612,0.0533316,1,3.33333,0.407904,0,0.117422,1
-0.705243,24.3106,3.13681,0.5,2,2.0694,-0.320101,22.2774,-0.785384,24.7337,-0.503944,14.342,-0.320101,22.2774,0.0707147,22.2599,0.0693984,1,3.33333,0.135246,0,0.118797,1
-0.803479,24.2946,-2.81304,0.5,2,2.05461,-0.382455,22.2835,-0.894747,24.7305,-0.503944,14.342,-0.382455,22.2835,-0.77278,22.1617,0.0546098,1,-3.33333,-0.146515,0,0.100936,1
-0.900546,24.2723,-3.0797,0.5,2,2.02195,-1.16286,22.2674,-0.838527,24.7463,-0.503944,14.342,-1.16286,22.2674,-0.806505,22.1572,0.021951,1,-3.33333,-0.278417,0,0.117302,1
-0.999538,24.2827,2.87015,0.5,2,2.00117,-1.19318,22.2909,-0.951269,24.7792,-0.503944,14.342,-1.19318,22.2909,-0.838779,22.2157,0.00116587,1,-3.33333,-0.211433,0,0.0983056,1
-1.08967,24.3249,2.53681,0.5,2,2.0174,-1.14781,22.3084,-1.07577,24.8073,-0.503944,14.342,-1.14781,22.3084,-0.785,22.2488,0.0174015,1,3.33333,0.142423,0,0.113996,1
-1.17784,24.3712,2.82348,0.5,2,2.05345,-0.516988,22.427,-1.32155,24.794,-0.503944,14.342,-0.516988,22.427,-0.139608,22.4806,0.0534458,1,3.33333,0.296744,0,0.121466,1
-1.27624,24.3862,-3.12637,0.5,2,2.08107,-0.603107,22.417,-1.41174,24.7826,-0.503944,14.342,-0.603107,22.417,-0.212804,22.4576,0.0810704,1,3.33333,0.275957,0,0.100105,1
-1.37413,24.3682,-2.79304,0.5,2,2.07729,-0.664661,22.4158,-1.5185,24.7655,-0.503944,14.342,-0.664661,22.4158,-1.03506,22.2202,0.0772948,1,3.33333,-0.0337024,0,0.112028,1
-1.46075,24.3192,-2.4597,0.5,2,2.04539,-0.758865,22.398,-1.61675,24.7462,-0.503944,14.342,-0.758865,22.398,-1.12164,22.1947,0.0453949,1,-3.33333,-0.263681,0,0.120979,1
-1.54445,24.2652,-2.73304,0.5,2,1.99655,-1.46055,22.2704,-1.5656,24.7682,-0.503944,14.342,-1.46055,22.2704,-1.0989,22.2401,-0.00344968,1,-3.33333,-0.493055,0,0.0990652,1
-1.64109,24.2414,-3.06637,0.5,2,1.95891,-1.4258,22.2943,-1.70055,24.7792,-0.503944,14.342,-1.4258,22.2943,-1.06847,22.2844,-0.0410856,1,-3.33333,-0.319685,0,0.117728,1
-1.74021,24.2505,2.88348,0.5,2,1.96256,-1.39229,22.319,-1.83548,24.7794,-0.503944,14.342,-1.39229,22.319,-1.03108,22.3243,-0.0374384,1,-3.33333,0.0310998,0,0.117274,1
-1.8309,24.2915,2.55015,0.5,2,2.00071,-1.34307,22.3512,-1.95264,24.7757,-1.95264,24.7757,-1.34307,22.3512,-4.1404,23.5361,0.000713825,2,3.33333,0.385477,0,0.098974,1
-1.91912,24.3377,2.82348,0.5,2,2.05796,-0.775088,22.627,-2.16486,24.7051,-1.95264,24.7757,-0.775088,22.627,-3.73533,22.8788,0.0606691,2,3.33333,0.516891,0,0.115992,1
-2.01752,24.3527,-3.12637,0.5,2,2.10831,-0.842478,22.6022,-2.23582,24.6779,-1.95264,24.7757,-0.842478,22.6022,-3.759,22.9489,0.0720191,2,3.33333,0.11211,0,0.10124,1
-2.11542,24.3347,-2.79304,0.5,2,2.11933,-3.73962,22.9732,-1.82369,24.5792,-1.95264,24.7757,-3.73962,22.9732,-0.860131,22.605,0.02988,2,-3.33333,-0.364941,0,0.115468,1
-2.21216,24.3111,-3.06637,0.5,2,1.99935,-4.06185,23.5521,-1.74898,24.5011,-1.95264,24.7757,-4.06185,23.5521,-1.50329,22.288,-0.032196,2,-3.33333,-0.529947,0,0.117136,1
-2.31128,24.3202,2.88348,0.5,2,1.887,-4.01853,23.5164,-1.75667,24.5813,-1.95264,24.7757,-4.01853,23.5164,-1.45783,22.33,-0.0797775,2,-3.33333,-0.493727,0,0.096372,1
-2.40197,24.3612,2.55015,0.5,2,1.79402,-4.02642,23.5998,-1.76273,24.6608,-1.95264,24.7757,-4.02642,23.5998,-1.38918,22.3831,-0.111333,2,-3.33333,-0.267803,0,0.11783,1
-2.47425,24.4296,2.21681,0.5,2,1.72849,-3.97096,23.565,-1.8062,24.8155,-1.95264,24.7757,-3.97096,23.565,-1.32062,22.4326,-0.125981,2,-3.33333,-0.122902,0,0.119185,1
-2.52016,24.5179,1.88348,0.5,2,1.70287,-3.89929,23.5191,-1.87457,24.9855,-1.95264,24.7757,-3.89929,23.5191,-1.2232,22.5143,-0.297129,1,-3.33333,-1.78024,0,0.0961379,1
-2.53464,24.6164,1.55015,0.5,2,1.71865,-3.89233,23.5627,-1.91739,25.0955,-1.95264,24.7757,-3.89233,23.5627,-3.73076,23.2965,-0.281355,1,-3.33333,0.130375,0,0.120994,1
-2.5161,24.7142,1.21681,0.5,2,1.76018,-3.85019,23.566,-1.95537,25.1968,-1.95264,24.7757,-3.85019,23.566,-3.67911,23.2924,-0.239825,1,3.33333,0.351355,0,0.118199,1
-2.4914,24.8107,1.48348,0.5,2,1.81609,-3.37194,23.2223,-2.15981,25.4088,-1.95264,24.7757,-3.37194,23.2223,-3.1152,22.9994,-0.183907,1,3.33333,0.567062,0,0.0986099,1
-2.49929,24.9099,1.81681,0.5,2,1.87171,-3.40398,23.2714,-2.19561,25.4599,-1.95264,24.7757,-3.40398,23.2714,-3.76434,23.3972,-0.128292,1,3.33333,0.462781,0,0.120176,1
-2.53921,25.0011,2.15015,0.5,2,1.90434,-3.48579,23.3487,-2.24313,25.518,-1.95264,24.7757,-3.48579,23.3487,-3.21464,23.1256,-0.0956601,1,3.33333,0.325325,0,0.100305,1
-2.60677,25.0742,2.48348,0.5,2,1.91041,-3.55351,23.4149,-2.31459,25.5863,-1.95264,24.7757,-3.55351,23.4149,-3.27996,23.1948,-0.0895935,1,-3.33333,0.0497565,0,0.121925,1
-2.67801,25.1438,2.20348,0.5,2,1.90444,-3.99495,23.7681,-2.26617,25.574,-1.95264,24.7757,-3.99495,23.7681,-4.31798,23.9847,-0.0955613,1,-3.33333,-0.0498617,0,0.119686,1
-2.72273,25.2327,1.87015,0.5,2,1.91523,-3.94994,23.7623,-2.34804,25.6816,-1.95264,24.7757,-3.94994,23.7623,-4.28737,23.9588,-0.0847656,1,-3.33333,0.108518,0,0.0994832,1
-2.7359,25.3313,1.53681,0.5,2,1.95364,-3.96397,23.812,-2.39246,25.7563,-1.95264,24.7757,-3.96397,23.812,-3.71353,23.5638,-0.0463597,1,3.33333,0.328374,0,0.116958,1
-2.74461,25.4305,1.82348,0.5,2,2.00928,-3.24846,23.4854,-2.62156,25.9056,-1.95264,24.7757,-3.24846,23.4854,-2.91217,23.3121,0.00927901,1,3.33333,0.470075,0,0.118361,1
-2.78514,25.5214,2.15681,0.5,2,2.0649,-3.22939,23.5049,-2.69153,25.9463,-1.95264,24.7757,-3.22939,23.5049,-3.64976,23.5257,0.0649037,1,3.33333,0.558093,0,0.0996692,1
-2.85319,25.5941,2.49015,0.5,2,2.10693,-3.33879,23.5439,-2.76259,25.9766,-1.95264,24.7757,-3.33879,23.5439,-2.98234,23.3712,0.106932,1,3.33333,0.350996,0,0.119741,1
-2.94125,25.6405,2.82348,0.5,2,2.1158,-3.46123,23.5896,-2.84683,26.0129,-1.95264,24.7757,-3.46123,23.5896,-3.10347,23.4454,0.115795,1,3.33333,0.0763576,0,0.116072,1
-3.03965,25.6555,-3.12637,0.5,2,2.09613,-3.51574,23.6141,-2.94792,26.0488,-1.95264,24.7757,-3.51574,23.6141,-3.16022,23.4493,0.0961266,1,3.33333,-0.196237,0,0.100229,1
-3.13755,25.6375,-2.79304,0.5,2,2.04516,-3.56379,23.6372,-3.04275,26.0823,-1.95264,24.7757,-3.56379,23.6372,-3.97962,23.6565,0.045161,1,-3.33333,-0.436959,0,0.116637,1
-3.23415,25.6133,-3.0597,0.5,2,1.97718,-4.26158,23.924,-2.96247,26.06,-1.95264,24.7757,-4.26158,23.924,-3.98202,23.696,-0.0228248,1,-3.33333,-0.678054,0,0.100266,1
-3.33333,25.6217,2.89015,0.5,2,1.92242,-4.21824,23.9151,-3.06747,26.1345,-1.95264,24.7757,-4.21824,23.9151,-3.93819,23.6924,-0.0775774,1,-3.33333,-0.473449,0,0.115646,1
-3.4243,25.6622,2.55681,0.5,2,1.90823,-4.15471,23.8993,-3.19778,26.2089,-1.95264,24.7757,-4.15471,23.8993,-4.53192,23.9891,-0.0917748,1,-3.33333,-0.120553,0,0.11777,1
-3.49703,25.7301,2.22348,0.5,2,1.92972,-4.17611,23.9238,-3.29634,26.2639,-1.95264,24.7757,-4.17611,23.9238,-3.86544,23.7623,-0.070285,1,3.33333,0.211501,0,0.101606,1
-3.56534,25.8026,2.49015,0.5,2,1.96975,-3.57652,23.8328,-3.56233,26.3328,-1.95264,24.7757,-3.57652,23.8328,-3.21834,23.7671,-0.0302502,1,3.33333,0.336245,0,0.119064,1
-3.65341,25.8489,2.82348,0.5,2,2.01342,-3.62624,23.8357,-3.65998,26.3355,-1.95264,24.7757,-3.62624,23.8357,-4.03146,23.7534,0.0134239,1,3.33333,0.374914,0,0.116491,1
-3.75181,25.864,-3.12637,0.5,2,2.02607,-3.75634,23.8379,-3.75075,26.3379,-1.95264,24.7757,-3.75634,23.8379,-3.3901,23.7855,0.0260732,1,3.33333,0.126649,0,0.0998769,1
-3.84971,25.846,-2.79304,0.5,2,2.00067,-3.85073,23.8453,-3.84945,26.3453,-1.95264,24.7757,-3.85073,23.8453,-3.48792,23.788,0.000670433,1,-3.33333,-0.212843,0,0.11935,1
-3.94589,25.8201,-3.0397,0.5,2,1.96448,-4.45971,23.924,-3.80582,26.337,-1.95264,24.7757,-4.45971,23.924,-4.85717,23.965,-0.0355233,1,-3.33333,-0.316497,0,0.114357,1
-4.04522,25.8265,2.91015,0.5,2,1.94443,-4.49125,23.9339,-3.91778,26.3673,-1.95264,24.7757,-4.49125,23.9339,-4.16134,23.7884,-0.0555668,1,-3.33333,-0.201482,0,0.0994804,1
-4.13697,25.8651,2.57681,0.5,2,1.95876,-4.45553,23.9324,-4.04895,26.3991,-1.95264,24.7757,-4.45553,23.9324,-4.11412,23.8209,-0.0412422,1,3.33333,0.1227,0,0.116744,1
-4.22588,25.91,2.83681,0.5,2,1.99667,-3.82653,23.9537,-4.32655,26.4031,-1.95264,24.7757,-3.82653,23.9537,-4.20612,23.8028,-0.0033313,1,3.33333,0.377202,0,0.100506,1
-4.32447,25.9237,-3.11304,0.5,2,2.0341,-3.91421,23.9314,-4.41844,26.38,-1.95264,24.7757,-3.91421,23.9314,-3.5301,23.921,0.034097,1,3.33333,0.316466,0,0.118269,1
-4.42212,25.9044,-2.7797,0.5,2,2.03308,-4.04344,23.9069,-4.50908,26.3631,-1.95264,24.7757,-4.04344,23.9069,-3.67351,23.9268,0.0330825,1,3.33333,-0.00876149,0,0.115787,1
-4.50807,25.8542,-2.44637,0.5,2,2.00541,-4.09684,23.8914,-4.60949,26.3383,-1.95264,24.7757,-4.09684,23.8914,-3.72083,23.8892,0.00541186,1,-3.33333,-0.274138,0,0.100937,1
-4.59104,25.7991,-2.7197,0.5,2,1.96699,-4.65378,23.8331,-4.57404,26.3319,-1.95264,24.7757,-4.65378,23.8331,-5.04822,23.7914,-0.0330117,1,-3.33333,-0.331821,0,0.115796,1
-4.68735,25.774,-3.05304,0.5,2,1.93886,-4.7187,23.8354,-4.67828,26.3351,-1.95264,24.7757,-4.7187,23.8354,-4.37014,23.7877,-0.0611384,1,-3.33333,-0.23519,0,0.119591,1
-4.78659,25.7818,2.89681,0.5,2,1.95095,-4.6174,23.8382,-4.8342,26.3287,-1.95264,24.7757,-4.6174,23.8382,-5.00284,23.7329,-0.0490476,1,-3.33333,0.122202,0,0.0989413,1
-4.87782,25.8216,2.56348,0.5,2,2.00532,-4.56839,23.8403,-4.95415,26.3103,-1.95264,24.7757,-4.56839,23.8403,-4.95586,23.7169,0.00531507,1,3.33333,0.472747,0,0.114993,1
-4.96692,25.866,2.84348,0.5,2,2.07737,-4.05889,23.9976,-5.15165,26.2461,-1.95264,24.7757,-4.05889,23.9976,-3.69898,24.1157,0.0773745,1,3.33333,0.612736,0,0.117603,1
-5.0656,25.8791,-3.10637,0.5,2,2.13734,-4.09467,23.975,-5.23034,26.2021,-1.95264,24.7757,-4.09467,23.975,-3.70725,24.0776,0.137341,1,3.33333,0.621103,0,0.0965481,1
-5.16311,25.8591,-2.77304,0.5,2,2.1692,-4.14085,23.9459,-5.31901,26.1509,-1.95264,24.7757,-4.14085,23.9459,-4.49975,23.705,0.169199,1,3.33333,0.259837,0,0.122608,1
-5.24873,25.8083,-2.4397,0.5,2,2.17711,-4.25307,23.8722,-5.3964,26.0955,-1.95264,24.7757,-4.25307,23.8722,-4.61885,23.6424,0.177114,1,3.33333,0.0792541,0,0.0998659,1
-5.31303,25.7323,-2.10637,0.5,2,2.14952,-4.36018,23.8055,-5.46839,26.0465,-1.95264,24.7757,-4.36018,23.8055,-4.72686,23.5917,0.149522,1,3.33333,-0.242027,0,0.114001,1
-5.34892,25.6395,-1.77304,0.5,2,2.09481,-4.38449,23.7799,-5.53547,25.9992,-5.53547,25.9992,-4.38449,23.7799,-4.7461,23.5929,0.0948067,2,-3.33333,-0.464328,0,0.117838,1
-5.38002,25.5449,-2.05304,0.5,2,2.02579,-5.19046,23.528,-5.4244,26.017,-5.53547,25.9992,-5.19046,23.528,-5.58223,23.4939,0.0198594,2,-3.33333,-0.755148,0,0.0992485,1
-5.44017,25.4656,-2.38637,0.5,2,1.95383,-5.29467,23.5172,-5.48085,26.0103,-5.53547,25.9992,-5.29467,23.5172,-5.67344,23.4886,-0.0461664,1,-3.33333,-0.552679,0,0.119465,1
-5.52296,25.4103,-2.7197,0.5,2,1.89768,-5.3849,23.5177,-5.56679,26.0111,-5.56679,26.0111,-5.3849,23.5177,-5.05161,23.5438,-0.102321,2,-3.33333,-0.494469,0,0.113566,1
-5.61928,25.3852,-3.05304,0.5,2,1.86985,-5.45392,23.5227,-5.67501,26.0129,-5.56679,26.0111,-5.45392,23.5227,-5.81574,23.4926,-0.130154,1,-3.33333,-0.280061,0,0.0993793,1
-5.71851,25.393,2.89681,0.5,2,1.87297,-5.55608,23.5271,-5.77289,26.0177,-5.77289,26.0177,-5.55608,23.5271,-5.22757,23.5576,-0.127032,2,-3.33333,0.0260317,0,0.119911,1
-5.80974,25.4328,2.56348,0.5,2,1.90351,-5.61485,23.5393,-5.87081,26.0261,-5.77289,26.0177,-5.61485,23.5393,-5.28088,23.5733,-0.0964874,1,3.33333,0.260377,0,0.117309,1
-5.89858,25.4778,2.83681,0.5,2,1.94434,-5.1848,23.6692,-6.10256,25.9946,-6.10256,25.9946,-5.1848,23.6692,-4.86835,23.7991,-0.0556607,2,3.33333,0.411944,0,0.0991072,1
-5.99717,25.4915,-3.11304,0.5,2,1.96873,-5.33559,23.6372,-6.17569,25.9919,-6.10256,25.9946,-5.33559,23.6372,-5.69638,23.511,-0.0312659,1,3.33333,0.209525,0,0.11643,1
-6.09481,25.4722,-2.7797,0.5,2,1.9519,-5.5655,23.5934,-6.24345,25.9997,-6.24345,25.9997,-5.5655,23.5934,-5.23432,23.6869,-0.0481006,2,-3.33333,-0.169738,0,0.0991807,1
-6.19137,25.4479,-3.0597,0.5,2,1.90954,-6.33482,23.5437,-6.14702,26.0367,-6.24345,25.9997,-6.33482,23.5437,-5.99944,23.5221,-0.0904589,1,-3.33333,-0.351409,0,0.120539,1
-6.29055,25.4563,2.89015,0.5,2,1.87284,-6.43446,23.589,-6.24236,26.0816,-6.24236,26.0816,-6.43446,23.589,-6.10537,23.5654,-0.127158,2,-3.33333,-0.317949,0,0.115425,1
-6.38152,25.4967,2.55681,0.5,2,1.86486,-6.49554,23.6354,-6.34268,26.1307,-6.24236,26.0816,-6.49554,23.6354,-6.16722,23.6143,-0.135138,1,-3.33333,-0.0808795,0,0.0986652,1
-6.45425,25.5647,2.22348,0.5,2,1.88507,-6.44122,23.6797,-6.4585,26.1796,-6.4585,26.1796,-6.44122,23.6797,-6.10513,23.6617,-0.114929,2,-3.33333,0.172476,0,0.117173,1
-6.50074,25.6527,1.89015,0.5,2,1.92838,-6.38983,23.7275,-6.53362,26.2234,-6.4585,26.1796,-6.38983,23.7275,-6.04236,23.7132,-0.0716226,1,3.33333,0.3643,0,0.118875,1
-6.54214,25.7433,2.16348,0.5,2,1.97446,-5.86819,23.8874,-6.72152,26.2372,-6.72152,26.2372,-5.86819,23.8874,-5.53147,23.9898,-0.0255389,2,3.33333,0.472285,0,0.0975761,1
-6.61066,25.8155,2.49681,0.5,2,2.02021,-5.95105,23.906,-6.76731,26.2689,-6.72152,26.2372,-5.95105,23.906,-5.60098,23.9982,0.0202143,1,3.33333,0.391264,0,0.116937,1
-6.69904,25.8613,2.83015,0.5,2,2.05164,-5.99211,23.9353,-6.85353,26.2822,-6.72152,26.2372,-5.99211,23.9353,-5.62004,24.004,0.0516362,1,3.33333,0.269288,0,0.116685,1
-6.79754,25.8756,-3.1197,0.5,2,2.0591,-6.05111,23.9566,-6.95736,26.2865,-6.72152,26.2372,-6.05111,23.9566,-6.4118,23.7433,0.059103,1,3.33333,0.0750857,0,0.0994437,1
-6.89531,25.857,-2.78637,0.5,2,2.03308,-6.25517,23.9273,-7.04232,26.3001,-6.72152,26.2372,-6.25517,23.9273,-5.89974,24.012,0.0330796,1,-3.33333,-0.215799,0,0.120591,1
-6.99175,25.8321,-3.05304,0.5,2,1.98831,-6.88514,23.8467,-7.01919,26.3431,-6.72152,26.2372,-6.88514,23.8467,-6.52259,23.8119,-0.0116949,1,-3.33333,-0.461489,0,0.0970218,1
-7.09098,25.8399,2.89681,0.5,2,1.96396,-6.8185,23.8949,-7.16535,26.3708,-6.72152,26.2372,-6.8185,23.8949,-7.19985,23.7798,-0.0360361,1,-3.33333,-0.203469,0,0.119631,1
-7.18221,25.8797,2.56348,0.5,2,1.97681,-6.84314,23.9322,-7.27195,26.3951,-6.72152,26.2372,-6.84314,23.9322,-6.48318,23.9462,-0.0231882,1,3.33333,0.109819,0,0.116992,1
-7.27131,25.9241,2.84348,0.5,2,2.00242,-6.27255,24.1886,-7.5195,26.3554,-6.72152,26.2372,-6.27255,24.1886,-5.93191,24.3233,0.00241852,1,3.33333,0.258098,0,0.0992132,1
-7.36999,25.9372,-3.10637,0.5,2,2.02605,-6.32596,24.2009,-7.61422,26.3434,-6.72152,26.2372,-6.32596,24.2009,-5.96693,24.3242,0.026053,1,3.33333,0.200788,0,0.117708,1
-7.46751,25.9172,-2.77304,0.5,2,2.02409,-6.4215,24.1844,-7.71345,26.3247,-6.72152,26.2372,-6.4215,24.1844,-6.06517,24.3106,0.0240948,1,3.33333,-0.0167404,0,0.116971,1
-7.55313,25.8665,-2.4397,0.5,2,1.99128,-6.52114,24.1635,-7.81677,26.3015,-6.72152,26.2372,-6.52114,24.1635,-6.18758,24.3074,-0.00871909,1,-3.33333,-0.328875,0,0.0997764,1
-7.63639,25.8119,-2.72637,0.5,2,1.9479,-7.04124,23.9571,-7.80508,26.3376,-6.72152,26.2372,-7.04124,23.9571,-7.39442,23.7797,-0.0521029,1,-3.33333,-0.363087,0,0.119486,1
-7.73287,25.7874,-3.0597,0.5,2,1.92295,-7.02212,24.0006,-7.94615,26.3236,-6.72152,26.2372,-7.02212,24.0006,-6.66986,24.0657,-0.0770479,1,-3.33333,-0.249562,0,0.0999554,1
-7.83205,25.7958,2.89015,0.5,2,1.93283,-7.02766,24.0383,-8.06809,26.3115,-6.72152,26.2372,-7.02766,24.0383,-6.69099,24.1413,-0.0671682,1,-3.33333,0.0822242,0,0.120156,1
-7.92301,25.8362,2.55681,0.5,2,1.97624,-6.95003,24.1161,-8.18088,26.2921,-6.72152,26.2372,-6.95003,24.1161,-7.26145,23.8584,-0.023762,1,3.33333,0.368264,0,0.117867,1
-8.01182,25.8813,2.83681,0.5,2,2.03856,-6.46082,24.5583,-8.36289,26.1807,-6.72152,26.2372,-6.46082,24.5583,-6.68383,24.214,0.0385623,1,3.33333,0.628811,0,0.0991146,1
-8.1104,25.895,-3.11304,0.5,2,2.09369,-6.56342,24.4842,-8.41062,26.1688,-6.72152,26.2372,-6.56342,24.4842,-6.25646,24.7201,0.0936899,1,3.33333,0.469041,0,0.117533,1
-8.20805,25.8757,-2.7797,0.5,2,2.12508,-6.63541,24.4464,-8.4855,26.1278,-6.72152,26.2372,-6.63541,24.4464,-6.33251,24.6916,0.125082,1,3.33333,0.260112,0,0.120688,1
-8.29401,25.8255,-2.44637,0.5,2,2.13767,-6.66046,24.4466,-8.57089,26.0592,-6.72152,26.2372,-6.66046,24.4466,-6.87361,24.0609,0.137672,1,3.33333,0.131182,0,0.0959748,1
-8.35881,25.7499,-2.11304,0.5,2,2.12577,-6.75613,24.3534,-8.64095,25.9958,-6.72152,26.2372,-6.75613,24.3534,-6.46399,24.6083,0.125766,1,3.33333,-0.101931,0,0.116809,1
-8.39532,25.6573,-1.77971,0.5,2,2.07957,-6.80157,24.3214,-8.71753,25.9274,-6.72152,26.2372,-6.80157,24.3214,-6.50016,24.5645,0.0795686,1,-3.33333,-0.394636,0,0.117063,1
-8.42591,25.5626,-2.04637,0.5,2,2.01878,-7.33375,23.8647,-8.68624,25.9673,-6.72152,26.2372,-7.33375,23.8647,-7.64267,23.5995,0.018784,1,-3.33333,-0.610251,0,0.0996059,1
-8.48553,25.4828,-2.3797,0.5,2,1.97164,-7.45087,23.8045,-8.7628,25.9326,-6.72152,26.2372,-7.45087,23.8045,-7.13754,23.9674,-0.0283589,1,-3.33333,-0.408956,0,0.115276,1
-8.56795,25.427,-2.71304,0.5,2,1.95711,-7.34817,23.8965,-8.90631,25.8516,-6.72152,26.2372,-7.34817,23.8965,-7.02468,24.0643,-0.0428897,1,-3.33333,-0.14199,0,0.102337,1
-8.66409,25.4013,-3.04637,0.5,2,1.9901,-7.27031,23.9807,-9.0212,25.7652,-6.72152,26.2372,-7.27031,23.9807,-7.52391,23.6757,-0.00989568,1,3.33333,0.288362,0,0.114419,1
-8.76146,25.3804,-2.76637,0.5,2,2.04205,-6.95016,24.4375,-9.16766,25.5919,-6.72152,26.2372,-6.95016,24.4375,-6.74297,24.744,0.0420523,1,3.33333,0.442012,0,0.117526,1
-8.84674,25.3291,-2.43304,0.5,2,2.09287,-6.95622,24.4313,-9.2145,25.5038,-6.72152,26.2372,-6.95622,24.4313,-6.71903,24.7429,0.0928719,1,3.33333,0.509944,0,0.0996573,1
-8.91052,25.2527,-2.0997,0.5,2,2.12641,-6.95759,24.4115,-9.25363,25.4005,-6.72152,26.2372,-6.95759,24.4115,-7.07407,23.9997,0.126411,1,3.33333,0.285478,0,0.117485,1
-8.9458,25.1596,-1.76637,0.5,2,2.12389,-7.02414,24.2551,-9.2861,25.3198,-6.72152,26.2372,-7.02414,24.2551,-6.80871,24.5787,0.123886,1,3.33333,-0.0218298,0,0.115683,1
-8.94867,25.0601,-1.43304,0.5,2,2.09114,-7.0253,24.2394,-9.32473,25.2206,-6.72152,26.2372,-7.0253,24.2394,-6.78922,24.5573,0.0911374,1,-3.33333,-0.327964,0,0.0998538,1
-8.94707,24.9606,-1.71971,0.5,2,2.05283,-7.34122,23.6818,-9.29687,25.2391,-6.72152,26.2372,-7.34122,23.6818,-7.5508,23.3239,0.0528269,1,-3.33333,-0.325315,0,0.117764,1
-8.97796,24.8659,-2.05304,0.5,2,2.02661,-7.35161,23.6568,-9.35786,25.1484,-6.72152,26.2372,-7.35161,23.6568,-7.09585,23.9222,0.0266073,1,-3.33333,-0.222169,0,0.118016,1
-9.03811,24.7866,-2.38637,0.5,2,2.04193,-7.30136,23.7128,-9.42772,25.0275,-6.72152,26.2372,-7.30136,23.7128,-7.05057,23.9945,0.0419304,1,3.33333,0.153924,0,0.09955,1
-9.10319,24.7113,-2.1197,0.5,2,2.08718,-7.05064,24.3327,-9.50917,24.7861,-6.72152,26.2372,-7.05064,24.3327,-7.06233,23.9094,0.0871754,1,3.33333,0.395351,0,0.114442,1
-9.14032,24.6189,-1.78637,0.5,2,2.12173,-7.0601,24.2013,-9.51119,24.6934,-6.72152,26.2372,-7.0601,24.2013,-6.9249,24.5666,0.121732,1,3.33333,0.344997,0,0.100165,1
-9.14519,24.5195,-1.45304,0.5,2,2.12644,-7.04642,24.1776,-9.51389,24.5796,-6.72152,26.2372,-7.04642,24.1776,-7.03393,23.7405,0.126435,1,3.33333,0.0384728,0,0.122243,1
-9.11726,24.424,-1.11971,0.5,2,2.10952,-7.03461,24.0883,-9.50277,24.4861,-6.72152,26.2372,-7.03461,24.0883,-6.88402,24.4569,0.109517,1,3.33333,-0.140223,0,0.12065,1
-9.0596,24.3428,-0.786372,0.5,2,2.06213,-7.02915,23.9827,-9.49075,24.4193,-6.72152,26.2372,-7.02915,23.9827,-6.91266,24.3407,0.0621316,1,-3.33333,-0.480703,0,0.0985754,1
-8.99785,24.2647,-1.06637,0.5,2,2.00942,-7.17817,23.4124,-9.44211,24.4728,-6.72152,26.2372,-7.17817,23.4124,-6.95866,23.7145,0.00942016,1,-3.33333,-0.444685,0,0.118537,1
-8.96487,24.1708,-1.39971,0.5,2,1.96633,-7.11946,23.4919,-9.46573,24.355,-6.72152,26.2372,-7.11946,23.4919,-7.20267,23.1037,-0.0336745,1,-3.33333,-0.370654,0,0.116267,1
-8.96443,24.0713,-1.73304,0.5,2,1.95482,-7.10843,23.4576,-9.48205,24.2424,-6.72152,26.2372,-7.10843,23.4576,-6.96133,23.7792,-0.0451832,1,-3.33333,-0.114999,0,0.100076,1
-8.99658,23.9771,-2.06637,0.5,2,1.98477,-7.0658,23.5173,-9.4978,24.0964,-6.72152,26.2372,-7.0658,23.5173,-6.92432,23.8541,-0.0152293,1,3.33333,0.239748,0,0.124939,1
-9.0352,23.8853,-1.80637,0.5,2,2.04718,-7.02913,24.2935,-9.47892,23.795,-6.72152,26.2372,-7.02913,24.2935,-6.90564,23.9039,0.0471847,1,3.33333,0.544347,0,0.114659,1
-9.04205,23.786,-1.47304,0.5,2,2.10116,-6.97033,24.1364,-9.43531,23.7194,-6.72152,26.2372,-6.97033,24.1364,-6.99508,24.5149,0.10116,1,3.33333,0.530699,0,0.101705,1
-9.01604,23.6899,-1.13971,0.5,2,2.12721,-6.93302,24.1212,-9.38108,23.6143,-6.72152,26.2372,-6.93302,24.1212,-6.79069,23.7171,0.127211,1,3.33333,0.222713,0,0.116973,1
-8.96002,23.6076,-0.806372,0.5,2,2.12728,-6.89413,24.115,-9.32198,23.5187,-6.72152,26.2372,-6.89413,24.115,-6.77426,23.7144,0.127281,1,3.33333,0.000602949,0,0.116649,1
-8.88016,23.5482,-0.473038,0.5,2,2.10094,-6.81049,23.9093,-9.27329,23.4796,-6.72152,26.2372,-6.81049,23.9093,-6.84281,24.2856,0.100939,1,-3.33333,-0.264803,0,0.0994791,1
-8.79769,23.4924,-0.759705,0.5,2,2.05904,-6.7564,23.2226,-9.23485,23.5502,-9.23485,23.5502,-6.7564,23.2226,-6.7934,22.8207,0.0590422,2,-3.33333,-0.351451,0,0.11921,1
-8.7379,23.4128,-1.09304,0.5,2,2.02371,-6.72394,23.2144,-9.2119,23.4595,-9.23485,23.5502,-6.72394,23.2144,-6.76269,22.823,-0.0155834,2,-3.33333,-0.730354,0,0.102177,1
-8.70743,23.3181,-1.42637,0.5,2,2.00867,-6.70878,23.1177,-9.1963,23.3671,-9.23485,23.5502,-6.70878,23.1177,-6.66787,23.4705,0.00867438,1,3.33333,0.213435,0,0.113654,1
-8.68184,23.2218,-1.14637,0.5,2,2.00731,-6.707,23.5814,-9.16657,23.1336,-9.16657,23.1336,-6.707,23.5814,-6.77209,23.929,0.00730681,2,3.33333,-0.0114061,0,0.119898,1
-8.62638,23.1392,-0.813038,0.5,2,1.98935,-6.65367,23.396,-9.13275,23.0733,-9.16657,23.1336,-6.65367,23.396,-6.70101,23.7432,-0.0106492,1,-3.33333,-0.183978,0,0.0975988,1
-8.56673,23.0595,-1.09304,0.5,2,1.94816,-6.65854,22.6669,-9.10724,23.1707,-9.10724,23.1707,-6.65854,22.6669,-6.5906,23.0034,-0.0518365,2,-3.33333,-0.348997,0,0.118016,1
-8.53626,22.9647,-1.42637,0.5,2,1.90572,-6.66383,22.6101,-9.12016,23.0753,-9.10724,23.1707,-6.66383,22.6101,-6.59958,22.9402,-0.0942798,1,-3.33333,-0.363891,0,0.116637,1
-8.53848,22.8652,-1.75971,0.5,2,1.88981,-6.68229,22.5103,-9.13781,22.9798,-9.13781,22.9798,-6.68229,22.5103,-6.61816,22.8376,-0.110193,2,-3.33333,-0.159642,0,0.0996794,1
-8.57313,22.7719,-2.09304,0.5,2,1.9042,-6.69741,22.4438,-9.16002,22.8746,-9.13781,22.9798,-6.69741,22.4438,-6.63518,22.7745,-0.0958014,1,-3.33333,0.122395,0,0.117581,1
-8.6364,22.695,-2.42637,0.5,2,1.94479,-6.72128,22.3566,-9.18314,22.7917,-9.18314,22.7917,-6.72128,22.3566,-6.663,22.6943,-0.0552069,2,3.33333,0.345705,0,0.117425,1
-8.704,22.6219,-2.15304,0.5,2,1.99499,-6.71866,22.818,-9.20656,22.5723,-9.18314,22.7917,-6.71866,22.818,-6.75704,23.167,-0.0050056,1,3.33333,0.503547,0,0.0996954,1
-8.74419,22.5309,-1.81971,0.5,2,2.02787,-6.71863,22.6278,-9.21578,22.5083,-9.21578,22.5083,-6.71863,22.6278,-6.73844,22.9843,0.0278726,2,3.33333,0.281814,0,0.116666,1
-8.75236,22.4317,-1.48637,0.5,2,2.02011,-6.73329,22.4964,-9.232,22.4163,-9.21578,22.5083,-6.73329,22.4964,-6.73395,22.8547,0.0201137,1,-3.33333,-0.0788917,0,0.0983482,1
-8.75545,22.3321,-1.76637,0.5,2,1.99797,-6.82743,21.8081,-9.23991,22.4638,-9.21578,22.5083,-6.82743,21.8081,-6.70904,22.1457,-0.00203264,1,-3.33333,-0.187931,0,0.117843,1
-8.79073,22.2391,-2.0997,0.5,2,1.98662,-6.84974,21.8157,-9.29232,22.3485,-9.21578,22.5083,-6.84974,21.8157,-6.7358,22.1564,-0.0133837,1,-3.33333,-0.0972242,0,0.116752,1
-8.85451,22.1627,-2.43304,0.5,2,2.01464,-6.85667,21.9031,-9.33583,22.2252,-9.21578,22.5083,-6.85667,21.9031,-6.74551,22.2583,0.0146358,1,3.33333,0.279221,0,0.100349,1
-8.92215,22.0896,-2.15304,0.5,2,2.06575,-6.90646,22.5416,-9.34588,21.9946,-9.21578,22.5083,-6.90646,22.5416,-6.7596,22.1515,0.0657468,1,3.33333,0.438335,0,0.116602,1
-8.96233,21.9985,-1.81971,0.5,2,2.10627,-6.89295,22.391,-9.34917,21.9252,-9.21578,22.5083,-6.89295,22.391,-6.9091,22.7759,0.106267,1,3.33333,0.336873,0,0.120283,1
-8.97051,21.8993,-1.48637,0.5,2,2.11679,-6.89873,22.3335,-9.34557,21.8207,-9.21578,22.5083,-6.89873,22.3335,-6.90751,22.726,0.116794,1,3.33333,0.106295,0,0.0990371,1
-8.94578,21.8029,-1.15304,0.5,2,2.1039,-6.9038,22.3096,-9.33022,21.7075,-9.21578,22.5083,-6.9038,22.3096,-6.74481,21.9158,0.103898,1,3.33333,-0.110787,0,0.116402,1
-8.89086,21.7199,-0.819705,0.5,2,2.06217,-6.87401,22.1498,-9.31907,21.6286,-9.21578,22.5083,-6.87401,22.1498,-6.90072,22.5253,0.0621667,1,-3.33333,-0.348219,0,0.119843,1
-8.83175,21.6398,-1.09971,0.5,2,2.00515,-6.82783,21.5695,-9.32629,21.6571,-9.21578,22.5083,-6.82783,21.5695,-6.74335,21.933,0.00515342,1,-3.33333,-0.578347,0,0.0985798,1
-8.80191,21.5448,-1.43304,0.5,2,1.96325,-6.84116,21.6439,-9.33798,21.5177,-9.21578,22.5083,-6.84116,21.6439,-6.7663,21.2548,-0.0367471,1,-3.33333,-0.349067,0,0.120036,1
-8.80479,21.4453,-1.76637,0.5,2,1.96062,-6.84846,21.575,-9.34298,21.4096,-9.34298,21.4096,-6.84846,21.575,-6.84836,21.9256,-0.0393765,2,-3.33333,-0.0262589,0,0.100134,1
-8.84006,21.3522,-2.0997,0.5,2,1.99677,-6.87181,21.6885,-9.3361,21.2675,-9.34298,21.4096,-6.87181,21.6885,-6.87295,22.0564,-0.00322664,1,3.33333,0.306516,0,0.117938,1
-8.88118,21.2615,-1.83304,0.5,2,2.05857,-7.17404,22.4119,-9.24725,21.0148,-9.34298,21.4096,-7.17404,22.4119,-6.90783,22.0981,0.0585656,1,3.33333,0.513873,0,0.120248,1
-8.89068,21.1624,-1.49971,0.5,2,2.11692,-7.09686,22.2865,-9.21529,20.959,-9.34298,21.4096,-7.09686,22.2865,-7.25914,22.6353,0.11692,1,3.33333,0.579797,0,0.100646,1
-8.86723,21.0657,-1.16637,0.5,2,2.14787,-7.06939,22.2409,-9.16198,20.873,-9.34298,21.4096,-7.06939,22.2409,-7.22646,22.605,0.147867,1,3.33333,0.266533,0,0.116111,1
-8.81343,20.982,-0.833038,0.5,2,2.16067,-7.04937,22.2296,-9.09047,20.786,-9.34298,21.4096,-7.04937,22.2296,-6.7387,21.9174,0.160675,1,3.33333,0.108105,0,0.11847,1
-8.73518,20.9204,-0.499705,0.5,2,2.14122,-6.94695,22.0982,-9.03482,20.7231,-9.34298,21.4096,-6.94695,22.0982,-7.11928,22.4469,0.141215,1,3.33333,-0.196097,0,0.0992326,1
-8.64112,20.8879,-0.166372,0.5,2,2.09027,-6.9387,22.1008,-8.97482,20.6502,-9.34298,21.4096,-6.9387,22.1008,-7.09319,22.4613,0.0902741,1,-3.33333,-0.439347,0,0.115948,1
-8.54481,20.8625,-0.419705,0.5,2,2.0301,-6.61355,21.4882,-8.99183,20.7177,-9.34298,21.4096,-6.61355,21.4882,-6.42362,21.1212,0.0300975,1,-3.33333,-0.520734,0,0.115561,1
-8.4619,20.8074,-0.753038,0.5,2,1.98254,-6.59719,21.4807,-8.9486,20.6317,-9.34298,21.4096,-6.59719,21.4807,-6.64974,21.8475,-0.0174571,1,-3.33333,-0.486326,0,0.0977834,1
-8.40157,20.7283,-1.08637,0.5,2,1.96277,-6.6051,21.5189,-8.89329,20.5118,-9.34298,21.4096,-6.6051,21.5189,-6.69411,21.8694,-0.0372345,1,-3.33333,-0.164199,0,0.120448,1
-8.37047,20.6337,-1.41971,0.5,2,1.98535,-6.64519,21.6161,-8.8177,20.379,-9.34298,21.4096,-6.64519,21.6161,-6.40652,21.2968,-0.0146453,1,3.33333,0.236702,0,0.095433,1
-8.34425,20.5376,-1.13971,0.5,2,2.03579,-6.97412,22.0434,-8.65667,20.1943,-9.34298,21.4096,-6.97412,22.0434,-7.20938,22.3328,0.0357916,1,3.33333,0.421731,0,0.119595,1
-8.28823,20.4554,-0.806372,0.5,2,2.07894,-6.9188,22.0196,-8.56558,20.1386,-9.34298,21.4096,-6.9188,22.0196,-7.15087,22.3332,0.0789433,1,3.33333,0.369245,0,0.116864,1
-8.20837,20.3959,-0.473038,0.5,2,2.09729,-6.85736,22.0001,-8.46778,20.0879,-9.34298,21.4096,-6.85736,22.0001,-7.09528,22.3159,0.0972946,1,3.33333,0.18308,0,0.100236,1
-8.11347,20.3659,-0.139705,0.5,2,2.08474,-6.74563,21.9392,-8.38593,20.0525,-9.34298,21.4096,-6.74563,21.9392,-6.99677,22.2241,0.0847414,1,3.33333,-0.108909,0,0.115264,1
-8.01397,20.3686,0.193628,0.5,2,2.0412,-6.70447,21.9344,-8.3083,20.0167,-9.34298,21.4096,-6.70447,21.9344,-6.94456,22.2279,0.0412049,1,-3.33333,-0.358397,0,0.121475,1
-7.91489,20.3788,-0.0597052,0.5,2,1.99044,-6.29603,21.5369,-8.32932,20.0823,-9.34298,21.4096,-6.29603,21.5369,-6.0058,21.252,-0.00955772,1,-3.33333,-0.52928,0,0.0959089,1
-7.81789,20.3564,-0.393039,0.5,2,1.95467,-6.28773,21.5727,-8.24478,20.0171,-9.34298,21.4096,-6.28773,21.5727,-6.45569,21.8951,-0.0453252,1,-3.33333,-0.300243,0,0.119128,1
-7.73354,20.3036,-0.726372,0.5,2,1.95058,-6.26998,21.5931,-8.14578,19.9404,-9.34298,21.4096,-6.26998,21.5931,-6.46271,21.8945,-0.0494153,1,-3.33333,-0.0346298,0,0.118112,1
-7.67113,20.226,-1.05971,0.5,2,1.98824,-6.32236,21.6868,-8.01829,19.85,-9.34298,21.4096,-6.32236,21.6868,-5.98158,21.4664,-0.0117646,1,3.33333,0.375806,0,0.100187,1
-7.61372,20.1447,-0.793038,0.5,2,2.05366,-6.79687,22.0289,-7.79125,19.7352,-9.34298,21.4096,-6.79687,22.0289,-6.38772,21.9327,0.0536573,1,3.33333,0.554033,0,0.118083,1
-7.53308,20.0863,-0.459705,0.5,2,2.10753,-6.66448,22.0065,-7.69483,19.7287,-9.34298,21.4096,-6.66448,22.0065,-6.98948,22.2129,0.107531,1,3.33333,0.549206,0,0.098094,1
-7.43778,20.0576,-0.126372,0.5,2,2.13187,-6.63087,22.0308,-7.57712,19.7168,-9.34298,21.4096,-6.63087,22.0308,-6.19902,21.9477,0.131866,1,3.33333,0.205236,0,0.118572,1
-7.33833,20.0616,0.206961,0.5,2,2.1316,-6.53491,22.036,-7.47718,19.7203,-9.34298,21.4096,-6.53491,22.036,-6.10605,21.9489,0.131598,1,3.33333,-0.0021921,0,0.122358,1
-7.24566,20.0979,0.540295,0.5,2,2.10036,-6.3899,22.016,-7.40848,19.7329,-9.34298,21.4096,-6.3899,22.016,-6.71607,22.2151,0.100364,1,-3.33333,-0.323309,0,0.0966067,1
-7.15494,20.1389,0.260295,0.5,2,2.0617,-5.85505,21.7392,-7.43128,19.7987,-9.34298,21.4096,-5.85505,21.7392,-6.10468,22.0269,0.0617034,1,-3.33333,-0.329039,0,0.117496,1
-7.05584,20.1483,-0.0730385,0.5,2,2.03205,-5.9141,21.8292,-7.31876,19.7612,-9.34298,21.4096,-5.9141,21.8292,-5.5428,21.6516,0.0320473,1,-3.33333,-0.241672,0,0.122712,1
-6.95915,20.1246,-0.406372,0.5,2,2.0381,-5.87058,21.8477,-7.20585,19.7341,-9.34298,21.4096,-5.87058,21.8477,-6.15576,22.0851,0.0380993,1,3.33333,0.0603547,0,0.100274,1
-6.86444,20.0938,-0.153039,0.5,2,2.06947,-6.54897,22.1391,-6.93008,19.6683,-9.34298,21.4096,-6.54897,22.1391,-6.91136,22.2764,0.0694659,1,3.33333,0.273416,0,0.114721,1
-6.76492,20.0951,0.180295,0.5,2,2.09911,-6.55753,22.184,-6.80452,19.6962,-9.34298,21.4096,-6.55753,22.184,-6.13078,22.2128,0.0991054,1,3.33333,0.260892,0,0.113608,1
-6.67131,20.129,0.513628,0.5,2,2.10493,-6.43042,22.2201,-6.71652,19.7365,-9.34298,21.4096,-6.43042,22.2201,-6.80355,22.3363,0.104933,1,3.33333,0.0588757,0,0.0989826,1
-6.59393,20.1916,0.846961,0.5,2,2.08001,-6.32341,22.2539,-6.64855,19.7752,-9.34298,21.4096,-6.32341,22.2539,-6.6899,22.366,0.0800142,1,-3.33333,-0.211987,0,0.117549,1
-6.51983,20.2581,0.566961,0.5,2,2.04423,-5.6716,22.118,-6.70895,19.8434,-9.34298,21.4096,-5.6716,22.118,-5.98219,22.3347,0.0442319,1,-3.33333,-0.299257,0,0.119571,1
-6.42817,20.2969,0.233628,0.5,2,2.01502,-5.71873,22.1829,-6.59891,19.843,-9.34298,21.4096,-5.71873,22.1829,-5.3205,22.0964,0.0150211,1,-3.33333,-0.293332,0,0.0995829,1
-6.32885,20.3035,-0.0997052,0.5,2,2.01779,-5.68149,22.2147,-6.48356,19.8468,-9.34298,21.4096,-5.68149,22.2147,-6.00937,22.3882,0.0177932,1,3.33333,0.0237531,0,0.116704,1
-6.22928,20.3045,0.173628,0.5,2,2.03918,-6.26302,22.3434,-6.22166,19.8437,-9.34298,21.4096,-6.26302,22.3434,-6.6308,22.3802,0.0391755,1,3.33333,0.213883,0,0.0999723,1
-6.13545,20.3377,0.506961,0.5,2,2.05726,-6.20892,22.3937,-6.11964,19.8953,-9.34298,21.4096,-6.20892,22.3937,-5.79998,22.467,0.0572631,1,3.33333,0.151771,0,0.119177,1
-6.05766,20.3998,0.840295,0.5,2,2.04967,-6.17011,22.4464,-6.03295,19.9502,-9.34298,21.4096,-6.17011,22.4464,-5.76864,22.4948,0.0496733,1,3.33333,-0.0638832,0,0.118808,1
-6.00446,20.484,1.17363,0.5,2,2.01858,-6.04828,22.5021,-5.99401,20.0026,-9.34298,21.4096,-6.04828,22.5021,-5.65155,22.5364,0.0185792,1,-3.33333,-0.309521,0,0.100459,1
-5.95771,20.5719,0.920295,0.5,2,1.97307,-5.24191,22.4106,-6.14887,20.0809,-9.34298,21.4096,-5.24191,22.4106,-5.55972,22.5689,-0.0269296,1,-3.33333,-0.391422,0,0.116266,1
-5.88512,20.64,0.586961,0.5,2,1.92991,-5.21337,22.4492,-6.08356,20.1056,-6.08356,20.1056,-5.21337,22.4492,-4.85342,22.3322,-0.0700853,2,-3.33333,-0.373376,0,0.115582,1
-5.79425,20.6806,0.253628,0.5,2,1.90282,-5.22306,22.4957,-5.97351,20.111,-6.08356,20.1056,-5.22306,22.4957,-4.871,22.3833,-0.143725,2,-3.33333,-0.71015,0,0.103696,1
-5.69509,20.6893,-0.0797052,0.5,2,1.90031,-5.12154,22.501,-5.87609,20.1175,-6.08356,20.1056,-5.12154,22.501,-4.76908,22.39,-0.0996885,1,3.33333,0.387725,0,0.113576,1
-5.59558,20.6928,0.200295,0.5,2,1.91314,-5.5447,22.6053,-5.61119,20.1062,-5.61119,20.1062,-5.5447,22.6053,-5.88164,22.6124,-0.0868607,2,-3.33333,0.101853,0,0.125945,1
-5.49647,20.7025,-0.0663719,0.5,2,1.92252,-4.87681,22.5224,-5.6826,20.1558,-5.61119,20.1062,-4.87681,22.5224,-4.52376,22.4007,-0.0774803,1,-3.33333,0.0962362,0,0.0974721,1
-5.39962,20.6795,-0.399705,0.5,2,1.93867,-4.7716,22.5136,-5.58146,20.1484,-5.58146,20.1484,-4.7716,22.5136,-5.09525,22.6228,-0.0613332,2,-3.33333,0.136023,0,0.118709,1
-5.31563,20.6261,-0.733038,0.5,2,1.98575,-4.66912,22.5036,-5.48305,20.1398,-5.58146,20.1484,-4.66912,22.5036,-5.0008,22.6138,-0.0142504,1,3.33333,0.469258,0,0.100334,1
-5.2334,20.57,-0.433038,0.5,2,2.04507,-5.24013,22.615,-5.2319,20.115,-5.2319,20.115,-5.24013,22.615,-5.6015,22.6181,0.0450714,2,3.33333,0.509693,0,0.116387,1
-5.13737,20.5438,-0.0997052,0.5,2,2.08637,-5.00227,22.6257,-5.16416,20.131,-5.2319,20.115,-5.00227,22.6257,-5.36889,22.6452,0.0863721,1,3.33333,0.339071,0,0.121806,1
-5.03806,20.5504,0.233628,0.5,2,2.08731,-4.83386,22.6277,-5.07843,20.1397,-5.07843,20.1397,-4.83386,22.6277,-5.20038,22.6668,0.0873125,2,3.33333,0.00948022,0,0.0991878,1
-4.94639,20.5892,0.566961,0.5,2,2.05043,-4.60742,22.6114,-5.02071,20.1458,-5.07843,20.1397,-4.60742,22.6114,-4.96397,22.6687,0.0504253,1,-3.33333,-0.316774,0,0.116446,1
-4.85706,20.6332,0.293628,0.5,2,1.99234,-3.9163,22.3894,-5.09677,20.1857,-5.09677,20.1857,-3.9163,22.3894,-4.22558,22.5565,-0.00766063,2,-3.33333,-0.499018,0,0.1164,1
-4.75832,20.6458,-0.0397052,0.5,2,1.93393,-3.84221,22.349,-5.02647,20.1473,-5.09677,20.1857,-3.84221,22.349,-4.14306,22.5089,-0.0660694,1,-3.33333,-0.555568,0,0.105133,1
-4.6609,20.6254,-0.373039,0.5,2,1.90257,-3.78611,22.3149,-4.93559,20.0949,-4.93559,20.0949,-3.78611,22.3149,-4.0833,22.4715,-0.0974294,2,-3.33333,-0.271346,0,0.115572,1
-4.57551,20.5743,-0.706372,0.5,2,1.90799,-3.81555,22.3244,-4.81131,20.0312,-4.93559,20.0949,-3.81555,22.3244,-4.11954,22.4775,-0.0920094,1,-3.33333,0.0459168,0,0.118039,1
-4.51156,20.498,-1.03971,0.5,2,1.94998,-3.79464,22.3114,-4.71377,19.9865,-4.71377,19.9865,-3.79464,22.3114,-4.10986,22.4599,-0.0500222,2,3.33333,0.411733,0,0.101977,1
-4.45348,20.4171,-0.786372,0.5,2,2.00564,-4.34656,22.4199,-4.47983,19.9234,-4.71377,19.9865,-4.34656,22.4199,-4.70363,22.471,0.00563884,1,3.33333,0.484275,0,0.114937,1
-4.37245,20.3593,-0.453038,0.5,2,2.05605,-4.30223,22.4141,-4.38762,19.9156,-4.71377,19.9865,-4.30223,22.4141,-4.67305,22.4866,0.0560451,1,3.33333,0.437224,0,0.115287,1
-4.27697,20.3311,-0.119705,0.5,2,2.07936,-4.2458,22.4103,-4.28327,19.9105,-4.71377,19.9865,-4.2458,22.4103,-3.83058,22.457,0.07936,1,3.33333,0.222073,0,0.104988,1
-4.17754,20.3358,0.213628,0.5,2,2.06956,-4.04182,22.4009,-4.20577,19.9063,-4.71377,19.9865,-4.04182,22.4009,-4.41095,22.4706,0.0695648,1,3.33333,-0.0847932,0,0.115519,1
-4.08511,20.3728,0.546961,0.5,2,2.02748,-3.99096,22.398,-4.10706,19.9007,-4.71377,19.9865,-3.99096,22.398,-4.35628,22.4784,0.0274763,1,-3.33333,-0.425677,0,0.0988744,1
-3.99492,20.415,0.273628,0.5,2,1.97466,-3.43996,22.31,-4.14257,19.9108,-4.71377,19.9865,-3.43996,22.31,-3.04789,22.248,-0.0253448,1,-3.33333,-0.453909,0,0.11637,1
-3.89595,20.4256,-0.0597052,0.5,2,1.9339,-3.41432,22.2985,-4.03694,19.8773,-4.71377,19.9865,-3.41432,22.2985,-3.73996,22.4432,-0.0661011,1,-3.33333,-0.338692,0,0.120334,1
-3.79895,20.4032,-0.393039,0.5,2,1.92646,-3.41423,22.2909,-3.91349,19.8413,-4.71377,19.9865,-3.41423,22.2909,-3.74586,22.4047,-0.0735419,1,-3.33333,-0.076963,0,0.0966802,1
-3.71461,20.3504,-0.726372,0.5,2,1.9605,-3.48865,22.2978,-3.77678,19.8145,-4.71377,19.9865,-3.48865,22.2978,-3.8364,22.4115,-0.0394973,1,3.33333,0.292088,0,0.116556,1
-3.63305,20.2933,-0.446372,0.5,2,2.01742,-4.16962,22.238,-3.50469,19.8281,-4.71377,19.9865,-4.16962,22.238,-3.79498,22.3861,0.0174158,1,3.33333,0.479432,0,0.118709,1
-3.53738,20.2658,-0.113039,0.5,2,2.06657,-4.02062,22.2751,-3.43602,19.8444,-4.71377,19.9865,-4.02062,22.2751,-4.40246,22.2531,0.066566,1,3.33333,0.501319,0,0.0980418,1
-3.43798,20.2711,0.220295,0.5,2,2.08341,-3.92865,22.2959,-3.33987,19.8663,-4.71377,19.9865,-3.92865,22.2959,-1.77128,21.916,0.0834136,1,3.33333,0.141376,0,0.119169,1
-3.34581,20.3087,0.553628,0.5,2,2.07579,-3.87327,22.3164,-3.23801,19.8984,-3.23801,19.8984,-3.87327,22.3164,-1.70701,21.8759,0.0757942,2,3.33333,-0.0656419,0,0.116075,1
-3.27099,20.3744,0.886961,0.5,2,2.04078,-3.79295,22.3473,-3.15354,19.9304,-3.23801,19.8984,-3.79295,22.3473,-1.66657,21.8611,0.0229209,2,-3.33333,-0.529163,0,0.0999186,1
-3.19962,20.4438,0.606961,0.5,2,1.98585,-3.05335,22.4242,-3.23748,19.931,-3.23801,19.8984,-3.05335,22.4242,-1.26785,21.2948,-0.0467082,2,-3.33333,-0.590808,0,0.117854,1
-3.10957,20.4862,0.273628,0.5,2,1.94083,-3.13252,22.4269,-3.10296,19.9271,-3.23801,19.8984,-3.13252,22.4269,-1.19786,21.2461,-0.101652,2,-3.33333,-0.552118,0,0.099514,1
-3.0106,20.4968,-0.0597052,0.5,2,1.93459,-3.19868,22.4223,-2.95563,19.9341,-3.23801,19.8984,-3.19868,22.4223,-1.23387,21.3473,-0.140163,2,-3.33333,-0.330845,0,0.116401,1
-2.9136,20.4745,-0.393039,0.5,2,1.901,-1.30997,21.4953,-3.4189,20.1528,-3.23801,19.8984,-1.30997,21.4953,-3.3071,22.412,-0.161132,2,-3.33333,-0.167304,0,0.125337,1
-2.82925,20.4216,-0.726372,0.5,2,1.88083,-1.31503,21.5373,-3.32774,20.0544,-3.23801,19.8984,-1.31503,21.5373,-3.37303,22.3983,-0.119172,1,3.33333,0.425481,0,0.0986177,1
-2.74804,20.364,-0.453038,0.5,2,1.88697,-1.74929,21.965,-3.07251,19.8439,-3.07251,19.8439,-1.74929,21.965,-4.04169,22.0781,-0.113032,2,-3.33333,0.0523678,0,0.117238,1
-2.66348,20.3114,-0.719705,0.5,2,1.89881,-1.26945,21.6007,-3.10484,19.9032,-3.07251,19.8439,-1.26945,21.6007,-3.33796,22.4168,-0.101188,1,-3.33333,0.0938604,0,0.126188,1
-2.60055,20.2343,-1.05304,0.5,2,1.92491,-1.2315,21.5875,-3.00956,19.83,-3.07251,19.8439,-1.2315,21.5875,-1.44094,21.87,-0.0750864,1,3.33333,0.267315,0,0.0976449,1
-2.54163,20.154,-0.773038,0.5,2,1.96864,-1.63896,21.9035,-2.78527,19.6818,-3.07251,19.8439,-1.63896,21.9035,-1.93621,22.0988,-0.0313647,1,3.33333,0.36946,0,0.118339,1
-2.45984,20.0973,-0.439705,0.5,2,2.00693,-1.57397,21.8982,-2.67748,19.6549,-3.07251,19.8439,-1.57397,21.8982,-1.8773,22.1033,0.00692725,1,3.33333,0.32575,0,0.11755,1
-2.36399,20.0705,-0.106372,0.5,2,2.01167,-1.5108,21.8923,-2.5711,19.6282,-3.07251,19.8439,-1.5108,21.8923,-1.81151,22.1188,0.0116696,1,3.33333,0.0480876,0,0.0986196,1
-2.26463,20.0765,0.226961,0.5,2,1.98757,-1.42476,21.8779,-2.48116,19.612,-3.07251,19.8439,-1.42476,21.8779,-1.72184,22.1027,-0.0124285,1,-3.33333,-0.204349,0,0.117926,1
-2.16562,20.0869,-0.0597052,0.5,2,1.95076,-0.926862,21.5939,-2.5144,19.6627,-3.07251,19.8439,-0.926862,21.5939,-0.600606,21.3807,-0.0492429,1,-3.33333,-0.370407,0,0.0993889,1
-2.06862,20.0646,-0.393039,0.5,2,1.92693,-0.895055,21.5929,-2.41764,19.6101,-3.07251,19.8439,-0.895055,21.5929,-0.544082,21.4125,-0.0730656,1,-3.33333,-0.200085,0,0.119063,1
-1.98427,20.0118,-0.726372,0.5,2,1.93917,-0.854938,21.5881,-2.31089,19.5558,-3.07251,19.8439,-0.854938,21.5881,-1.11435,21.8259,-0.0608329,1,-3.33333,0.104521,0,0.117037,1
-1.92186,19.9342,-1.05971,0.5,2,1.98753,-0.876971,21.6249,-2.19127,19.4983,-3.07251,19.8439,-0.876971,21.6249,-1.1555,21.8583,-0.0124702,1,3.33333,0.486857,0,0.0993364,1
-1.86348,19.8536,-0.779705,0.5,2,2.05736,-1.44718,21.8684,-1.95304,19.4201,-3.07251,19.8439,-1.44718,21.8684,-1.8,22.0257,0.0573597,1,3.33333,0.588451,0,0.118667,1
-1.78206,19.7963,-0.446372,0.5,2,2.12067,-1.35654,21.8738,-1.85818,19.4247,-3.07251,19.8439,-1.35654,21.8738,-1.72045,22.0366,0.120668,1,3.33333,0.500793,0,0.126416,1
-1.68639,19.7688,-0.113039,0.5,2,2.1502,-1.25857,21.876,-1.756,19.426,-3.07251,19.8439,-1.25857,21.876,-0.81514,21.8746,0.150196,1,3.33333,0.299349,0,0.0986396,1
-1.587,19.7742,0.220295,0.5,2,2.1488,-1.16308,21.8807,-1.65629,19.4299,-3.07251,19.8439,-1.16308,21.8807,-0.724339,21.8694,0.1488,1,3.33333,-0.0115707,0,0.120645,1
-1.49482,19.8117,0.553628,0.5,2,2.11753,-1.00842,21.8726,-1.58268,19.4395,-3.07251,19.8439,-1.00842,21.8726,-1.36818,22.0219,0.117531,1,-3.33333,-0.268457,0,0.116478,1
-1.40517,19.8551,0.286961,0.5,2,2.07165,-0.383196,21.6571,-1.61647,19.4825,-3.07251,19.8439,-0.383196,21.6571,-0.684864,21.8826,0.0716534,1,-3.33333,-0.463807,0,0.0989145,1
-1.30635,19.867,-0.0463719,0.5,2,2.03215,-0.394625,21.6832,-1.51625,19.4489,-3.07251,19.8439,-0.394625,21.6832,-0.702903,21.8839,0.032151,1,-3.33333,-0.341732,0,0.115595,1
-1.20906,19.846,-0.379705,0.5,2,2.02931,-0.456897,21.7307,-1.38352,19.4088,-3.07251,19.8439,-0.456897,21.7307,-0.772042,21.946,0.0293136,1,3.33333,-0.0286207,0,0.0991385,1
-1.1122,19.823,-0.0663719,0.5,2,2.0553,-1.15514,21.8778,-1.10291,19.3784,-3.07251,19.8439,-1.15514,21.8778,-1.53368,21.9522,0.055299,1,3.33333,0.216909,0,0.119799,1
-1.01316,19.833,0.266961,0.5,2,2.07167,-1.13226,21.9012,-0.988541,19.4053,-3.07251,19.8439,-1.13226,21.9012,-0.720586,21.9957,0.0716705,1,3.33333,0.135711,0,0.120635,1
-0.922839,19.8748,0.600295,0.5,2,2.0602,-1.04481,21.9314,-0.896801,19.4358,-3.07251,19.8439,-1.04481,21.9314,-0.636834,22.0166,0.0601985,1,3.33333,-0.119407,0,0.096075,1
-0.85117,19.9439,0.933628,0.5,2,2.0195,-0.90378,21.9627,-0.838652,19.4635,-3.07251,19.8439,-0.90378,21.9627,-1.27343,22.0207,0.0194974,1,-3.33333,-0.349546,0,0.11644,1
-0.78355,20.017,0.660295,0.5,2,1.96527,-0.17077,21.8842,-0.950283,19.5089,-3.07251,19.8439,-0.17077,21.8842,-0.494731,22.0292,-0.0347345,1,-3.33333,-0.459427,0,0.118042,1
-0.695895,20.0641,0.326961,0.5,2,1.91326,-0.192112,21.9099,-0.850391,19.4981,-3.07251,19.8439,-0.192112,21.9099,-0.513693,22.0407,-0.0867416,1,-3.33333,-0.52509,0,0.099044,1
-0.597633,20.08,-0.00637187,0.5,2,1.89012,-0.225163,21.9331,-0.717819,19.4821,-3.07251,19.8439,-0.225163,21.9331,-0.550761,22.0468,-0.109885,1,-3.33333,-0.194166,0,0.119193,1
-0.499582,20.0629,-0.339705,0.5,2,1.90842,-0.28474,21.9592,-0.566179,19.4751,-3.07251,19.8439,-0.28474,21.9592,0.101543,21.9736,-0.0915751,1,-3.33333,0.155275,0,0.117917,1
-0.412536,20.0146,-0.673038,0.5,2,1.96485,-0.324692,21.9775,-0.436461,19.48,-3.07251,19.8439,-0.324692,21.9775,0.0717517,22.0222,-0.0351471,1,3.33333,0.567056,0,0.0995106,1
-0.328049,19.9619,-0.393039,0.5,2,2.04138,-0.941237,21.909,-0.190288,19.5245,-3.07251,19.8439,-0.941237,21.909,-0.571364,22.104,0.0413766,1,3.33333,0.63725,0,0.120084,1
-0.231051,19.9396,-0.0597052,0.5,2,2.10972,-0.903231,21.9393,-0.106702,19.5696,-3.07251,19.8439,-0.903231,21.9393,-0.52057,22.1155,0.109717,1,3.33333,0.680726,0,0.100393,1
-0.132082,19.9502,0.273628,0.5,2,2.14752,-0.74839,22.0074,-0.0309253,19.6125,-3.07251,19.8439,-0.74839,22.0074,-1.15319,21.9824,0.147521,1,3.33333,0.320483,0,0.117961,1
-0.0420374,19.9926,0.606961,0.5,2,2.15412,-0.591431,22.0755,0.0461781,19.6582,-3.07251,19.8439,-0.591431,22.0755,-0.977809,22.02,0.154116,1,3.33333,0.0546366,0,0.120713,1
0.0291699,20.0622,0.940295,0.5,2,2.12913,-0.517393,22.1199,0.124375,19.7037,-3.07251,19.8439,-0.517393,22.1199,-0.903859,22.0745,0.12913,1,3.33333,-0.246031,0,0.101556,1
0.0737012,20.1512,1.27363,0.5,2,2.07772,-0.463118,22.1584,0.182807,19.7432,-3.07251,19.8439,-0.463118,22.1584,-0.846226,22.1264,0.0777166,1,-3.33333,-0.442623,0,0.116157,1
0.113075,20.2426,1.00029,0.5,2,2.01365,0.312633,22.2464,0.0648764,19.7587,-3.07251,19.8439,0.312633,22.2464,-0.0458625,22.3503,0.0136521,1,-3.33333,-0.540139,0,0.118607,1
0.179983,20.3163,0.666961,0.5,2,1.9557,0.309121,22.2678,0.144043,19.7732,-3.07251,19.8439,0.309121,22.2678,0.70548,22.3072,-0.0442979,1,-3.33333,-0.590435,0,0.098148,1
0.267322,20.3641,0.333628,0.5,2,1.91829,0.263461,22.2824,0.268493,19.7824,-3.07251,19.8439,0.263461,22.2824,0.647423,22.3408,-0.0817125,1,-3.33333,-0.312918,0,0.119567,1
0.365475,20.3806,0.000294793,0.5,2,1.91626,0.264627,22.2942,0.396196,19.7977,-3.07251,19.8439,0.264627,22.2942,0.646538,22.3847,-0.0837412,1,-3.33333,-0.0160416,0,0.126465,1
0.463639,20.3641,-0.333039,0.5,2,1.95335,0.228355,22.3033,0.529483,19.8215,-3.07251,19.8439,0.228355,22.3033,0.608647,22.3961,-0.0466487,1,3.33333,0.37428,0,0.0991034,1
0.560733,20.3421,-0.0597052,0.5,2,2.01245,-0.370972,22.1258,0.786455,19.9099,-3.07251,19.8439,-0.370972,22.1258,-0.727198,22.0157,0.0124476,1,3.33333,0.490468,0,0.12049,1
0.659702,20.3527,0.273628,0.5,2,2.06555,-0.299737,22.1819,0.861502,19.9679,-3.07251,19.8439,-0.299737,22.1819,-0.649011,22.0473,0.0655499,1,3.33333,0.540139,0,0.0983122,1
0.749746,20.3951,0.606961,0.5,2,2.09192,-0.22513,22.246,0.939917,20.0341,-3.07251,19.8439,-0.22513,22.246,-0.592002,22.1264,0.0919235,1,3.33333,0.224422,0,0.117518,1
0.820953,20.4647,0.940295,0.5,2,2.08481,-0.153778,22.3076,1.01507,20.0976,-3.07251,19.8439,-0.153778,22.3076,-0.52109,22.1902,0.0848055,1,3.33333,-0.0603524,0,0.11794,1
0.865484,20.5537,1.27363,0.5,2,2.04571,-0.094077,22.3604,1.07858,20.1525,-3.07251,19.8439,-0.094077,22.3604,0.233742,22.6235,0.0457075,1,-3.33333,-0.391472,0,0.0998744,1
0.904858,20.6451,1.00029,0.5,2,1.99254,0.616792,22.6167,0.978223,20.143,-3.07251,19.8439,0.616792,22.6167,1.00354,22.7475,-0.00746024,1,-3.33333,-0.442673,0,0.120106,1
0.971767,20.7188,0.666961,0.5,2,1.94664,0.626581,22.6346,1.06989,20.1742,-3.07251,19.8439,0.626581,22.6346,0.999652,22.7512,-0.0533621,1,-3.33333,-0.390647,0,0.117502,1
1.05911,20.7666,0.333628,0.5,2,1.9292,0.621348,22.6455,1.18863,20.2107,-3.07251,19.8439,0.621348,22.6455,0.984468,22.7873,-0.0708042,1,-3.33333,-0.175566,0,0.0993481,1
1.15726,20.7831,0.000294793,0.5,2,1.94587,0.65308,22.6625,1.30083,20.2479,-3.07251,19.8439,0.65308,22.6625,0.302914,22.6139,-0.0541261,1,-3.33333,0.133641,0,0.124798,1
1.25542,20.7666,-0.333039,0.5,2,1.99763,0.640836,22.6674,1.40998,20.2886,-3.07251,19.8439,0.640836,22.6674,0.285923,22.5963,-0.0023725,1,3.33333,0.410111,0,0.126194,1
1.35226,20.7434,-0.0730385,0.5,2,2.06999,0.0268203,22.3334,1.6276,20.4131,-3.07251,19.8439,0.0268203,22.3334,-0.292954,22.133,0.0699911,1,3.33333,0.739312,0,0.0978797,1
1.45136,20.7527,0.260295,0.5,2,2.14007,0.0497869,22.3699,1.68709,20.4807,-3.07251,19.8439,0.0497869,22.3699,-0.287414,22.1651,0.140067,1,3.33333,0.593447,0,0.118083,1
1.54196,20.7939,0.593628,0.5,2,2.1851,0.108057,22.4427,1.74861,20.5563,-3.07251,19.8439,0.108057,22.4427,-0.254308,22.2479,0.1851,1,3.33333,0.378913,0,0.118847,1
1.61409,20.8625,0.926961,0.5,2,2.19884,0.197448,22.5442,1.80812,20.6322,-3.07251,19.8439,0.197448,22.5442,-0.158039,22.3437,0.198841,1,3.33333,0.14119,0,0.0973248,1
1.65981,20.9509,1.26029,0.5,2,2.17651,0.225892,22.5883,1.87292,20.7076,-3.07251,19.8439,0.225892,22.5883,0.505947,22.9327,0.176511,1,3.33333,-0.18545,0,0.120409,1
1.67407,21.0494,1.59363,0.5,2,2.12529,0.29923,22.6701,1.91647,20.7637,-3.07251,19.8439,0.29923,22.6701,0.575931,23.0057,0.125292,1,-3.33333,-0.508978,0,0.100631,1
1.68328,21.1486,1.31363,0.5,2,2.06084,0.869276,23.0418,1.85674,20.7451,-3.07251,19.8439,0.869276,23.0418,1.2247,23.258,0.0608416,1,-3.33333,-0.534726,0,0.12053,1
1.72422,21.2393,0.980295,0.5,2,2.00623,0.871063,23.0551,1.93419,20.7924,-3.07251,19.8439,0.871063,23.0551,1.20597,23.2924,0.00623465,1,-3.33333,-0.452558,0,0.120663,1
1.79259,21.3116,0.646961,0.5,2,1.98296,0.890248,23.0774,2.02787,20.8512,-3.07251,19.8439,0.890248,23.0774,0.549221,22.9576,-0.0170442,1,-3.33333,-0.2431,0,0.0957583,1
1.88086,21.3576,0.313628,0.5,2,1.99103,0.886268,23.0824,2.13511,20.9167,-3.07251,19.8439,0.886268,23.0824,0.555031,22.9394,-0.00896931,1,3.33333,0.0663279,0,0.121742,1
1.97166,21.3985,0.586961,0.5,2,2.02038,0.455445,22.7338,2.3316,21.0815,-3.07251,19.8439,0.455445,22.7338,0.178277,22.4919,0.0203831,1,3.33333,0.239994,0,0.122305,1
2.04425,21.4666,0.920295,0.5,2,2.04486,0.50734,22.8155,2.38633,21.1664,-3.07251,19.8439,0.50734,22.8155,0.21814,22.5757,0.0448561,1,3.33333,0.256715,0,0.0953311,1
2.09055,21.5547,1.25363,0.5,2,2.0331,0.53705,22.8663,2.44731,21.2535,-3.07251,19.8439,0.53705,22.8663,0.748268,23.2226,0.0330961,1,-3.33333,-0.0984169,0,0.119492,1
2.13229,21.6451,0.973628,0.5,2,2.00416,1.13674,23.3845,2.3786,21.2148,-3.07251,19.8439,1.13674,23.3845,1.44888,23.6544,0.00416207,1,-3.33333,-0.289343,0,0.099999,1
2.20114,21.717,0.640295,0.5,2,1.98515,1.12909,23.3878,2.47918,21.2837,-3.07251,19.8439,1.12909,23.3878,1.43626,23.6404,-0.0148537,1,-3.33333,-0.15757,0,0.120681,1
2.28972,21.7624,0.306961,0.5,2,2.00062,1.15405,23.4094,2.5732,21.3513,-3.07251,19.8439,1.15405,23.4094,0.810804,23.2628,0.000617743,1,3.33333,0.133071,0,0.116265,1
2.38079,21.8027,0.580295,0.5,2,2.03432,0.772312,23.0482,2.74899,21.5176,-3.07251,19.8439,0.772312,23.0482,0.501571,22.7915,0.0343237,1,3.33333,0.335781,0,0.100381,1
2.45383,21.8703,0.913628,0.5,2,2.05913,0.845768,23.1564,2.79812,21.5949,-3.07251,19.8439,0.845768,23.1564,0.583993,22.892,0.0591314,1,3.33333,0.20844,0,0.119016,1
2.50072,21.9581,1.24696,0.5,2,2.04922,0.898194,23.2353,2.85323,21.6772,-3.07251,19.8439,0.898194,23.2353,0.62205,22.9805,0.0492234,1,3.33333,-0.0846586,0,0.117034,1
2.5163,22.0564,1.58029,0.5,2,2.00849,0.943477,23.3055,2.90119,21.7507,-3.07251,19.8439,0.943477,23.3055,0.661316,23.0617,0.00848937,1,-3.33333,-0.40423,0,0.100769,1
2.52622,22.1555,1.30696,0.5,2,1.95343,1.38125,23.7382,2.84659,21.7127,-3.07251,19.8439,1.38125,23.7382,1.65869,24.0259,-0.0465729,1,-3.33333,-0.453308,0,0.121468,1
2.56776,22.246,0.973628,0.5,2,1.90872,1.37215,23.7338,2.93814,21.785,-3.07251,19.8439,1.37215,23.7338,1.05358,23.5722,-0.0912833,1,-3.33333,-0.377607,0,0.118405,1
2.63661,22.3178,0.640295,0.5,2,1.90345,1.34611,23.717,3.04106,21.8793,-3.07251,19.8439,1.34611,23.717,1.59629,24.0032,-0.0965511,1,-3.33333,-0.0530968,0,0.0992101,1
2.72519,22.3632,0.306961,0.5,2,1.93369,1.34392,23.7165,3.12972,21.9669,-3.07251,19.8439,1.34392,23.7165,1.57403,24.0327,-0.0663086,1,3.33333,0.254119,0,0.119009,1
2.81723,22.4013,0.553628,0.5,2,1.98199,1.05568,23.3098,3.27763,22.1639,-3.07251,19.8439,1.05568,23.3098,0.834257,23.0182,-0.0180143,1,3.33333,0.41016,0,0.117745,1
2.89204,22.467,0.886961,0.5,2,2.02242,1.1263,23.4531,3.30901,22.2341,-3.07251,19.8439,1.1263,23.4531,0.919794,23.1531,0.0224197,1,3.33333,0.409429,0,0.0987571,1
2.94125,22.5535,1.22029,0.5,2,2.02837,1.15168,23.5084,3.35736,22.3315,-3.07251,19.8439,1.15168,23.5084,0.915928,23.2148,0.0283697,1,3.33333,0.0506417,0,0.117492,1
2.95945,22.6514,1.55363,0.5,2,2.00242,1.19115,23.591,3.39885,22.4179,-3.07251,19.8439,1.19115,23.591,0.954468,23.3022,0.00241899,1,-3.33333,-0.257353,0,0.100837,1
2.97201,22.7502,1.28029,0.5,2,1.96079,1.55312,24.1035,3.3622,22.378,-3.07251,19.8439,1.55312,24.1035,1.78003,24.4302,-0.03921,1,-3.33333,-0.359373,0,0.115838,1
3.01595,22.8395,0.946961,0.5,2,1.92968,1.55394,24.0989,3.44805,22.4672,-3.07251,19.8439,1.55394,24.0989,1.75718,24.4358,-0.0703208,1,-3.33333,-0.259736,0,0.119779,1
3.08669,22.9095,0.613628,0.5,2,1.94065,1.5336,24.0731,3.53434,22.5741,-3.07251,19.8439,1.5336,24.0731,1.72197,24.4168,-0.059351,1,-3.33333,0.11253,0,0.0974842,1
3.17645,22.9525,0.280295,0.5,2,1.98602,1.52882,24.0614,3.60286,22.6656,-3.07251,19.8439,1.52882,24.0614,1.69958,24.4263,-0.0139831,1,3.33333,0.376485,0,0.120504,1
3.26856,22.9904,0.553628,0.5,2,2.04733,1.31363,23.5985,3.7008,22.8559,-3.07251,19.8439,1.31363,23.5985,1.14557,23.2615,0.0473347,1,3.33333,0.523538,0,0.117122,1
3.34338,23.056,0.886961,0.5,2,2.09977,1.34844,23.7112,3.72363,22.9311,-3.07251,19.8439,1.34844,23.7112,1.17839,23.3673,0.0997689,1,3.33333,0.529268,0,0.0990693,1
3.39259,23.1425,1.22029,0.5,2,2.11837,1.39063,23.8351,3.75325,23.0178,-3.07251,19.8439,1.39063,23.8351,1.21724,23.4903,0.11837,1,3.33333,0.159452,0,0.116657,1
3.41079,23.2404,1.55363,0.5,2,2.1031,1.42207,23.9245,3.7861,23.1113,-3.07251,19.8439,1.42207,23.9245,1.24775,23.5824,0.103098,1,3.33333,-0.129896,0,0.117568,1
3.39596,23.3388,1.88696,0.5,2,2.05861,1.44817,24.0051,3.81359,23.1959,-3.07251,19.8439,1.44817,24.0051,1.25905,23.6729,0.0586061,1,-3.33333,-0.447443,0,0.0994367,1
3.37611,23.4364,1.60696,0.5,2,2.00076,1.716,24.5531,3.79035,23.1577,-3.07251,19.8439,1.716,24.5531,1.87911,24.9296,0.00075841,1,-3.33333,-0.46379,0,0.124728,1
3.38906,23.5351,1.27363,0.5,2,1.95139,1.71686,24.5409,3.85918,23.2523,-3.07251,19.8439,1.71686,24.5409,1.86833,24.9056,-0.0486054,1,-3.33333,-0.417112,0,0.118347,1
3.43359,23.6241,0.940295,0.5,2,1.93993,1.70703,24.5086,3.93206,23.3687,-3.07251,19.8439,1.70703,24.5086,1.83695,24.8772,-0.0600716,1,-3.33333,-0.113854,0,0.100709,1
3.5048,23.6936,0.606961,0.5,2,1.96715,1.71086,24.5008,3.99073,23.475,-3.07251,19.8439,1.71086,24.5008,1.82195,24.8818,-0.0328493,1,3.33333,0.23049,0,0.118106,1
3.5803,23.7586,0.873628,0.5,2,2.01263,1.57849,23.967,4.06505,23.7081,-3.07251,19.8439,1.57849,23.967,1.484,23.61,0.0126326,1,3.33333,0.460349,0,0.0987987,1
3.63067,23.8444,1.20696,0.5,2,2.04783,1.59743,24.0886,4.07961,23.7905,-3.07251,19.8439,1.59743,24.0886,1.51091,23.7276,0.0478349,1,3.33333,0.296229,0,0.118834,1
3.65016,23.942,1.54029,0.5,2,2.05064,1.61825,24.2185,4.09543,23.8815,-3.07251,19.8439,1.61825,24.2185,1.52818,23.8586,0.0506365,1,3.33333,0.0232924,0,0.120282,1
3.63665,24.0407,1.87363,0.5,2,2.0237,1.62656,24.275,4.10975,23.9855,-3.07251,19.8439,1.62656,24.275,1.52677,23.9171,0.023701,1,-3.33333,-0.2767,0,0.0973459,1
3.61633,24.1382,1.61363,0.5,2,1.98111,1.78664,24.8978,4.09557,23.9392,-3.07251,19.8439,1.78664,24.8978,1.5965,24.5876,-0.0188911,1,-3.33333,-0.367591,0,0.115868,1
3.62863,24.2369,1.28029,0.5,2,1.94787,1.77239,24.8274,4.15478,24.0696,-3.07251,19.8439,1.77239,24.8274,1.84372,25.2119,-0.052126,1,-3.33333,-0.277047,0,0.119961,1
3.67256,24.3262,0.946961,0.5,2,1.95299,1.77549,24.7902,4.20391,24.1963,-3.07251,19.8439,1.77549,24.7902,1.83078,25.1751,-0.0470109,1,-3.33333,0.0509743,0,0.100348,1
3.74331,24.3963,0.613628,0.5,2,1.99551,1.79026,24.8058,4.23706,24.2927,-3.07251,19.8439,1.79026,24.8058,1.81037,25.2105,-0.0044899,1,3.33333,0.365658,0,0.116286,1
3.81797,24.4622,0.886961,0.5,2,2.05337,1.78369,24.1828,4.26045,24.5229,-3.07251,19.8439,1.78369,24.1828,1.65477,24.5824,0.0533695,1,3.33333,0.575343,0,0.100565,1
3.86718,24.5487,1.22029,0.5,2,2.10201,1.77637,24.332,4.26305,24.5897,-3.07251,19.8439,1.77637,24.332,1.75581,23.9465,0.102011,1,3.33333,0.413832,0,0.11754,1
3.88538,24.6465,1.55363,0.5,2,2.11958,1.77392,24.4612,4.26435,24.6798,-3.07251,19.8439,1.77392,24.4612,1.74707,24.0729,0.119577,1,3.33333,0.146487,0,0.119915,1
3.87055,24.745,1.88696,0.5,2,2.10937,1.76958,24.5569,4.25963,24.7798,-3.07251,19.8439,1.76958,24.5569,1.7397,24.1694,0.109371,1,3.33333,-0.102777,0,0.0993019,1
3.82434,24.8331,2.22029,0.5,2,2.06613,1.76676,24.6454,4.25642,24.8725,-3.07251,19.8439,1.76676,24.6454,1.7368,24.2654,0.0661256,1,-3.33333,-0.329397,0,0.131288,1
3.76695,24.9146,2.03363,0.5,2,2.00487,1.80946,25.348,4.25037,24.8076,-3.07251,19.8439,1.80946,25.348,1.66617,25.0057,0.00487494,1,-3.33333,-0.588795,0,0.104027,1
3.7379,25.0098,1.70029,0.5,2,1.94603,1.81901,25.3337,4.28414,24.9177,-3.07251,19.8439,1.81901,25.3337,1.68526,24.9948,-0.0539707,1,-3.33333,-0.571859,0,0.102902,1
3.7416,25.1093,1.36696,0.5,2,1.92072,1.83031,25.2994,4.31804,25.052,-3.07251,19.8439,1.83031,25.2994,1.82325,25.6841,-0.0792822,1,-3.33333,-0.216096,0,0.11713,1
3.77764,25.2021,1.03363,0.5,2,1.93372,1.84619,25.2958,4.34325,25.1747,-3.07251,19.8439,1.84619,25.2958,1.80337,25.6862,-0.0662822,1,-3.33333,0.112461,0,0.115596,1
3.84205,25.278,0.700295,0.5,2,1.97954,1.86274,25.3083,4.36245,25.27,-3.07251,19.8439,1.86274,25.3083,1.7992,24.9499,-0.0204571,1,3.33333,0.45985,0,0.0996521,1
3.91073,25.3501,0.973628,0.5,2,2.03942,1.96877,24.7272,4.3493,25.4908,-3.07251,19.8439,1.96877,24.7272,2.04466,24.3669,0.0394242,1,3.33333,0.512393,0,0.116866,1
3.95227,25.4405,1.30696,0.5,2,2.09204,1.96131,24.7981,4.34052,25.5658,-3.07251,19.8439,1.96131,24.7981,2.03293,24.425,0.0920448,1,3.33333,0.528248,0,0.0996136,1
3.96193,25.5396,1.64029,0.5,2,2.11934,1.94611,24.8853,4.324,25.6571,-3.07251,19.8439,1.94611,24.8853,2.00739,24.5012,0.119337,1,3.33333,0.223621,0,0.122045,1
3.93864,25.6364,1.97363,0.5,2,2.11977,1.92355,24.9785,4.3001,25.7544,-3.07251,19.8439,1.92355,24.9785,1.97597,24.5893,0.119765,1,3.33333,0.00357641,0,0.119862,1
3.88497,25.7202,2.30696,0.5,2,2.08866,1.90056,25.0686,4.27578,25.8485,-3.07251,19.8439,1.90056,25.0686,1.95182,24.6846,0.0886621,1,-3.33333,-0.317645,0,0.097918,1
3.82756,25.8016,2.02029,0.5,2,2.03865,1.78909,25.7747,4.28887,25.8076,-3.07251,19.8439,1.78909,25.7747,1.70554,26.1851,0.0386512,1,-3.33333,-0.430508,0,0.116167,1
3.79979,25.8971,1.68696,0.5,2,1.99937,1.80701,25.7349,4.29876,25.9378,-3.07251,19.8439,1.80701,25.7349,1.73432,26.1268,-0.000626922,1,-3.33333,-0.326086,0,0.120454,1
3.80481,25.9965,1.35363,0.5,2,1.99429,1.82357,25.7688,4.30721,26.0543,-3.07251,19.8439,1.82357,25.7688,1.79819,25.4,-0.00571156,1,-3.33333,-0.0513268,0,0.099064,1
3.84209,26.0888,1.02029,0.5,2,2.02351,1.84059,25.7912,4.3134,26.1589,-3.07251,19.8439,1.84059,25.7912,1.8567,25.4261,0.0235069,1,3.33333,0.206252,0,0.141664,1
3.89497,26.1735,1.14696,0.5,2,2.07755,2.07292,25.1753,4.26546,26.3764,-3.07251,19.8439,2.07292,25.1753,2.21717,24.8285,0.0775537,1,3.33333,0.562282,0,0.0961205,1
3.92028,26.2697,1.48029,0.5,2,2.13214,2.14881,25.0832,4.22591,26.4745,-3.07251,19.8439,2.14881,25.0832,2.31631,24.7308,0.132142,1,3.33333,0.552515,0,0.0987998,1
3.91271,26.369,1.81363,0.5,2,2.16938,2.11238,25.1586,4.18709,26.5535,-3.07251,19.8439,2.11238,25.1586,2.26105,24.7788,0.169375,1,3.33333,0.27537,0,0.135211,1
3.87308,26.4603,2.14696,0.5,2,2.17678,2.06869,25.2427,4.141,26.6411,-3.07251,19.8439,2.06869,25.2427,2.21244,24.856,0.176785,1,3.33333,0.0904982,0,0.0818754,1
3.80575,26.5336,2.48029,0.5,2,2.15063,2.02512,25.3276,4.09502,26.7295,-3.07251,19.8439,2.02512,25.3276,2.17223,24.95,0.150626,1,3.33333,-0.223848,0,0.116858,1
